inspection_id,mean_ndvi
60823,0.21309246122837067
60824,0.3108908534049988
60825,0.44207513332366943
60826,0.4198114275932312
60827,0.4833388328552246
60828,0.4280354380607605
60829,0.4223470985889435
60830,0.3931674361228943
60831,0.41800543665885925
60832,0.46858668327331543
60833,0.46433931589126587
60834,0.4235559403896332
60835,0.43329864740371704
60836,0.4663027226924896
60837,0.4678556025028229
60838,0.45036962628364563
60839,0.45403629541397095
60840,0.42284977436065674
60841,0.4597582519054413
60842,0.5084081292152405
60843,0.46737200021743774
60844,0.035113293677568436
60845,0.32633134722709656
60846,0.04125480726361275
60847,0.4067727029323578
60848,0.14729376137256622
60849,0.03676851466298103
60850,0.3323296010494232
60851,0.4018770456314087
60852,0.4356917440891266
60853,0.37353819608688354
60854,0.36873024702072144
60855,0.3945176303386688
60856,0.38149601221084595
60857,0.3915230333805084
60858,0.31047162413597107
60859,0.1279665231704712
60860,0.45799872279167175
60861,0.45282524824142456
60862,0.31572577357292175
60863,0.2184143215417862
60864,0.42591458559036255
60865,0.292592853307724
60866,0.3138006925582886
60867,0.3305599093437195
60868,0.3141818046569824
60869,0.38007742166519165
60870,0.3508705496788025
60871,0.29248473048210144
60872,0.3105384111404419
60873,0.3565952777862549
60874,0.31166473031044006
60875,0.19258593022823334
60876,0.17212960124015808
60877,0.15995921194553375
60878,0.21666619181632996
60879,0.22887812554836273
60880,0.25619029998779297
60881,0.29173004627227783
60882,0.16394445300102234
60883,0.30772310495376587
60884,0.3246119022369385
60885,0.29734867811203003
60886,0.31701555848121643
60887,0.28867825865745544
60888,0.3144064247608185
60889,0.3074128031730652
60890,0.24366605281829834
60891,0.20696108043193817
60892,0.14870893955230713
60893,0.3386188745498657
60894,0.33669888973236084
60895,0.36646997928619385
60896,0.3289344012737274
60897,0.33678945899009705
60898,0.33936816453933716
60899,0.31305089592933655
60900,0.31949344277381897
60901,0.30680879950523376
60902,0.3023989200592041
60903,0.24338273704051971
60904,0.3253883421421051
60905,0.22285884618759155
60906,0.28150928020477295
60907,0.28754958510398865
60908,0.2473352700471878
60909,0.2764919102191925
60910,0.2653622329235077
60911,0.30348584055900574
60912,0.30044272541999817
60913,0.3051227629184723
60914,0.319234162569046
60915,0.3139892816543579
60916,0.24222493171691895
60917,0.2694542407989502
60918,0.25094130635261536
60919,0.26348841190338135
60920,0.34257790446281433
60921,0.3402872383594513
60922,0.3905547261238098
60923,0.30902746319770813
60924,0.3370513916015625
60925,0.24284042418003082
60926,0.25604110956192017
60927,0.2720586359500885
60928,0.23488062620162964
60929,0.271923691034317
60930,0.3067914843559265
60931,0.2543350160121918
60932,0.304310142993927
60933,0.31146860122680664
60934,0.35696089267730713
60935,0.41759902238845825
60936,0.5104250311851501
60937,0.3579528033733368
60938,0.2880980968475342
60939,0.33602750301361084
60940,0.27602705359458923
60941,0.2752208709716797
60942,0.2687790095806122
60943,0.19917427003383636
60944,0.2653190791606903
60945,0.2568414807319641
60946,0.2795383632183075
60947,0.27887043356895447
60948,0.3027315139770508
60949,0.19889158010482788
60950,0.2430286854505539
60951,0.274061918258667
60952,0.2241172194480896
60953,0.2488722801208496
60954,0.28250259160995483
60955,0.17122623324394226
60956,0.16907796263694763
60957,0.3392467498779297
60958,0.28408142924308777
60959,0.1964503824710846
60960,0.25558820366859436
60961,0.30848830938339233
60962,0.302314817905426
60963,0.23590165376663208
60964,0.4340662360191345
60965,0.3372231423854828
60966,0.14721235632896423
60967,0.39866870641708374
60968,0.24855120480060577
60969,0.1427163928747177
60970,0.2555059790611267
60971,0.2846274971961975
60972,0.34444451332092285
60973,0.3213886618614197
60974,0.23921941220760345
60975,0.25367146730422974
60976,0.3361007869243622
60977,0.27893784642219543
60978,0.2683334946632385
60979,0.20491836965084076
60980,0.2527671754360199
60981,0.26035061478614807
60982,0.30999478697776794
60983,0.28302159905433655
60984,0.3036689758300781
60985,0.2962712049484253
60986,0.26511892676353455
60987,0.2681289315223694
60988,0.2991171181201935
60989,0.3480583727359772
60990,0.3522476553916931
60991,0.3346647322177887
60992,0.275108277797699
60993,0.2326977401971817
60994,0.2208465188741684
60995,0.3023252487182617
60996,0.2714526653289795
60997,0.2885565757751465
60998,0.3309920132160187
60999,0.30900901556015015
61000,0.288970023393631
61001,0.2544911801815033
61002,0.2421092391014099
61003,0.2702474892139435
61004,0.24730859696865082
61005,0.2517145872116089
61006,0.16591231524944305
61007,0.148991197347641
61008,0.21514292061328888
61009,0.20976954698562622
61010,0.4050857722759247
61011,0.24853001534938812
61012,0.2399618923664093
61013,0.27262261509895325
61014,0.26642468571662903
61015,0.29854491353034973
61016,0.27827179431915283
61017,0.25002938508987427
61018,0.24761824309825897
61019,0.2558728754520416
61020,0.22563210129737854
61021,0.2613142728805542
61022,0.24707399308681488
61023,0.28427281975746155
61024,0.25039657950401306
61025,0.24437658488750458
61026,0.24483545124530792
61027,0.23667506873607635
61028,0.24269303679466248
61029,0.2706046998500824
61030,0.2706046998500824
61031,0.19739645719528198
61032,0.284808874130249
61033,0.15942658483982086
61034,0.18885792791843414
61035,0.12441789358854294
61036,0.11594505608081818
61037,0.11573753505945206
61038,0.12745997309684753
61039,0.13199745118618011
61040,0.13534530997276306
61041,0.13725261390209198
61042,0.1338609904050827
61043,0.21471965312957764
61044,0.14728641510009766
61045,0.10722140967845917
61046,0.11811130493879318
61047,0.13948628306388855
61048,0.1665726751089096
61049,0.16000881791114807
61050,0.15424470603466034
61051,0.14843851327896118
61052,0.16350476443767548
61053,0.16849440336227417
61054,0.15170396864414215
61055,0.1268412321805954
61056,0.11586907505989075
61057,0.13080523908138275
61058,0.13782301545143127
61059,0.12801328301429749
61060,0.12493947148323059
61061,0.12208764255046844
61062,0.12101827561855316
61063,0.13114815950393677
61064,0.14334683120250702
61065,0.14331042766571045
61066,0.12879139184951782
61067,0.1332540661096573
61068,0.16838803887367249
61069,0.1454949527978897
61070,0.1824841946363449
61071,0.19420941174030304
61072,0.18626707792282104
61073,0.14951851963996887
61074,0.14479337632656097
61075,0.15515713393688202
61076,0.15785950422286987
61077,0.14304055273532867
61078,0.16182629764080048
61079,0.15269015729427338
61080,0.1303846389055252
61081,0.1048695296049118
61082,0.09373480081558228
61083,0.1292705535888672
61084,0.12855744361877441
61085,0.13746482133865356
61086,0.1397106796503067
61087,0.1429564207792282
61088,0.14131468534469604
61089,0.1365835815668106
61090,0.1258755475282669
61091,0.14603427052497864
61092,0.14397883415222168
61093,0.14108853042125702
61094,0.13735999166965485
61095,0.13888512551784515
61096,0.13496533036231995
61097,0.13419359922409058
61098,0.13894492387771606
61099,0.14198510348796844
61100,0.15181836485862732
61101,0.16773207485675812
61102,0.1257038116455078
61103,0.14422360062599182
61104,0.14196431636810303
61105,0.12210690975189209
61106,0.1218923032283783
61107,0.10827570408582687
61108,0.09350909292697906
61109,0.10979706048965454
61110,0.12254954129457474
61111,0.13857285678386688
61112,0.14515212178230286
61113,0.160386323928833
61114,0.16870367527008057
61115,0.16769389808177948
61116,0.17311795055866241
61117,0.21003805100917816
61118,0.22981859743595123
61119,0.21599851548671722
61120,0.23500697314739227
61121,0.2382679134607315
61122,0.23052483797073364
61123,0.2527026832103729
61124,0.23077751696109772
61125,0.23804081976413727
61126,0.2435009628534317
61127,0.2136104702949524
61128,0.18685048818588257
61129,0.1741170734167099
61130,0.18174222111701965
61131,0.21664507687091827
61132,0.18990527093410492
61133,0.1983572393655777
61134,0.1640745848417282
61135,0.19713255763053894
61136,0.20334261655807495
61137,0.19604769349098206
61138,0.17652781307697296
61139,0.2270405888557434
61140,0.22297070920467377
61141,0.21907995641231537
61142,0.2285967767238617
61143,0.2511158883571625
61144,0.2666008174419403
61145,0.30303245782852173
61146,0.260635644197464
61147,0.27191805839538574
61148,0.2609083354473114
61149,0.2573433816432953
61150,0.2189525067806244
61151,0.20616479218006134
61152,0.22670699656009674
61153,0.25824692845344543
61154,0.22788545489311218
61155,0.14544765651226044
61156,0.15809893608093262
61157,0.13514985144138336
61158,0.1240459531545639
61159,0.11364597827196121
61160,0.1160876676440239
61161,0.12831473350524902
61162,0.13546782732009888
61163,0.1514824777841568
61164,0.14962482452392578
61165,0.1277327686548233
61166,0.1365402638912201
61167,0.16826850175857544
61168,0.1646871715784073
61169,0.1523086130619049
61170,0.13055314123630524
61171,0.12048053741455078
61172,0.1327027827501297
61173,0.1584397256374359
61174,0.19572609663009644
61175,0.237614244222641
61176,0.21698865294456482
61177,0.1475415676832199
61178,0.156682550907135
61179,0.15392474830150604
61180,0.1328996866941452
61181,0.15390734374523163
61182,0.1525259017944336
61183,0.1379455178976059
61184,0.19088655710220337
61185,0.22284364700317383
61186,0.23876982927322388
61187,0.21165171265602112
61188,0.19374778866767883
61189,0.203091561794281
61190,0.22060513496398926
61191,0.21693265438079834
61192,0.14113253355026245
61193,0.14195236563682556
61194,0.16045553982257843
61195,0.16691313683986664
61196,0.16694098711013794
61197,0.17000435292720795
61198,0.1478283554315567
61199,0.1398182213306427
61200,0.13449937105178833
61201,0.11414797604084015
61202,0.10525791347026825
61203,0.11680105328559875
61204,0.19524765014648438
61205,0.1884559839963913
61206,0.18264953792095184
61207,0.19939307868480682
61208,0.19649283587932587
61209,0.184336856007576
61210,0.16626720130443573
61211,0.16051654517650604
61212,0.15403084456920624
61213,0.12789085507392883
61214,0.13204270601272583
61215,0.13058790564537048
61216,0.1353587806224823
61217,0.1280394196510315
61218,0.12442725151777267
61219,0.1240009292960167
61220,0.13768258690834045
61221,0.14778384566307068
61222,0.13314932584762573
61223,0.10974277555942535
61224,0.12989750504493713
61225,0.14468246698379517
61226,0.14328764379024506
61227,0.15090630948543549
61228,0.15986348688602448
61229,0.14649111032485962
61230,0.1363002061843872
61231,0.14613738656044006
61232,0.16417528688907623
61233,0.16792075335979462
61234,0.16975678503513336
61235,0.146732360124588
61236,0.17228004336357117
61237,0.18005689978599548
61238,0.1686401069164276
61239,0.1681235134601593
61240,0.16415813565254211
61241,0.17471665143966675
61242,0.152268186211586
61243,0.16144374012947083
61244,0.17254485189914703
61245,0.1567845195531845
61246,0.13826824724674225
61247,0.13307349383831024
61248,0.13419164717197418
61249,0.14137765765190125
61250,0.11562547087669373
61251,0.11120832711458206
61252,0.11013266444206238
61253,0.11974572390317917
61254,0.12753604352474213
61255,0.1236361488699913
61256,0.1415311098098755
61257,0.12691719830036163
61258,0.11093118786811829
61259,0.08928998559713364
61260,0.08232872188091278
61261,0.07887519150972366
61262,0.094310462474823
61263,0.11432550847530365
61264,0.11237908154726028
61265,0.1299283355474472
61266,0.13218307495117188
61267,0.11000192910432816
61268,0.11246934533119202
61269,0.11133574694395065
61270,0.1149730235338211
61271,0.11415044218301773
61272,0.1393977403640747
61273,0.16303999722003937
61274,0.16219794750213623
61275,0.15386013686656952
61276,0.13224172592163086
61277,0.1322372406721115
61278,0.12862826883792877
61279,0.13872215151786804
61280,0.13556882739067078
61281,0.1373412311077118
61282,0.1320839524269104
61283,0.11182014644145966
61284,0.11157611012458801
61285,0.12765055894851685
61286,0.13374106585979462
61287,0.15891800820827484
61288,0.1561342030763626
61289,0.11379119008779526
61290,0.10577517747879028
61291,0.11378490179777145
61292,0.114274762570858
61293,0.12852926552295685
61294,0.1613326370716095
61295,0.1676238775253296
61296,0.138706237077713
61297,0.12547102570533752
61298,0.10203125327825546
61299,0.10950888693332672
61300,0.11911097168922424
61301,0.11587556451559067
61302,0.14798413217067719
61303,0.16692271828651428
61304,0.16748642921447754
61305,0.175999253988266
61306,0.16938477754592896
61307,0.15293900668621063
61308,0.12933237850666046
61309,0.11541096866130829
61310,0.11062902957201004
61311,0.11858022958040237
61312,0.1331799477338791
61313,0.15230272710323334
61314,0.15324315428733826
61315,0.1461333930492401
61316,0.1587066352367401
61317,0.15806786715984344
61318,0.16581180691719055
61319,0.15836746990680695
61320,0.1486099362373352
61321,0.16272637248039246
61322,0.13549380004405975
61323,0.13165780901908875
61324,0.17002718150615692
61325,0.14209045469760895
61326,0.14810015261173248
61327,0.1483776569366455
61328,0.15212392807006836
61329,0.17424054443836212
61330,0.15827888250350952
61331,0.16174012422561646
61332,0.14473284780979156
61333,0.1296873241662979
61334,0.1118222177028656
61335,0.11471843719482422
61336,0.2020086795091629
61337,0.13704825937747955
61338,0.08103655278682709
61339,0.09653475135564804
61340,0.11413465440273285
61341,0.12500439584255219
61342,0.12789003551006317
61343,0.13342390954494476
61344,0.14797468483448029
61345,0.1449960172176361
61346,0.1704138070344925
61347,0.1701739877462387
61348,0.17562557756900787
61349,0.18567167222499847
61350,0.1746050864458084
61351,0.19274327158927917
61352,0.18636125326156616
61353,0.157820925116539
61354,0.16408571600914001
61355,0.17041346430778503
61356,0.16628316044807434
61357,0.1437421590089798
61358,0.13253557682037354
61359,0.13044632971286774
61360,0.12511608004570007
61361,0.14264367520809174
61362,0.15786795318126678
61363,0.14250214397907257
61364,0.13805857300758362
61365,0.1303039938211441
61366,0.13331790268421173
61367,0.1247711032629013
61368,0.1253734529018402
61369,0.120335154235363
61370,0.11150765419006348
61371,0.10619062930345535
61372,0.11066481471061707
61373,0.1132429763674736
61374,0.13448505103588104
61375,0.14256735146045685
61376,0.144003227353096
61377,0.13702823221683502
61378,0.1321854442358017
61379,0.266286700963974
61380,0.2591080665588379
61381,0.2584036588668823
61382,0.25706037878990173
61383,0.2528734505176544
61384,0.23788230121135712
61385,0.17682968080043793
61386,0.23175348341464996
61387,0.27248620986938477
61388,0.13832132518291473
61389,0.11227743327617645
61390,0.11795013397932053
61391,0.13317003846168518
61392,0.1266113817691803
61393,0.1380510777235031
61394,0.13463272154331207
61395,0.10773065686225891
61396,0.1034240797162056
61397,0.10154110193252563
61398,0.07191575318574905
61399,0.19889159500598907
61400,0.23803189396858215
61401,0.22143854200839996
61402,0.1539100706577301
61403,0.13397255539894104
61404,0.12670104205608368
61405,0.11846645176410675
61406,0.11985713243484497
61407,0.1399489790201187
61408,0.12795138359069824
61409,0.1377851814031601
61410,0.16456615924835205
61411,0.23231616616249084
61412,0.29382503032684326
61413,0.25676220655441284
61414,0.22365912795066833
61415,0.20406144857406616
61416,0.18956710398197174
61417,0.1758747100830078
61418,0.21209532022476196
61419,0.2448674887418747
61420,0.24092751741409302
61421,0.3026858866214752
61422,0.26764869689941406
61423,0.25444597005844116
61424,0.21593792736530304
61425,0.1946999579668045
61426,0.17386020720005035
61427,0.2126806378364563
61428,0.21511369943618774
61429,0.20884069800376892
61430,0.18061931431293488
61431,0.1680840700864792
61432,0.12407795339822769
61433,0.120579294860363
61434,0.12944629788398743
61435,0.13402482867240906
61436,0.13332107663154602
61437,0.13903558254241943
61438,0.1464918702840805
61439,0.14605630934238434
61440,0.14168667793273926
61441,0.12832830846309662
61442,0.1344831883907318
61443,0.14051024615764618
61444,0.14208893477916718
61445,0.14451608061790466
61446,0.13800516724586487
61447,0.1403874158859253
61448,0.15792043507099152
61449,0.1665477305650711
61450,0.16612066328525543
61451,0.1924528181552887
61452,0.17988869547843933
61453,0.18773294985294342
61454,0.21195387840270996
61455,0.2226036638021469
61456,0.19912108778953552
61457,0.19803574681282043
61458,0.2210005819797516
61459,0.24027913808822632
61460,0.2144700139760971
61461,0.14891071617603302
61462,0.15461060404777527
61463,0.15746180713176727
61464,0.1616671085357666
61465,0.14098411798477173
61466,0.15471485257148743
61467,0.14723390340805054
61468,0.1302066296339035
61469,0.1346638798713684
61470,0.12828116118907928
61471,0.13357478380203247
61472,0.12780511379241943
61473,0.12107840180397034
61474,0.12387210875749588
61475,0.12588495016098022
61476,0.13004985451698303
61477,0.11964620649814606
61478,0.11689961701631546
61479,0.11309100687503815
61480,0.12462133914232254
61481,0.13020819425582886
61482,0.11501970142126083
61483,0.1189512088894844
61484,0.09722449630498886
61485,0.10816851258277893
61486,0.11318181455135345
61487,0.11250823736190796
61488,0.11305858939886093
61489,0.10776382684707642
61490,0.13252761960029602
61491,0.14812125265598297
61492,0.14961029589176178
61493,0.11885717511177063
61494,0.12372742593288422
61495,0.12614208459854126
61496,0.12570889294147491
61497,0.2331123948097229
61498,0.19316335022449493
61499,0.18768829107284546
61500,0.23317073285579681
61501,0.23111987113952637
61502,0.18528372049331665
61503,0.20750176906585693
61504,0.21161679923534393
61505,0.19939692318439484
61506,0.1859683394432068
61507,0.16638776659965515
61508,0.15114977955818176
61509,0.11611364781856537
61510,0.10218285024166107
61511,0.08834772557020187
61512,0.08989137411117554
61513,0.22309798002243042
61514,0.2223883867263794
61515,0.20590554177761078
61516,0.19168846309185028
61517,0.18278804421424866
61518,0.14301475882530212
61519,0.15959295630455017
61520,0.21590518951416016
61521,0.21310830116271973
61522,0.22081077098846436
61523,0.23332761228084564
61524,0.2413114607334137
61525,0.19742123782634735
61526,0.16932232677936554
61527,0.2029813975095749
61528,0.2040926218032837
61529,0.20308297872543335
61530,0.20852701365947723
61531,0.19258466362953186
61532,0.1788616180419922
61533,0.1433073729276657
61534,0.14738695323467255
61535,0.14207665622234344
61536,0.181065171957016
61537,0.20653529465198517
61538,0.1944071352481842
61539,0.2084430754184723
61540,0.21284939348697662
61541,0.2089860737323761
61542,0.20906899869441986
61543,0.20303303003311157
61544,0.2286178171634674
61545,0.17571446299552917
61546,0.18510085344314575
61547,0.19749706983566284
61548,0.20672474801540375
61549,0.19762882590293884
61550,0.19135671854019165
61551,0.19733880460262299
61552,0.2104744017124176
61553,0.24522919952869415
61554,0.24594710767269135
61555,0.21427205204963684
61556,0.18577758967876434
61557,0.22025474905967712
61558,0.2188059538602829
61559,0.1962294578552246
61560,0.18022096157073975
61561,0.16916027665138245
61562,0.17668034136295319
61563,0.15911422669887543
61564,0.19247406721115112
61565,0.1779470145702362
61566,0.17712709307670593
61567,0.19249467551708221
61568,0.19401998817920685
61569,0.1707761138677597
61570,0.18143056333065033
61571,0.16601824760437012
61572,0.1523868441581726
61573,0.18982824683189392
61574,0.19079996645450592
61575,0.18545717000961304
61576,0.17108972370624542
61577,0.1677674651145935
61578,0.16723433136940002
61579,0.16535823047161102
61580,0.1699085831642151
61581,0.15621286630630493
61582,0.16591598093509674
61583,0.24073214828968048
61584,0.19008001685142517
61585,0.20498137176036835
61586,0.16776204109191895
61587,0.15486912429332733
61588,0.14453870058059692
61589,0.1491786539554596
61590,0.1556193232536316
61591,0.24336682260036469
61592,0.2154640406370163
61593,0.2137400358915329
61594,0.21555984020233154
61595,0.22378818690776825
61596,0.20228777825832367
61597,0.19125784933567047
61598,0.19958676397800446
61599,0.22566711902618408
61600,0.20188337564468384
61601,0.19980508089065552
61602,0.2023136019706726
61603,0.19178740680217743
61604,0.23911280930042267
61605,0.19250734150409698
61606,0.18284086883068085
61607,0.1986682265996933
61608,0.2121853232383728
61609,0.2188841700553894
61610,0.2112787514925003
61611,0.21633315086364746
61612,0.22081434726715088
61613,0.21896032989025116
61614,0.21506039798259735
61615,0.21951450407505035
61616,0.2122519165277481
61617,0.20320099592208862
61618,0.1833590865135193
61619,0.17227046191692352
61620,0.16394031047821045
61621,0.15969882905483246
61622,0.18890799582004547
61623,0.21324290335178375
61624,0.1948731243610382
61625,0.18950243294239044
61626,0.22266031801700592
61627,0.21398000419139862
61628,0.20045018196105957
61629,0.22904449701309204
61630,0.20905528962612152
61631,0.19500254094600677
61632,0.16514605283737183
61633,0.15216724574565887
61634,0.1516265571117401
61635,0.15431970357894897
61636,0.17538483440876007
61637,0.18381203711032867
61638,0.18543560802936554
61639,0.19780974090099335
61640,0.2042844146490097
61641,0.21570268273353577
61642,0.20048709213733673
61643,0.2103234976530075
61644,0.25319811701774597
61645,0.2299848347902298
61646,0.21185898780822754
61647,0.1917109191417694
61648,0.19813406467437744
61649,0.20391973853111267
61650,0.1900327503681183
61651,0.18378831446170807
61652,0.21476510167121887
61653,0.23338565230369568
61654,0.23919451236724854
61655,0.2008911669254303
61656,0.1650264710187912
61657,0.1661393940448761
61658,0.1815986931324005
61659,0.19567731022834778
61660,0.1807330846786499
61661,0.17725339531898499
61662,0.1907796412706375
61663,0.22236908972263336
61664,0.23500792682170868
61665,0.16790907084941864
61666,0.17226755619049072
61667,0.1821296066045761
61668,0.22389335930347443
61669,0.22228915989398956
61670,0.20560890436172485
61671,0.20485109090805054
61672,0.20874236524105072
61673,0.21421602368354797
61674,0.22323602437973022
61675,0.2396426498889923
61676,0.2650901675224304
61677,0.16619479656219482
61678,0.1782161295413971
61679,0.19692327082157135
61680,0.20286965370178223
61681,0.2012266218662262
61682,0.20558974146842957
61683,0.21554602682590485
61684,0.22072641551494598
61685,0.20966079831123352
61686,0.20286482572555542
61687,0.20389479398727417
61688,0.1905524879693985
61689,0.17965763807296753
61690,0.16100195050239563
61691,0.287879079580307
61692,0.3282826840877533
61693,0.3409366309642792
61694,0.3579331636428833
61695,0.3933127224445343
61696,0.4201863706111908
61697,0.37043023109436035
61698,0.3613160252571106
61699,0.301775723695755
61700,0.33899661898612976
61701,0.3572792410850525
61702,0.3289889693260193
61703,0.4142034351825714
61704,0.38867825269699097
61705,0.3194381296634674
61706,0.3274613320827484
61707,0.19400572776794434
61708,0.233055979013443
61709,0.23841236531734467
61710,0.18677186965942383
61711,0.18057680130004883
61712,0.2066294252872467
61713,0.29339173436164856
61714,0.3138534426689148
61715,0.267233669757843
61716,0.26604196429252625
61717,0.24344003200531006
61718,0.24518446624279022
61719,0.2173280417919159
61720,0.27418282628059387
61721,0.2611125409603119
61722,0.22695280611515045
61723,0.20862045884132385
61724,0.25487905740737915
61725,0.26440224051475525
61726,0.2535580098628998
61727,0.25362643599510193
61728,0.2527167797088623
61729,0.19831061363220215
61730,0.17054426670074463
61731,0.23095528781414032
61732,0.2831615209579468
61733,0.1894720196723938
61734,0.20430698990821838
61735,0.2571008503437042
61736,0.20598749816417694
61737,0.18374569714069366
61738,0.2709903120994568
61739,0.2031087428331375
61740,0.21537593007087708
61741,0.20786279439926147
61742,0.21429316699504852
61743,0.2377050220966339
61744,0.2127041518688202
61745,0.20640955865383148
61746,0.19785988330841064
61747,0.18093878030776978
61748,0.18216903507709503
61749,0.17687460780143738
61750,0.15347149968147278
61751,0.17897258698940277
61752,0.19961987435817719
61753,0.2073253095149994
61754,0.20522797107696533
61755,0.20032751560211182
61756,0.19367921352386475
61757,0.2061844766139984
61758,0.2238025963306427
61759,0.21842338144779205
61760,0.19288098812103271
61761,0.18004608154296875
61762,0.20497021079063416
61763,0.2740039825439453
61764,0.28318285942077637
61765,0.22179071605205536
61766,0.21183384954929352
61767,0.23101989924907684
61768,0.2149161696434021
61769,0.1966448724269867
61770,0.1793515533208847
61771,0.1879635453224182
61772,0.19996589422225952
61773,0.22706609964370728
61774,0.18101561069488525
61775,0.14709140360355377
61776,0.15022213757038116
61777,0.16930145025253296
61778,0.19275353848934174
61779,0.19893711805343628
61780,0.2034684419631958
61781,0.2185322642326355
61782,0.14163993299007416
61783,0.15078911185264587
61784,0.1667700558900833
61785,0.17660222947597504
61786,0.178963765501976
61787,0.19586974382400513
61788,0.2010056972503662
61789,0.20527224242687225
61790,0.18272992968559265
61791,0.1820431351661682
61792,0.1716431826353073
61793,0.1730336844921112
61794,0.1590479612350464
61795,0.18466053903102875
61796,0.1548631489276886
61797,0.1680186241865158
61798,0.16428707540035248
61799,0.21567516028881073
61800,0.1791863888502121
61801,0.17725738883018494
61802,0.16392280161380768
61803,0.1580437570810318
61804,0.13744720816612244
61805,0.14677134156227112
61806,0.14405640959739685
61807,0.13188274204730988
61808,0.1344667226076126
61809,0.15650315582752228
61810,0.1552722156047821
61811,0.14519010484218597
61812,0.13901689648628235
61813,0.142342671751976
61814,0.31864041090011597
61815,0.34163784980773926
61816,0.2989981770515442
61817,0.27696260809898376
61818,0.24154634773731232
61819,0.22430327534675598
61820,0.23603779077529907
61821,0.29968181252479553
61822,0.3458831012248993
61823,0.3816763162612915
61824,0.2895379960536957
61825,0.36082202196121216
61826,0.35461336374282837
61827,0.3859310746192932
61828,0.4198315143585205
61829,0.3250241279602051
61830,0.2316310852766037
61831,0.2125644087791443
61832,0.26981407403945923
61833,0.307910293340683
61834,0.32638201117515564
61835,0.3591904640197754
61836,0.35767194628715515
61837,0.33178701996803284
61838,0.33679571747779846
61839,0.4114554524421692
61840,0.39775943756103516
61841,0.32521986961364746
61842,0.29103949666023254
61843,0.31200429797172546
61844,0.33460643887519836
61845,0.3184873163700104
61846,0.32787173986434937
61847,0.342157244682312
61848,0.39150533080101013
61849,0.38519248366355896
61850,0.43341177701950073
61851,0.4251187741756439
61852,0.35218173265457153
61853,0.33610066771507263
61854,0.24293704330921173
61855,0.3073800206184387
61856,0.5144410133361816
61857,0.5145795345306396
61858,0.5552219152450562
61859,0.42461761832237244
61860,0.3585030138492584
61861,0.33538466691970825
61862,0.3508143723011017
61863,0.369136244058609
61864,0.3782845139503479
61865,0.24024826288223267
61866,0.20464174449443817
61867,0.5748822689056396
61868,0.5482655763626099
61869,0.48660871386528015
61870,0.4788740277290344
61871,0.5152446031570435
61872,0.37196701765060425
61873,0.31667593121528625
61874,0.3694060146808624
61875,0.36498644948005676
61876,0.3338952362537384
61877,0.29883477091789246
61878,0.2586081624031067
61879,0.2679107189178467
61880,0.25381532311439514
61881,0.29797521233558655
61882,0.26704224944114685
61883,0.2138178050518036
61884,0.24417774379253387
61885,0.25341179966926575
61886,0.21608372032642365
61887,0.23046590387821198
61888,0.26460742950439453
61889,0.22602030634880066
61890,0.2305009961128235
61891,0.276107519865036
61892,0.23288610577583313
61893,0.23384273052215576
61894,0.26947030425071716
61895,0.30294185876846313
61896,0.2770349383354187
61897,0.2858513295650482
61898,0.3193073272705078
61899,0.24514800310134888
61900,0.22604626417160034
61901,0.2387057989835739
61902,0.25175991654396057
61903,0.3849787414073944
61904,0.3347751796245575
61905,0.23897697031497955
61906,0.26983943581581116
61907,0.29799479246139526
61908,0.2615402042865753
61909,0.2871086299419403
61910,0.25492995977401733
61911,0.2661917507648468
61912,0.23641568422317505
61913,0.21103382110595703
61914,0.19310449063777924
61915,0.2204771786928177
61916,0.22294892370700836
61917,0.21184256672859192
61918,0.25994443893432617
61919,0.25972437858581543
61920,0.2148570567369461
61921,0.216019406914711
61922,0.29271623492240906
61923,0.2839299738407135
61924,0.2636249363422394
61925,0.22963939607143402
61926,0.217515766620636
61927,0.2911245822906494
61928,0.30681654810905457
61929,0.2828068435192108
61930,0.23416420817375183
61931,0.22085478901863098
61932,0.2402566820383072
61933,0.16986550390720367
61934,0.2686919867992401
61935,0.204236701130867
61936,0.22964218258857727
61937,0.21726970374584198
61938,0.21236032247543335
61939,0.2653970718383789
61940,0.2773118019104004
61941,0.29180908203125
61942,0.27348801493644714
61943,0.24576489627361298
61944,0.22175700962543488
61945,0.22039712965488434
61946,0.29639339447021484
61947,0.25822553038597107
61948,0.19293031096458435
61949,0.19592618942260742
61950,0.24796555936336517
61951,0.22703364491462708
61952,0.22867804765701294
61953,0.23861700296401978
61954,0.22139443457126617
61955,0.25480881333351135
61956,0.24619872868061066
61957,0.2118034064769745
61958,0.2703324258327484
61959,0.24506792426109314
61960,0.23391743004322052
61961,0.2595546245574951
61962,0.25217658281326294
61963,0.21179206669330597
61964,0.1635289490222931
61965,0.1875142604112625
61966,0.19459682703018188
61967,0.21909171342849731
61968,0.20609042048454285
61969,0.1566341668367386
61970,0.1428808718919754
61971,0.18580299615859985
61972,0.23152795433998108
61973,0.21952101588249207
61974,0.26717352867126465
61975,0.22515426576137543
61976,0.22719135880470276
61977,0.23475605249404907
61978,0.22498804330825806
61979,0.26233312487602234
61980,0.2537215054035187
61981,0.2903077304363251
61982,0.2738105356693268
61983,0.2661282420158386
61984,0.264354944229126
61985,0.2722565233707428
61986,0.23656180500984192
61987,0.25031936168670654
61988,0.24902252852916718
61989,0.26287642121315
61990,0.25401926040649414
61991,0.2619801163673401
61992,0.29818710684776306
61993,0.3002887964248657
61994,0.2707476019859314
61995,0.2992885112762451
61996,0.2936605215072632
61997,0.25002801418304443
61998,0.2913258969783783
61999,0.3120613098144531
62000,0.2584145665168762
62001,0.2695992887020111
62002,0.26848962903022766
62003,0.2703472375869751
62004,0.24764765799045563
62005,0.22986631095409393
62006,0.1943104863166809
62007,0.21727347373962402
62008,0.2491656392812729
62009,0.2578665614128113
62010,0.2872908413410187
62011,0.28749901056289673
62012,0.3027794659137726
62013,0.3082541525363922
62014,0.30633705854415894
62015,0.28056758642196655
62016,0.25848355889320374
62017,0.2182457149028778
62018,0.22925005853176117
62019,0.22542309761047363
62020,0.19074800610542297
62021,0.19743376970291138
62022,0.204694464802742
62023,0.2133720964193344
62024,0.2528834939002991
62025,0.3069089949131012
62026,0.27170512080192566
62027,0.215092271566391
62028,0.2290777713060379
62029,0.25872570276260376
62030,0.2562696635723114
62031,0.21597671508789062
62032,0.2154785394668579
62033,0.20711955428123474
62034,0.18953298032283783
62035,0.22713498771190643
62036,0.23310089111328125
62037,0.2164352983236313
62038,0.20394356548786163
62039,0.19383879005908966
62040,0.22510311007499695
62041,0.2115001231431961
62042,0.24437403678894043
62043,0.2380533665418625
62044,0.22797171771526337
62045,0.2391999512910843
62046,0.2770550847053528
62047,0.31461888551712036
62048,0.29816803336143494
62049,0.23198531568050385
62050,0.20529162883758545
62051,0.20180660486221313
62052,0.19729073345661163
62053,0.21084459125995636
62054,0.1749023199081421
62055,0.16931264102458954
62056,0.21836644411087036
62057,0.2163429707288742
62058,0.20184873044490814
62059,0.18988358974456787
62060,0.25171589851379395
62061,0.2750202417373657
62062,0.2450958639383316
62063,0.2317495048046112
62064,0.21226105093955994
62065,0.1921384483575821
62066,0.20466351509094238
62067,0.2158963680267334
62068,0.24851705133914948
62069,0.2564568817615509
62070,0.22822682559490204
62071,0.18479040265083313
62072,0.18324187397956848
62073,0.17059338092803955
62074,0.16240963339805603
62075,0.21488791704177856
62076,0.23977035284042358
62077,0.2529580593109131
62078,0.23681354522705078
62079,0.26433590054512024
62080,0.26396211981773376
62081,0.30100366473197937
62082,0.3018103241920471
62083,0.26825079321861267
62084,0.27215641736984253
62085,0.25878217816352844
62086,0.228102907538414
62087,0.27282482385635376
62088,0.29513752460479736
62089,0.2868089973926544
62090,0.24178211390972137
62091,0.22253696620464325
62092,0.21408747136592865
62093,0.21975477039813995
62094,0.2090366780757904
62095,0.21770860254764557
62096,0.2736780643463135
62097,0.24499855935573578
62098,0.2878822386264801
62099,0.2978181838989258
62100,0.2895353436470032
62101,0.2840050756931305
62102,0.2857446074485779
62103,0.26413068175315857
62104,0.23372824490070343
62105,0.2230021059513092
62106,0.1724294275045395
62107,0.17618915438652039
62108,0.1775263547897339
62109,0.19274935126304626
62110,0.2102886438369751
62111,0.21380819380283356
62112,0.16978679597377777
62113,0.20025993883609772
62114,0.21152767539024353
62115,0.22007325291633606
62116,0.20300151407718658
62117,0.19509972631931305
62118,0.21422304213047028
62119,0.20718273520469666
62120,0.21970899403095245
62121,0.20475037395954132
62122,0.20254375040531158
62123,0.1916159987449646
62124,0.169625386595726
62125,0.1674395054578781
62126,0.14935201406478882
62127,0.1814645379781723
62128,0.2057071328163147
62129,0.2144566923379898
62130,0.25323039293289185
62131,0.2640092670917511
62132,0.2839859127998352
62133,0.2858940660953522
62134,0.27050545811653137
62135,0.26762208342552185
62136,0.24122588336467743
62137,0.19708923995494843
62138,0.2449328899383545
62139,0.2647589445114136
62140,0.2915869653224945
62141,0.2752000093460083
62142,0.24377408623695374
62143,0.21899405121803284
62144,0.19645938277244568
62145,0.23864337801933289
62146,0.26980283856391907
62147,0.2396034598350525
62148,0.23947235941886902
62149,0.233665332198143
62150,0.2125607430934906
62151,0.2796756625175476
62152,0.2661994695663452
62153,0.22000965476036072
62154,0.2407606989145279
62155,0.2393619418144226
62156,0.25374457240104675
62157,0.2866445481777191
62158,0.3266337513923645
62159,0.2962739169597626
62160,0.2772444486618042
62161,0.29726922512054443
62162,0.27241912484169006
62163,0.23452365398406982
62164,0.209883451461792
62165,0.26871976256370544
62166,0.27139368653297424
62167,0.30136847496032715
62168,0.33731117844581604
62169,0.30529487133026123
62170,0.27560359239578247
62171,0.23385091125965118
62172,0.3289552628993988
62173,0.33796456456184387
62174,0.35309547185897827
62175,0.2881871461868286
62176,0.3109481632709503
62177,0.2886010706424713
62178,0.25671789050102234
62179,0.25665801763534546
62180,0.25464004278182983
62181,0.15980008244514465
62182,0.17159418761730194
62183,0.18160772323608398
62184,0.27797964215278625
62185,0.19362019002437592
62186,0.22445277869701385
62187,0.2340201735496521
62188,0.259477823972702
62189,0.1752994954586029
62190,0.1965252161026001
62191,0.22066336870193481
62192,0.24236330389976501
62193,0.3006780445575714
62194,0.3224439322948456
62195,0.27845537662506104
62196,0.2533428370952606
62197,0.20110604166984558
62198,0.23625583946704865
62199,0.2242303341627121
62200,0.2147945910692215
62201,0.2066863626241684
62202,0.1914321333169937
62203,0.19171608984470367
62204,0.17373350262641907
62205,0.2005850225687027
62206,0.2426026314496994
62207,0.23118948936462402
62208,0.20795170962810516
62209,0.22443845868110657
62210,0.28158384561538696
62211,0.36461010575294495
62212,0.3501357436180115
62213,0.2957998216152191
62214,0.2727057933807373
62215,0.267344206571579
62216,0.21373462677001953
62217,0.28784486651420593
62218,0.281981498003006
62219,0.24116924405097961
62220,0.3792389929294586
62221,0.3218816816806793
62222,0.266157329082489
62223,0.24047333002090454
62224,0.21399441361427307
62225,0.21812309324741364
62226,0.23565037548542023
62227,0.2827790379524231
62228,0.31753790378570557
62229,0.3105347454547882
62230,0.304696261882782
62231,0.24734359979629517
62232,0.2738082706928253
62233,0.2652662396430969
62234,0.24802859127521515
62235,0.28454163670539856
62236,0.2619284391403198
62237,0.2703512907028198
62238,0.24625614285469055
62239,0.2175486832857132
62240,0.170408695936203
62241,0.1837766468524933
62242,0.1916733980178833
62243,0.22437748312950134
62244,0.26361313462257385
62245,0.34125322103500366
62246,0.33460575342178345
62247,0.3131542205810547
62248,0.2723426818847656
62249,0.2161836475133896
62250,0.20157356560230255
62251,0.19801494479179382
62252,0.20787537097930908
62253,0.2750117778778076
62254,0.29687124490737915
62255,0.19310560822486877
62256,0.1899319887161255
62257,0.2697577476501465
62258,0.2913230061531067
62259,0.2349020391702652
62260,0.23774820566177368
62261,0.1953759789466858
62262,0.18831494450569153
62263,0.2195725440979004
62264,0.2382478415966034
62265,0.24343279004096985
62266,0.23329810798168182
62267,0.19590036571025848
62268,0.22588485479354858
62269,0.2690823972225189
62270,0.2860209047794342
62271,0.3213330805301666
62272,0.30081191658973694
62273,0.23286700248718262
62274,0.22617928683757782
62275,0.2959151566028595
62276,0.31158915162086487
62277,0.2581377923488617
62278,0.22239473462104797
62279,0.24075348675251007
62280,0.2382022738456726
62281,0.21535179018974304
62282,0.33718568086624146
62283,0.34363114833831787
62284,0.3199984133243561
62285,0.298166424036026
62286,0.2914409041404724
62287,0.2672243118286133
62288,0.2672243118286133
62289,0.2919270396232605
62290,0.27122655510902405
62291,0.2827189564704895
62292,0.2919853627681732
62293,0.2561635971069336
62294,0.2887926399707794
62295,0.32705509662628174
62296,0.2691364884376526
62297,0.31093284487724304
62298,0.30983275175094604
62299,0.27965593338012695
62300,0.27215850353240967
62301,0.2813975512981415
62302,0.22908009588718414
62303,0.20875976979732513
62304,0.24514001607894897
62305,0.2521096467971802
62306,0.2584913671016693
62307,0.2670762538909912
62308,0.277671754360199
62309,0.2493390589952469
62310,0.23185694217681885
62311,0.20447812974452972
62312,0.1948922872543335
62313,0.22002476453781128
62314,0.2339637577533722
62315,0.262360155582428
62316,0.2747982442378998
62317,0.27137818932533264
62318,0.24929438531398773
62319,0.23749060928821564
62320,0.2514336407184601
62321,0.24079661071300507
62322,0.19349291920661926
62323,0.192351296544075
62324,0.20430099964141846
62325,0.18607300519943237
62326,0.20128412544727325
62327,0.24413847923278809
62328,0.23255655169487
62329,0.21459195017814636
62330,0.19001638889312744
62331,0.16231995820999146
62332,0.20014505088329315
62333,0.19186653196811676
62334,0.2235690802335739
62335,0.2531220316886902
62336,0.242268905043602
62337,0.22895090281963348
62338,0.24559593200683594
62339,0.23952873051166534
62340,0.22474628686904907
62341,0.2530621290206909
62342,0.2275281399488449
62343,0.25541892647743225
62344,0.2307123839855194
62345,0.237754687666893
62346,0.243259996175766
62347,0.25148695707321167
62348,0.23383812606334686
62349,0.24752359092235565
62350,0.278647243976593
62351,0.27755922079086304
62352,0.3076131343841553
62353,0.3239741921424866
62354,0.32053813338279724
62355,0.3089127540588379
62356,0.30364036560058594
62357,0.2749241888523102
62358,0.2641296088695526
62359,0.2923654019832611
62360,0.3208633065223694
62361,0.33477628231048584
62362,0.2848398983478546
62363,0.28705066442489624
62364,0.23823027312755585
62365,0.22009924054145813
62366,0.2832748293876648
62367,0.2945467233657837
62368,0.22812920808792114
62369,0.2526620924472809
62370,0.19358234107494354
62371,0.28260213136672974
62372,0.24359285831451416
62373,0.25065234303474426
62374,0.2236660122871399
62375,0.2696291506290436
62376,0.2830347418785095
62377,0.22529777884483337
62378,0.3004213273525238
62379,0.27060869336128235
62380,0.26202747225761414
62381,0.28902268409729004
62382,0.2601206302642822
62383,0.24933655560016632
62384,0.2469274401664734
62385,0.20269231498241425
62386,0.23453715443611145
62387,0.18035286664962769
62388,0.19047264754772186
62389,0.16498741507530212
62390,0.1848757117986679
62391,0.3153918981552124
62392,0.22026893496513367
62393,0.23109209537506104
62394,0.41935092210769653
62395,0.464878648519516
62396,0.3268473446369171
62397,0.35049572587013245
62398,0.31116756796836853
62399,0.4202304482460022
62400,0.3768676519393921
62401,0.46683117747306824
62402,0.42325618863105774
62403,0.41101640462875366
62404,0.4373618960380554
62405,0.46119359135627747
62406,0.4543737769126892
62407,0.451727032661438
62408,0.2850833237171173
62409,0.1830216646194458
62410,0.3703465461730957
62411,0.3447691798210144
62412,0.2786853611469269
62413,0.4295472800731659
62414,0.490587443113327
62415,0.3963123857975006
62416,0.39902469515800476
62417,0.2227189540863037
62418,0.3364521861076355
62419,0.3305973708629608
62420,0.2692667245864868
62421,0.31593215465545654
62422,0.22728170454502106
62423,0.206049844622612
62424,0.22569392621517181
62425,0.22569392621517181
62426,0.3976415991783142
62427,0.29549267888069153
62428,0.4093371033668518
62429,0.24267743527889252
62430,0.3755342662334442
62431,0.42332273721694946
62432,0.2558528482913971
62433,0.2445555478334427
62434,0.21813592314720154
62435,0.18253950774669647
62436,0.2781539559364319
62437,0.21996931731700897
62438,0.1683732569217682
62439,
62440,
62441,
62442,0.2451522797346115
62443,0.07066325098276138
62444,0.06121855974197388
62445,0.06245871260762215
62446,
62447,
62448,
62449,
62450,
62451,0.3921261131763458
62452,0.4248819053173065
62453,
62454,
62455,0.3090899884700775
62456,0.4271770417690277
62457,
62458,
62459,
62460,0.461618036031723
62461,
62462,
62463,
62464,
62465,
62466,0.3563264012336731
62467,0.3014506697654724
62468,
62469,
62470,
62471,
62472,
62473,
62474,0.38591355085372925
62475,
62476,
62477,0.2161005586385727
62478,
62479,
62480,
62481,
62482,0.18548575043678284
62483,0.25585031509399414
62484,
62485,
62486,
62487,
62488,
62489,0.17946942150592804
62490,0.22029612958431244
62491,0.2919996678829193
62492,0.26835304498672485
62493,0.2952118217945099
62494,0.19687475264072418
62495,0.16780440509319305
62496,0.15756823122501373
62497,0.34433165192604065
62498,0.3963439166545868
62499,0.38923129439353943
62500,0.32602113485336304
62501,0.3100675344467163
62502,0.3446025252342224
62503,0.3224468529224396
62504,0.28298720717430115
62505,0.30502092838287354
62506,0.2437051385641098
62507,0.36918625235557556
62508,0.36382004618644714
62509,0.42092519998550415
62510,0.4120100140571594
62511,0.21940840780735016
62512,0.37812119722366333
62513,0.13140040636062622
62514,0.16283109784126282
62515,0.4865838885307312
62516,0.46805548667907715
62517,0.17180795967578888
62518,0.35952943563461304
62519,0.2914532423019409
62520,0.30682268738746643
62521,0.26492130756378174
62522,0.2547817826271057
62523,0.19577662646770477
62524,0.36605799198150635
62525,0.31804558634757996
62526,0.2338579148054123
62527,0.2502305805683136
62528,0.33438095450401306
62529,0.23211205005645752
62530,0.16479374468326569
62531,0.31870877742767334
62532,0.23763005435466766
62533,0.3351462185382843
62534,0.3613179624080658
62535,0.2284969538450241
62536,0.16012819111347198
62537,0.3936236798763275
62538,0.08229711651802063
62539,0.34524521231651306
62540,0.32963281869888306
62541,0.21836109459400177
62542,0.3054634928703308
62543,0.2151918113231659
62544,0.3123357594013214
62545,0.2598043382167816
62546,0.4908384680747986
62547,0.31137576699256897
62548,0.4300442337989807
62549,0.4460045099258423
62550,0.19764360785484314
62551,0.11841602623462677
62552,0.1287623792886734
62553,0.2984587848186493
62554,0.2974196970462799
62555,0.2491830736398697
62556,0.21833966672420502
62557,0.197982519865036
62558,0.34973374009132385
62559,0.2830643355846405
62560,0.3178563117980957
62561,0.26466745138168335
62562,0.20194697380065918
62563,0.3409278094768524
62564,0.3167113661766052
62565,0.35111936926841736
62566,0.2998475432395935
62567,0.2673370838165283
62568,0.4266306459903717
62569,0.24226634204387665
62570,0.035327229648828506
62571,0.4230044484138489
62572,0.2368956357240677
62573,0.21255594491958618
62574,0.32900315523147583
62575,0.23523472249507904
62576,0.21665099263191223
62577,0.2770993411540985
62578,0.3471173048019409
62579,0.3254641890525818
62580,0.31593576073646545
62581,0.32200291752815247
62582,0.31971973180770874
62583,0.2753733992576599
62584,0.33166176080703735
62585,0.27983754873275757
62586,0.3542773723602295
62587,0.31815028190612793
62588,0.27544188499450684
62589,0.2563042938709259
62590,0.25580570101737976
62591,0.2715907096862793
62592,0.2795294523239136
62593,0.30693942308425903
62594,0.3315492570400238
62595,0.29009076952934265
62596,0.26819413900375366
62597,0.2820987105369568
62598,0.266794890165329
62599,0.25098779797554016
62600,0.2570136487483978
62601,0.2632416784763336
62602,0.260518878698349
62603,0.28338053822517395
62604,0.2630650997161865
62605,0.29546937346458435
62606,0.3395092487335205
62607,0.3291916847229004
62608,0.307341605424881
62609,0.2609676420688629
62610,0.2908599078655243
62611,0.30478304624557495
62612,0.23184102773666382
62613,0.22677761316299438
62614,0.32023176550865173
62615,0.3925929665565491
62616,0.3598223626613617
62617,0.33236953616142273
62618,0.36304405331611633
62619,0.23106788098812103
62620,0.2944299578666687
62621,0.29675447940826416
62622,0.42239174246788025
62623,0.4121071696281433
62624,0.27888908982276917
62625,0.1901816576719284
62626,0.2366037666797638
62627,0.2621869742870331
62628,0.2820374369621277
62629,0.20249047875404358
62630,0.35493385791778564
62631,0.24823473393917084
62632,0.44129833579063416
62633,0.45556652545928955
62634,0.4606727659702301
62635,0.2509286403656006
62636,0.3111802637577057
62637,0.22229449450969696
62638,0.3244774639606476
62639,0.16134604811668396
62640,0.17045052349567413
62641,0.2205880731344223
62642,0.17584657669067383
62643,0.2295255959033966
62644,0.3224658668041229
62645,0.15035372972488403
62646,0.24064110219478607
62647,0.273011177778244
62648,0.2511296272277832
62649,0.2525588274002075
62650,0.30314314365386963
62651,0.2917430102825165
62652,0.25179964303970337
62653,0.19148068130016327
62654,0.28366732597351074
62655,0.2948789894580841
62656,0.48562610149383545
62657,0.5169398784637451
62658,0.37458840012550354
62659,0.21624241769313812
62660,0.18176709115505219
62661,0.25085151195526123
62662,0.18682581186294556
62663,0.17601408064365387
62664,0.20525255799293518
62665,0.3151962459087372
62666,0.28740039467811584
62667,0.34278765320777893
62668,0.25211578607559204
62669,0.2983667254447937
62670,0.29471537470817566
62671,0.2684433162212372
62672,0.2822788655757904
62673,0.25295501947402954
62674,0.24619346857070923
62675,0.15079310536384583
62676,0.14268608391284943
62677,0.28769057989120483
62678,0.3097327947616577
62679,0.248338982462883
62680,0.3124679923057556
62681,0.2624114751815796
62682,0.17401984333992004
62683,0.4305485188961029
62684,0.3418647348880768
62685,0.21885740756988525
62686,0.26275619864463806
62687,0.30387741327285767
62688,0.2581392526626587
62689,0.4470962584018707
62690,0.41936999559402466
62691,0.4712197184562683
62692,0.33318912982940674
62693,0.13891921937465668
62694,0.3601135015487671
62695,0.41023287177085876
62696,0.3186444044113159
62697,0.3919669985771179
62698,0.1876024454832077
62699,0.283053457736969
62700,0.3033616542816162
62701,0.3218673765659332
62702,0.34686076641082764
62703,0.38737013936042786
62704,0.2993082106113434
62705,0.2920781970024109
62706,0.25450918078422546
62707,0.2533062994480133
62708,0.22395899891853333
62709,0.4017854630947113
62710,0.31040892004966736
62711,0.3725124001502991
62712,0.39636391401290894
62713,0.3876049518585205
62714,0.14339977502822876
62715,0.12000013142824173
62716,0.190023273229599
62717,0.4038640558719635
62718,0.30036211013793945
62719,0.15026657283306122
62720,0.3397274613380432
62721,0.3293262720108032
62722,0.3641493618488312
62723,0.4198642373085022
62724,0.4736345112323761
62725,0.45056065917015076
62726,0.3354690372943878
62727,0.2587182819843292
62728,0.3104364275932312
62729,0.24512530863285065
62730,0.34246736764907837
62731,0.21886108815670013
62732,0.2088988870382309
62733,0.18023671209812164
62734,0.31122782826423645
62735,0.30367568135261536
62736,0.2659253180027008
62737,0.3789885640144348
62738,0.4424612522125244
62739,0.3660552501678467
62740,0.40359020233154297
62741,0.3384939134120941
62742,0.3381701707839966
62743,0.31328392028808594
62744,0.3552340269088745
62745,0.2856379747390747
62746,
62747,0.23659667372703552
62748,0.32890674471855164
62749,0.23952898383140564
62750,0.30525487661361694
62751,0.20282000303268433
62752,0.17945246398448944
62753,0.20965808629989624
62754,0.21308928728103638
62755,0.21535879373550415
62756,0.18879786133766174
62757,0.1917770802974701
62758,0.2651422321796417
62759,0.21591806411743164
62760,0.1544916331768036
62761,
62762,0.1616906076669693
62763,0.23669898509979248
62764,0.17306524515151978
62765,0.1949896365404129
62766,0.19577492773532867
62767,0.24700325727462769
62768,0.25015902519226074
62769,0.1904083490371704
62770,0.20220226049423218
62771,0.23373086750507355
62772,0.3300146460533142
62773,0.35830453038215637
62774,0.3488160967826843
62775,0.35413116216659546
62776,0.3955206274986267
62777,0.2883877456188202
62778,0.25523442029953003
62779,0.1618938148021698
62780,0.20788607001304626
62781,0.1892526000738144
62782,0.2502012550830841
62783,0.24427397549152374
62784,0.2679871916770935
62785,0.1928863525390625
62786,0.329428493976593
62787,0.28363263607025146
62788,0.36507198214530945
62789,0.19557249546051025
62790,0.22092458605766296
62791,0.19713489711284637
62792,0.1596987545490265
62793,0.2408837229013443
62794,0.13774725794792175
62795,0.1690860390663147
62796,0.2758587598800659
62797,0.29868263006210327
62798,0.1870027780532837
62799,0.21730142831802368
62800,0.20906415581703186
62801,0.3558956980705261
62802,0.18529485166072845
62803,0.15177853405475616
62804,0.11341757327318192
62805,0.16042834520339966
62806,0.27328845858573914
62807,0.2752012014389038
62808,0.15305733680725098
62809,0.14788994193077087
62810,0.12270866334438324
62811,0.3936252295970917
62812,0.11585023999214172
62813,0.10866376012563705
62814,0.12169723957777023
62815,0.18962283432483673
62816,0.15644055604934692
62817,0.13038954138755798
62818,0.10487356036901474
62819,0.15178020298480988
62820,0.18818672001361847
62821,0.20359252393245697
62822,0.1575419157743454
62823,0.15426300466060638
62824,0.17112721502780914
62825,0.1736951619386673
62826,0.20779135823249817
62827,0.1645442694425583
62828,0.3112148344516754
62829,0.10327520221471786
62830,0.10748866200447083
62831,0.13543687760829926
62832,0.1413537859916687
62833,0.10981746762990952
62834,0.12293411791324615
62835,0.09513185918331146
62836,0.08507506549358368
62837,0.08997325599193573
62838,0.1711592972278595
62839,0.10887490212917328
62840,0.0756770670413971
62841,0.093348428606987
62842,0.0757078304886818
62843,0.08990321308374405
62844,0.1074439138174057
62845,0.19480343163013458
62846,0.2013246715068817
62847,0.09887287020683289
62848,0.10293076187372208
62849,0.15822210907936096
62850,0.18216414749622345
62851,0.10414551943540573
62852,0.07330932468175888
62853,0.09082216769456863
62854,0.09458036720752716
62855,0.08093328773975372
62856,0.0863245353102684
62857,0.0934535339474678
62858,0.07952038943767548
62859,0.09679032862186432
62860,0.07995125651359558
62861,0.08910922706127167
62862,0.09909693151712418
62863,0.09678983688354492
62864,0.11859891563653946
62865,0.10755722224712372
62866,0.09356235712766647
62867,0.10099805146455765
62868,0.1103159710764885
62869,0.10194681584835052
62870,0.09890728443861008
62871,0.09652398526668549
62872,0.1008230671286583
62873,0.10476537048816681
62874,0.10201683640480042
62875,0.09582307934761047
62876,0.08374380320310593
62877,0.11758881062269211
62878,0.1760801076889038
62879,0.16207696497440338
62880,0.23474641144275665
62881,0.2396353781223297
62882,0.16439145803451538
62883,0.28384149074554443
62884,0.21618637442588806
62885,0.15372194349765778
62886,0.15473997592926025
62887,0.19512826204299927
62888,0.1456795483827591
62889,0.21204592287540436
62890,0.13914626836776733
62891,0.2691643536090851
62892,0.30346447229385376
62893,0.2384669929742813
62894,0.2292843759059906
62895,0.2519029974937439
62896,0.346477746963501
62897,0.28828054666519165
62898,0.22732383012771606
62899,0.42989692091941833
62900,0.3939347267150879
62901,0.3285541534423828
62902,0.2598065733909607
62903,0.3329091966152191
62904,0.39779844880104065
62905,0.2930922210216522
62906,0.20918674767017365
62907,0.26804888248443604
62908,0.2823110520839691
62909,0.1790330410003662
62910,0.23166243731975555
62911,0.280660480260849
62912,0.4805830121040344
62913,0.20640243589878082
62914,0.3496715724468231
62915,0.19858728349208832
62916,0.4369378089904785
62917,0.3646412193775177
62918,0.328098326921463
62919,0.3028317093849182
62920,0.2934879660606384
62921,0.27002447843551636
62922,0.22585144639015198
62923,0.19214622676372528
62924,0.35939523577690125
62925,0.1359616219997406
62926,0.19626805186271667
62927,0.17032743990421295
62928,0.14125843346118927
62929,0.19122980535030365
62930,0.16260549426078796
62931,0.1264067143201828
62932,0.1373956948518753
62933,0.12786097824573517
62934,0.1438540369272232
62935,0.13820621371269226
62936,0.11832606047391891
62937,0.28291597962379456
62938,0.26882684230804443
62939,0.3430173099040985
62940,0.4256804287433624
62941,0.4727504551410675
62942,0.3509540259838104
62943,0.35864099860191345
62944,0.3169873058795929
62945,0.22902722656726837
62946,0.302470326423645
62947,0.3206905722618103
62948,0.31231725215911865
62949,0.14560063183307648
62950,0.2265165150165558
62951,0.24556732177734375
62952,0.3113524615764618
62953,0.35674378275871277
62954,0.29934608936309814
62955,0.22996293008327484
62956,0.3297594487667084
62957,0.28055861592292786
62958,0.35093098878860474
62959,0.18673036992549896
62960,0.21257877349853516
62961,0.15878330171108246
62962,0.129273921251297
62963,0.14174878597259521
62964,0.13936783373355865
62965,0.3208630383014679
62966,0.27394095063209534
62967,0.2652442753314972
62968,0.21120651066303253
62969,0.18624290823936462
62970,0.14978644251823425
62971,0.1627746820449829
62972,0.14917495846748352
62973,0.13595418632030487
62974,0.12248072028160095
62975,0.11698933690786362
62976,0.11267745494842529
62977,0.09473826736211777
62978,0.08090374618768692
62979,0.08149721473455429
62980,0.08573654294013977
62981,0.08553002029657364
62982,0.05875398591160774
62983,0.07131392508745193
62984,0.07277662307024002
62985,0.07748275995254517
62986,0.04042114317417145
62987,0.029088187962770462
62988,0.025733543559908867
62989,0.029412437230348587
62990,0.03035365790128708
62991,0.0378202460706234
62992,0.04430537670850754
62993,0.05028654634952545
62994,0.05709666386246681
62995,0.06835020333528519
62996,0.06906820833683014
62997,0.06736525893211365
62998,0.07002654671669006
62999,0.07619378715753555
63000,0.058361027389764786
63001,0.046438172459602356
63002,0.07254058867692947
63003,0.06669764220714569
63004,0.06622380763292313
63005,0.07573837041854858
63006,0.06905454397201538
63007,0.06735440343618393
63008,0.050278425216674805
63009,0.055271368473768234
63010,0.06018800660967827
63011,0.06503482162952423
63012,0.06321512162685394
63013,0.06694664061069489
63014,0.04368674010038376
63015,0.3341810703277588
63016,0.018777819350361824
63017,0.021075354889035225
63018,0.02597644552588463
63019,0.03786260262131691
63020,0.025686724111437798
63021,0.026807546615600586
63022,0.03354863077402115
63023,0.03161175549030304
63024,0.025477210059762
63025,0.02291790023446083
63026,0.017383867874741554
63027,0.022810963913798332
63028,0.025854861363768578
63029,0.027414532378315926
63030,0.04505759850144386
63031,0.04028385132551193
63032,0.048020005226135254
63033,0.05701371282339096
63034,0.06197196990251541
63035,0.05868672579526901
63036,0.05314062163233757
63037,0.06446117907762527
63038,0.09092674404382706
63039,0.08221469819545746
63040,0.07368630915880203
63041,0.07121194154024124
63042,0.06367295235395432
63043,0.07397821545600891
63044,0.13442596793174744
63045,0.25145402550697327
63046,0.37651965022087097
63047,0.21343857049942017
63048,0.21956424415111542
63049,0.18105490505695343
63050,0.2074519246816635
63051,0.1884590983390808
63052,0.29558441042900085
63053,0.26927685737609863
63054,0.39145156741142273
63055,0.3249742388725281
63056,0.2830761671066284
63057,0.29212796688079834
63058,0.29817646741867065
63059,0.2913285791873932
63060,0.30489230155944824
63061,0.37671616673469543
63062,0.2991519272327423
63063,0.2618604898452759
63064,0.3886044919490814
63065,0.36894893646240234
63066,0.28325968980789185
63067,0.35088303685188293
63068,0.35249361395835876
63069,0.3419138193130493
63070,0.32383766770362854
63071,0.28596460819244385
63072,0.2839117646217346
63073,0.27828100323677063
63074,0.28274816274642944
63075,0.2698143720626831
63076,0.2738523483276367
63077,0.275943398475647
63078,0.25809258222579956
63079,0.2517784535884857
63080,0.24596303701400757
63081,0.25113222002983093
63082,0.26969459652900696
63083,0.287779301404953
63084,0.2555353343486786
63085,0.25846847891807556
63086,0.2503727972507477
63087,0.26605042815208435
63088,0.2868902385234833
63089,0.278481125831604
63090,0.3058643639087677
63091,0.25763851404190063
63092,0.3246613144874573
63093,0.2317613661289215
63094,0.2678600251674652
63095,0.29429805278778076
63096,0.2511133849620819
63097,0.22417718172073364
63098,0.21992802619934082
63099,0.2175484597682953
63100,0.23478344082832336
63101,0.2394985854625702
63102,0.23988132178783417
63103,0.2834833264350891
63104,0.3197699189186096
63105,0.3143400549888611
63106,0.3572956919670105
63107,0.379828542470932
63108,0.3149482309818268
63109,0.28979915380477905
63110,0.35777246952056885
63111,0.31839367747306824
63112,0.34890326857566833
63113,0.3666279911994934
63114,0.32298800349235535
63115,0.3099746108055115
63116,0.31717780232429504
63117,0.29649797081947327
63118,0.28872251510620117
63119,0.25432059168815613
63120,0.2631784677505493
63121,0.28141114115715027
63122,0.30739274621009827
63123,0.27085331082344055
63124,0.2562689781188965
63125,0.262613981962204
63126,0.2760177552700043
63127,0.3061198890209198
63128,0.30950963497161865
63129,0.30409619212150574
63130,0.3103657066822052
63131,0.37072527408599854
63132,0.36933407187461853
63133,0.3082192540168762
63134,0.360844224691391
63135,0.2885662913322449
63136,0.3068607747554779
63137,0.2723277807235718
63138,0.29234299063682556
63139,0.2993701696395874
63140,0.29415470361709595
63141,0.23067644238471985
63142,0.2954955995082855
63143,0.3214040696620941
63144,0.29638344049453735
63145,0.25836342573165894
63146,0.27480801939964294
63147,0.2979491353034973
63148,0.2127741128206253
63149,0.29530689120292664
63150,0.3016207814216614
63151,0.3574517071247101
63152,0.31287848949432373
63153,0.2374662309885025
63154,0.2533596456050873
63155,0.23376557230949402
63156,0.2997440695762634
63157,0.2821997106075287
63158,0.2714197337627411
63159,0.2865262031555176
63160,0.2898649275302887
63161,0.2869051396846771
63162,0.26255086064338684
63163,0.2591390609741211
63164,0.27374714612960815
63165,0.2577870488166809
63166,0.2711292505264282
63167,0.2895837128162384
63168,0.25625908374786377
63169,0.25927820801734924
63170,0.25581657886505127
63171,0.23556427657604218
63172,0.21720261871814728
63173,0.24639031291007996
63174,0.25581780076026917
63175,0.22760474681854248
63176,0.2164451777935028
63177,0.21700790524482727
63178,0.24817779660224915
63179,0.21840819716453552
63180,0.21588441729545593
63181,0.23859749734401703
63182,0.2357654720544815
63183,0.24148540198802948
63184,0.23714540898799896
63185,0.2472185641527176
63186,0.24682919681072235
63187,0.23142875730991364
63188,0.2045125812292099
63189,0.21273350715637207
63190,0.19080814719200134
63191,0.21713311970233917
63192,0.21824364364147186
63193,0.2460949420928955
63194,0.243577241897583
63195,0.24715115129947662
63196,0.2579023540019989
63197,0.26533252000808716
63198,0.26841214299201965
63199,0.25738176703453064
63200,0.2682676315307617
63201,0.28352704644203186
63202,0.2796916365623474
63203,0.29523786902427673
63204,0.33059272170066833
63205,0.3097075819969177
63206,0.28999412059783936
63207,0.33784520626068115
63208,0.1959383487701416
63209,0.2895859479904175
63210,0.3439702093601227
63211,0.36701303720474243
63212,0.2602207362651825
63213,0.3059313893318176
63214,0.41752156615257263
63215,0.3725866675376892
63216,0.33911100029945374
63217,0.3624126613140106
63218,0.33680179715156555
63219,0.24856454133987427
63220,0.29572412371635437
63221,0.25463035702705383
63222,0.2862531840801239
63223,0.2865372896194458
63224,0.3288035988807678
63225,0.406977117061615
63226,0.3910132944583893
63227,0.3277607858181
63228,0.36393651366233826
63229,0.4083823263645172
63230,0.2923266589641571
63231,0.37188521027565
63232,0.3243865668773651
63233,0.4510818421840668
63234,0.4417259991168976
63235,0.3133138120174408
63236,0.3040824234485626
63237,0.3403140604496002
63238,0.23933975398540497
63239,0.32056787610054016
63240,0.2391420602798462
63241,0.2720847725868225
63242,0.3016551434993744
63243,0.33810606598854065
63244,0.25877317786216736
63245,0.39054325222969055
63246,0.38985294103622437
63247,0.4364207684993744
63248,0.43524086475372314
63249,0.2744976878166199
63250,0.3308136463165283
63251,0.36389321088790894
63252,0.3718668520450592
63253,0.3211958110332489
63254,0.35918495059013367
63255,0.3275924623012543
63256,0.3141895830631256
63257,0.36778703331947327
63258,0.3024221360683441
63259,0.33214685320854187
63260,0.34232693910598755
63261,0.32503265142440796
63262,0.3611105978488922
63263,0.36815425753593445
63264,0.3958694040775299
63265,0.4559803903102875
63266,0.42951661348342896
63267,0.44509410858154297
63268,0.3785805106163025
63269,0.3568475544452667
63270,0.3185342848300934
63271,0.30033713579177856
63272,0.30791783332824707
63273,0.3111163377761841
63274,0.30142202973365784
63275,0.3075658977031708
63276,0.2515067458152771
63277,0.2562218904495239
63278,0.33302444219589233
63279,0.2696179747581482
63280,0.2775079011917114
63281,0.2641603946685791
63282,0.2516305148601532
63283,0.272736132144928
63284,0.27466195821762085
63285,0.278812050819397
63286,0.2475404590368271
63287,0.2494594156742096
63288,0.25466954708099365
63289,0.20999889075756073
63290,0.22444665431976318
63291,0.21363650262355804
63292,0.25085586309432983
63293,0.24156257510185242
63294,0.2800428569316864
63295,0.2445887327194214
63296,0.257953405380249
63297,0.25017252564430237
63298,0.27633053064346313
63299,0.2783738374710083
63300,0.2870367169380188
63301,0.29810845851898193
63302,0.28002041578292847
63303,0.2983630299568176
63304,0.3002908527851105
63305,0.2707727551460266
63306,0.2621806561946869
63307,0.23428985476493835
63308,0.33383694291114807
63309,0.38030514121055603
63310,0.28912338614463806
63311,0.2955985367298126
63312,0.2360372692346573
63313,0.2260669320821762
63314,0.24422641098499298
63315,0.25633302330970764
63316,0.3218673765659332
63317,0.2974962294101715
63318,0.28596484661102295
63319,0.25181105732917786
63320,0.26153331995010376
63321,0.22836516797542572
63322,0.22801530361175537
63323,0.22754639387130737
63324,0.24796204268932343
63325,0.25947776436805725
63326,0.26173171401023865
63327,0.258969783782959
63328,0.23878923058509827
63329,0.2306186556816101
63330,0.2662479877471924
63331,0.2710854709148407
63332,0.27076688408851624
63333,0.2724408805370331
63334,0.22854065895080566
63335,0.2776484787464142
63336,0.26309752464294434
63337,0.2776370048522949
63338,0.24842403829097748
63339,0.27615004777908325
63340,0.26283130049705505
63341,0.32327693700790405
63342,0.29714977741241455
63343,0.25501367449760437
63344,0.3360339105129242
63345,0.29252395033836365
63346,0.2922729551792145
63347,0.34371015429496765
63348,0.2698788642883301
63349,0.27756163477897644
63350,0.26237908005714417
63351,0.2820295989513397
63352,0.2632101774215698
63353,0.25270479917526245
63354,0.25546029210090637
63355,0.2636207342147827
63356,0.2688762843608856
63357,0.2917099893093109
63358,0.27876096963882446
63359,0.26337340474128723
63360,0.2555161118507385
63361,0.2628391683101654
63362,0.30815449357032776
63363,0.2674594819545746
63364,0.3340953290462494
63365,0.28241315484046936
63366,0.3067845404148102
63367,0.30313369631767273
63368,0.27307403087615967
63369,0.34660154581069946
63370,0.35379692912101746
63371,0.3283253610134125
63372,0.30906152725219727
63373,0.28989994525909424
63374,0.26903197169303894
63375,0.2628011703491211
63376,0.25213757157325745
63377,0.24527722597122192
63378,0.2246440201997757
63379,0.20929504930973053
63380,0.2148861587047577
63381,0.22804903984069824
63382,0.2515898644924164
63383,0.2609438896179199
63384,0.26812025904655457
63385,0.2606904208660126
63386,0.23794057965278625
63387,0.2411152422428131
63388,0.24071677029132843
63389,0.24507230520248413
63390,0.2280282974243164
63391,0.2300403118133545
63392,0.24501141905784607
63393,0.25620412826538086
63394,0.2562502324581146
63395,0.27895379066467285
63396,0.25858449935913086
63397,0.2982698678970337
63398,0.26572883129119873
63399,0.31089165806770325
63400,0.3014773428440094
63401,0.2770213782787323
63402,0.2918443977832794
63403,0.3672584891319275
63404,0.2999959886074066
63405,0.3560623526573181
63406,0.3035186529159546
63407,0.33742204308509827
63408,0.3530568480491638
63409,0.34254029393196106
63410,0.2841797173023224
63411,0.319421648979187
63412,0.2830522358417511
63413,0.2899474799633026
63414,0.33424803614616394
63415,0.309369832277298
63416,0.33558976650238037
63417,0.3758299946784973
63418,0.29921841621398926
63419,0.33146023750305176
63420,0.3668178617954254
63421,0.361009418964386
63422,0.37980151176452637
63423,0.3422697186470032
63424,0.3651047646999359
63425,0.31958112120628357
63426,0.3186202943325043
63427,0.35992756485939026
63428,0.3391161262989044
63429,0.3561707139015198
63430,0.29590553045272827
63431,0.40229666233062744
63432,0.4528079330921173
63433,0.3083397150039673
63434,0.3489055633544922
63435,0.364022433757782
63436,0.33677777647972107
63437,0.321992427110672
63438,0.3156709671020508
63439,0.3508743643760681
63440,0.3180773854255676
63441,0.2906467318534851
63442,0.3130916655063629
63443,0.2741215229034424
63444,0.28652268648147583
63445,0.27956709265708923
63446,0.2550734281539917
63447,0.265047162771225
63448,0.2566022574901581
63449,0.2175217568874359
63450,0.22895807027816772
63451,0.2655021846294403
63452,0.2434053272008896
63453,0.27281802892684937
63454,0.29307249188423157
63455,0.31076163053512573
63456,0.3007769286632538
63457,0.2980610132217407
63458,0.27385595440864563
63459,0.3179779052734375
63460,0.3399512469768524
63461,0.31410714983940125
63462,0.31223148107528687
63463,0.30354541540145874
63464,0.3326680660247803
63465,0.359815388917923
63466,0.348636656999588
63467,0.3559098243713379
63468,0.37371888756752014
63469,0.4431225061416626
63470,0.4160521924495697
63471,0.2565804719924927
63472,0.2827184796333313
63473,0.2393890619277954
63474,0.26590588688850403
63475,0.2926937937736511
63476,0.29756999015808105
63477,0.2552966773509979
63478,0.2959480285644531
63479,0.2718192934989929
63480,0.22859430313110352
63481,0.2535959482192993
63482,0.24003000557422638
63483,0.2416657656431198
63484,0.24988731741905212
63485,0.24500317871570587
63486,0.2622841000556946
63487,0.3403726816177368
63488,0.329255610704422
63489,0.3622989058494568
63490,0.3047260344028473
63491,0.3408593237400055
63492,0.34335488080978394
63493,0.3213235139846802
63494,0.3217766284942627
63495,0.3279491364955902
63496,0.31751060485839844
63497,0.2970510721206665
63498,0.31530827283859253
63499,0.3455040752887726
63500,0.2741001844406128
63501,0.27942556142807007
63502,0.3106020987033844
63503,0.31212618947029114
63504,0.28849583864212036
63505,0.28808072209358215
63506,0.2657626271247864
63507,0.25589054822921753
63508,0.25418582558631897
63509,0.23732200264930725
63510,0.28331801295280457
63511,0.2994109094142914
63512,0.31467804312705994
63513,0.32051485776901245
63514,0.33525505661964417
63515,0.30666255950927734
63516,0.32949861884117126
63517,0.2985854148864746
63518,0.2921546995639801
63519,0.28113695979118347
63520,0.2952444851398468
63521,0.2761106491088867
63522,0.30596765875816345
63523,0.2895972430706024
63524,0.27823343873023987
63525,0.24491488933563232
63526,0.24244144558906555
63527,0.25213584303855896
63528,0.2646770477294922
63529,0.2964527904987335
63530,0.29939034581184387
63531,0.2576748728752136
63532,0.27911120653152466
63533,0.26131486892700195
63534,0.2718808352947235
63535,0.31190088391304016
63536,0.33516111969947815
63537,0.3430616557598114
63538,0.294443279504776
63539,0.29205983877182007
63540,0.29592365026474
63541,0.3058798015117645
63542,0.31994694471359253
63543,0.2855434715747833
63544,0.31212496757507324
63545,0.2946508526802063
63546,0.2912180721759796
63547,0.27695393562316895
63548,0.2754595875740051
63549,0.3781144917011261
63550,0.325786292552948
63551,0.32639867067337036
63552,0.31902047991752625
63553,0.2815419137477875
63554,0.2553340196609497
63555,0.24597112834453583
63556,0.24604171514511108
63557,0.3065646290779114
63558,0.35401278734207153
63559,0.30124595761299133
63560,0.33280447125434875
63561,0.3234666883945465
63562,0.3147081136703491
63563,0.2963857650756836
63564,0.30089908838272095
63565,0.32674986124038696
63566,0.2895295321941376
63567,0.2927514910697937
63568,0.3030554950237274
63569,0.38804149627685547
63570,0.36893871426582336
63571,0.3159664273262024
63572,0.3300931751728058
63573,0.2889775037765503
63574,0.3122383654117584
63575,0.31579700112342834
63576,0.3439733684062958
63577,0.33728399872779846
63578,0.33728399872779846
63579,0.37999099493026733
63580,0.358172744512558
63581,0.2961250841617584
63582,0.28545060753822327
63583,0.30487996339797974
63584,0.3365558981895447
63585,0.28675350546836853
63586,0.3335238993167877
63587,0.2805274426937103
63588,0.28993287682533264
63589,0.26702892780303955
63590,0.25187498331069946
63591,0.32261064648628235
63592,0.32309603691101074
63593,0.22753959894180298
63594,0.23302026093006134
63595,0.2511603832244873
63596,0.26665860414505005
63597,0.2650335431098938
63598,0.287450909614563
63599,0.276989221572876
63600,0.27679136395454407
63601,0.260609894990921
63602,0.24483148753643036
63603,0.22061625123023987
63604,0.23243872821331024
63605,0.21257393062114716
63606,0.2269061654806137
63607,0.21393345296382904
63608,0.2295140027999878
63609,0.22293949127197266
63610,0.2217908650636673
63611,0.2467898279428482
63612,0.3369070589542389
63613,0.3801737427711487
63614,0.4072049856185913
63615,0.4057656228542328
63616,0.3334142863750458
63617,0.25444552302360535
63618,0.30674993991851807
63619,0.1472817361354828
63620,0.2737562358379364
63621,0.2744537889957428
63622,0.32045143842697144
63623,0.35764387249946594
63624,0.3210262060165405
63625,0.2131403684616089
63626,0.24482397735118866
63627,0.26466038823127747
63628,0.35695889592170715
63629,0.23950524628162384
63630,0.2540431618690491
63631,0.3010391592979431
63632,0.28748267889022827
63633,0.3342096209526062
63634,0.29075324535369873
63635,0.34053748846054077
63636,0.2747264504432678
63637,0.24569830298423767
63638,0.29705187678337097
63639,0.24568119645118713
63640,0.21227705478668213
63641,0.2778668701648712
63642,0.3999269902706146
63643,0.29599529504776
63644,0.23086166381835938
63645,0.29047954082489014
63646,0.3927598297595978
63647,0.3139779567718506
63648,0.21238109469413757
63649,0.2610247731208801
63650,0.25139668583869934
63651,0.17982667684555054
63652,0.2180808186531067
63653,0.20365510880947113
63654,0.1444125473499298
63655,0.30120378732681274
63656,0.2552189528942108
63657,0.35810327529907227
63658,0.2469351589679718
63659,0.24070294201374054
63660,0.2695830464363098
63661,0.3220250904560089
63662,0.33556097745895386
63663,0.3658515512943268
63664,0.30636367201805115
63665,0.3668194115161896
63666,0.3799040615558624
63667,0.09115154296159744
63668,0.1818278729915619
63669,0.2464933842420578
63670,0.18043439090251923
63671,0.22577011585235596
63672,0.38921433687210083
63673,0.28286394476890564
63674,0.26946645975112915
63675,0.14507168531417847
63676,0.13013491034507751
63677,0.2952715754508972
63678,0.20588460564613342
63679,0.312248170375824
63680,0.3321880102157593
63681,0.2478763610124588
63682,0.2144908905029297
63683,0.25613513588905334
63684,0.17190684378147125
63685,0.22341696918010712
63686,0.33643093705177307
63687,0.37387266755104065
63688,0.34403353929519653
63689,0.20161090791225433
63690,0.19841259717941284
63691,0.2182535082101822
63692,0.21551556885242462
63693,0.32351264357566833
63694,0.27077287435531616
63695,0.22636547684669495
63696,0.1171967014670372
63697,0.17913033068180084
63698,0.3049064874649048
63699,0.22573454678058624
63700,0.19656960666179657
63701,0.27435100078582764
63702,0.28067493438720703
63703,0.22337087988853455
63704,0.33774611353874207
63705,0.27092626690864563
63706,0.34521928429603577
63707,0.298889696598053
63708,0.3547826111316681
63709,0.3241516053676605
63710,0.2488185167312622
63711,0.313973605632782
63712,0.29506468772888184
63713,0.36771371960639954
63714,0.18911957740783691
63715,0.37146425247192383
63716,0.30412766337394714
63717,0.20543871819972992
63718,0.28536319732666016
63719,0.19938607513904572
63720,0.2519990801811218
63721,0.1932847648859024
63722,0.23789051175117493
63723,0.212920680642128
63724,0.19050106406211853
63725,0.28478574752807617
63726,0.29697561264038086
63727,0.2411843091249466
63728,0.32199403643608093
63729,0.33600327372550964
63730,0.2984361946582794
63731,0.22423669695854187
63732,0.31155139207839966
63733,0.2024817019701004
63734,0.20425204932689667
63735,0.23571914434432983
63736,0.1985812783241272
63737,0.1039520874619484
63738,0.20001530647277832
63739,0.1844051033258438
63740,0.2180236279964447
63741,0.15434090793132782
63742,0.2844562828540802
63743,0.27505865693092346
63744,0.17853423953056335
63745,0.23923899233341217
63746,0.19381581246852875
63747,0.2111414521932602
63748,0.21821798384189606
63749,0.2684667408466339
63750,0.28415361046791077
63751,0.26095181703567505
63752,0.2249847948551178
63753,0.2775009274482727
63754,0.2727566659450531
63755,0.22971223294734955
63756,0.26195335388183594
63757,0.14373542368412018
63758,0.13393603265285492
63759,0.18908677995204926
63760,0.3464455306529999
63761,0.29373785853385925
63762,0.22323870658874512
63763,0.2762978672981262
63764,0.29632189869880676
63765,0.301320344209671
63766,0.30096927285194397
63767,0.24479922652244568
63768,0.2855710983276367
63769,0.29751983284950256
63770,0.24717919528484344
63771,0.4481963813304901
63772,0.3002942204475403
63773,0.3948403596878052
63774,0.4207696318626404
63775,0.3157951235771179
63776,0.36911091208457947
63777,0.22993403673171997
63778,0.29356688261032104
63779,0.16452132165431976
63780,0.29588693380355835
63781,0.32053694128990173
63782,0.21623465418815613
63783,0.19109849631786346
63784,0.21126821637153625
63785,0.22118863463401794
63786,0.23040446639060974
63787,0.25036197900772095
63788,0.2634371221065521
63789,0.2502484917640686
63790,0.18787549436092377
63791,0.4329134225845337
63792,0.35113272070884705
63793,0.23305632174015045
63794,0.20224198698997498
63795,0.3272252678871155
63796,0.1701185256242752
63797,0.23709988594055176
63798,0.2510024309158325
63799,0.1877419352531433
63800,0.22502699494361877
63801,0.17864657938480377
63802,0.24087537825107574
63803,0.22645621001720428
63804,0.20913836359977722
63805,0.19079825282096863
63806,0.21408972144126892
63807,0.28393203020095825
63808,0.3028435707092285
63809,0.31242361664772034
63810,0.27037569880485535
63811,0.271067351102829
63812,0.2215753048658371
63813,0.33428752422332764
63814,0.13062797486782074
63815,0.3359321653842926
63816,0.24751584231853485
63817,0.24185214936733246
63818,0.2960679531097412
63819,0.2881607711315155
63820,0.21739308536052704
63821,0.24208343029022217
63822,0.31565287709236145
63823,0.20249727368354797
63824,0.17900660634040833
63825,0.23874306678771973
63826,0.25122982263565063
63827,0.261296808719635
63828,0.25198468565940857
63829,0.29719099402427673
63830,0.3258345425128937
63831,0.37053918838500977
63832,0.3346893787384033
63833,0.3563862442970276
63834,0.2933213412761688
63835,0.27341264486312866
63836,0.24099941551685333
63837,0.3061451315879822
63838,0.18594872951507568
63839,0.3139849305152893
63840,0.3241219222545624
63841,0.391022652387619
63842,0.38595741987228394
63843,0.4054472744464874
63844,0.39299866557121277
63845,0.3089275062084198
63846,0.32641181349754333
63847,0.410139262676239
63848,0.33395880460739136
63849,0.289423406124115
63850,0.310787558555603
63851,0.3637562096118927
63852,0.20656023919582367
63853,0.2163810133934021
63854,0.11537105590105057
63855,0.24322198331356049
63856,0.28352826833724976
63857,0.21022453904151917
63858,0.20274648070335388
63859,0.2602040469646454
63860,0.40814581513404846
63861,0.39441099762916565
63862,0.270220547914505
63863,0.41389569640159607
63864,0.46902528405189514
63865,0.39100709557533264
63866,0.42378905415534973
63867,0.3868579566478729
63868,0.3479476273059845
63869,0.35747429728507996
63870,0.3488105833530426
63871,0.3274655044078827
63872,0.40027472376823425
63873,0.35981282591819763
63874,0.37540480494499207
63875,0.3732997477054596
63876,0.4346439242362976
63877,0.4040685296058655
63878,0.32172489166259766
63879,0.3328959345817566
63880,0.35251209139823914
63881,0.392654150724411
63882,0.34613195061683655
63883,0.39962688088417053
63884,0.37178340554237366
63885,0.3526729941368103
63886,0.34684306383132935
63887,0.3156805634498596
63888,0.3414227366447449
63889,0.2906559705734253
63890,0.3122880756855011
63891,0.30073708295822144
63892,0.33808255195617676
63893,0.3188508152961731
63894,0.32777073979377747
63895,0.31162258982658386
63896,0.3301309645175934
63897,0.36536258459091187
63898,0.37838736176490784
63899,0.4524514973163605
63900,0.4001540243625641
63901,0.46502724289894104
63902,0.4434420168399811
63903,0.40181177854537964
63904,0.4327320158481598
63905,0.41679155826568604
63906,0.3471367061138153
63907,0.32813096046447754
63908,0.37397634983062744
63909,0.43332213163375854
63910,0.2910255789756775
63911,0.2531815767288208
63912,0.29846471548080444
63913,0.2969147861003876
63914,0.3247581124305725
63915,0.1743059903383255
63916,0.16233018040657043
63917,0.18658074736595154
63918,0.22138896584510803
63919,0.2262600213289261
63920,0.12335340678691864
63921,0.1917853057384491
63922,0.2552417814731598
63923,0.18958443403244019
63924,0.24221636354923248
63925,0.13130073249340057
63926,0.1803383231163025
63927,0.2076614946126938
63928,0.2083214968442917
63929,0.19719991087913513
63930,0.21572425961494446
63931,0.27118977904319763
63932,0.1475507766008377
63933,0.2379424273967743
63934,0.20358894765377045
63935,0.17900004982948303
63936,0.23778913915157318
63937,0.17241838574409485
63938,0.1900300234556198
63939,0.18327029049396515
63940,0.2052677869796753
63941,0.255584716796875
63942,0.20459888875484467
63943,0.2390102744102478
63944,0.162668839097023
63945,0.17599739134311676
63946,0.22167015075683594
63947,0.2109142392873764
63948,0.294718861579895
63949,0.33177390694618225
63950,0.19223695993423462
63951,0.3182215988636017
63952,0.22086450457572937
63953,0.31879138946533203
63954,0.2944709062576294
63955,0.22727574408054352
63956,0.1899174302816391
63957,0.19984698295593262
63958,0.21159295737743378
63959,0.28833475708961487
63960,0.26537057757377625
63961,0.46073099970817566
63962,0.2248329073190689
63963,0.49367469549179077
63964,0.2592548727989197
63965,0.14465342462062836
63966,0.22644147276878357
63967,0.2923048138618469
63968,0.22935687005519867
63969,0.355609655380249
63970,0.4307418167591095
63971,0.2542611360549927
63972,0.3727611303329468
63973,0.21826133131980896
63974,0.18382512032985687
63975,0.2142396718263626
63976,0.18379390239715576
63977,0.22540633380413055
63978,0.29450860619544983
63979,0.2897823750972748
63980,0.33109575510025024
63981,0.2947775721549988
63982,0.2273474782705307
63983,0.22043630480766296
63984,0.20933081209659576
63985,0.2576413154602051
63986,0.16997842490673065
63987,0.21493731439113617
63988,0.3628746569156647
63989,0.34172916412353516
63990,0.2438427358865738
63991,0.26942089200019836
63992,0.38824641704559326
63993,0.29957371950149536
63994,0.26238495111465454
63995,0.18957790732383728
63996,0.2305922508239746
63997,0.21957015991210938
63998,0.21827031672000885
63999,0.22544735670089722
64000,0.3218473792076111
64001,0.19382788240909576
64002,0.30108484625816345
64003,0.2504977881908417
64004,0.24754367768764496
64005,0.31344807147979736
64006,0.21056459844112396
64007,0.20376059412956238
64008,0.3090919256210327
64009,0.17827709019184113
64010,0.17859601974487305
64011,0.3028015196323395
64012,0.309230238199234
64013,0.21661512553691864
64014,0.24380050599575043
64015,0.223512664437294
64016,0.34060829877853394
64017,0.23931580781936646
64018,0.19877608120441437
64019,0.22388654947280884
64020,0.2597176730632782
64021,0.16927216947078705
64022,0.24074013531208038
64023,0.2162001132965088
64024,0.1964358240365982
64025,0.19073161482810974
64026,0.25119081139564514
64027,0.2261343002319336
64028,0.2959184944629669
64029,0.24164040386676788
64030,0.2003575563430786
64031,0.21042092144489288
64032,0.21768078207969666
64033,0.1838971972465515
64034,0.2044185996055603
64035,0.2116410881280899
64036,0.18768726289272308
64037,0.26017674803733826
64038,0.17837297916412354
64039,0.15358729660511017
64040,0.22540505230426788
64041,0.18150126934051514
64042,0.18017999827861786
64043,0.23822905123233795
64044,0.21301192045211792
64045,0.23181915283203125
64046,0.26382192969322205
64047,0.27679118514060974
64048,0.24426470696926117
64049,0.2144750952720642
64050,0.24348792433738708
64051,0.21919900178909302
64052,0.2082797735929489
64053,0.36259764432907104
64054,0.28426453471183777
64055,0.2842939496040344
64056,0.2336837649345398
64057,0.24430204927921295
64058,0.2783016860485077
64059,0.2588983178138733
64060,0.1525251716375351
64061,0.2617512047290802
64062,0.15873309969902039
64063,0.2382771521806717
64064,0.300839364528656
64065,0.2808619737625122
64066,0.2767165005207062
64067,0.44988125562667847
64068,0.27268514037132263
64069,0.2437688708305359
64070,0.2592184841632843
64071,0.2833199203014374
64072,0.24850884079933167
64073,0.2119556963443756
64074,0.13162514567375183
64075,0.36558037996292114
64076,0.2973271310329437
64077,0.4490627944469452
64078,0.4545055627822876
64079,0.20611025393009186
64080,0.17068859934806824
64081,0.27961742877960205
64082,0.24178571999073029
64083,0.26374751329421997
64084,0.23751841485500336
64085,0.22381433844566345
64086,0.13398195803165436
64087,0.34346795082092285
64088,0.2940911054611206
64089,0.2508881092071533
64090,0.18069742619991302
64091,0.2249612808227539
64092,0.32078003883361816
64093,0.2882062494754791
64094,0.21552060544490814
64095,0.24199050664901733
64096,0.24073413014411926
64097,0.3499116003513336
64098,0.2208939492702484
64099,0.2657676041126251
64100,0.20385988056659698
64101,0.27015841007232666
64102,0.20456451177597046
64103,0.15252692997455597
64104,0.2772662043571472
64105,0.23104240000247955
64106,0.27175894379615784
64107,0.358778178691864
64108,0.31274399161338806
64109,0.2767057418823242
64110,0.3740282952785492
64111,0.26406532526016235
64112,0.373698890209198
64113,0.17942947149276733
64114,0.14853709936141968
64115,0.1855086088180542
64116,0.2065877765417099
64117,0.20345738530158997
64118,0.218855082988739
64119,0.26595059037208557
64120,0.24576929211616516
64121,0.2929563522338867
64122,0.25105422735214233
64123,0.2333504855632782
64124,0.22823193669319153
64125,0.2284533679485321
64126,0.08865484595298767
64127,0.20449000597000122
64128,0.18792980909347534
64129,0.3759079575538635
64130,0.3209644556045532
64131,0.27461567521095276
64132,0.27584096789360046
64133,0.1958198845386505
64134,0.1541483998298645
64135,0.20900218188762665
64136,0.19979868829250336
64137,0.27482539415359497
64138,0.2317608743906021
64139,0.14617109298706055
64140,0.2755485475063324
64141,0.3133697807788849
64142,0.25199922919273376
64143,0.2286965698003769
64144,0.060722704976797104
64145,0.3575557768344879
64146,0.21586009860038757
64147,0.15701821446418762
64148,0.25648167729377747
64149,0.2757924497127533
64150,0.2881080210208893
64151,0.17471036314964294
64152,0.19728787243366241
64153,0.24934355914592743
64154,0.3736000955104828
64155,0.2876698672771454
64156,0.2685483992099762
64157,0.1832243800163269
64158,0.21106868982315063
64159,0.22106775641441345
64160,0.26003000140190125
64161,0.4532775580883026
64162,
64163,0.19362829625606537
64164,0.2519693970680237
64165,0.2270759642124176
64166,0.3057247996330261
64167,0.31364476680755615
64168,0.39675062894821167
64169,0.45693734288215637
64170,0.3354779779911041
64171,0.2505066394805908
64172,0.3267585039138794
64173,
64174,
64175,
64176,
64177,
64178,
64179,
64180,0.1670771837234497
64181,0.1650630235671997
64182,0.1268467903137207
64183,0.21501940488815308
64184,0.20126685500144958
64185,0.1914091557264328
64186,0.207612544298172
64187,0.24207887053489685
64188,0.26361367106437683
64189,0.2883639633655548
64190,0.29348593950271606
64191,0.27635475993156433
64192,0.2714545428752899
64193,0.2930474877357483
64194,0.2633051872253418
64195,0.2206491082906723
64196,0.22161616384983063
64197,0.2446395754814148
64198,0.2664259970188141
64199,0.31782257556915283
64200,0.3405703008174896
64201,0.3147924542427063
64202,0.2742999196052551
64203,0.286688894033432
64204,0.28320443630218506
64205,0.26164835691452026
64206,0.27344441413879395
64207,0.2545451819896698
64208,0.23837821185588837
64209,0.2471427619457245
64210,0.26989567279815674
64211,0.2882272005081177
64212,0.28407129645347595
64213,0.29731687903404236
64214,0.244831845164299
64215,0.18172824382781982
64216,0.2574365437030792
64217,0.24676133692264557
64218,0.23065216839313507
64219,0.25400248169898987
64220,0.26198166608810425
64221,0.2729935646057129
64222,0.25681567192077637
64223,0.24193814396858215
64224,0.24454917013645172
64225,0.22824826836585999
64226,0.23127464950084686
64227,0.23192282021045685
64228,0.24668197333812714
64229,0.2335994392633438
64230,0.23077140748500824
64231,0.18630099296569824
64232,0.18928872048854828
64233,0.1902943253517151
64234,0.19385270774364471
64235,0.16295015811920166
64236,0.18573307991027832
64237,0.2483728975057602
64238,0.23551194369792938
64239,0.21612343192100525
64240,0.19278310239315033
64241,0.24993066489696503
64242,0.23510129749774933
64243,0.24305029213428497
64244,0.24305029213428497
64245,0.24305029213428497
64246,0.24305029213428497
64247,0.214860200881958
64248,0.214860200881958
64249,0.22321487963199615
64250,0.2092309594154358
64251,0.27165672183036804
64252,0.2768450677394867
64253,0.3004201650619507
64254,0.16710799932479858
64255,0.16011419892311096
64256,0.31212419271469116
64257,0.45028796792030334
64258,0.2850371301174164
64259,0.3611599802970886
64260,0.33601221442222595
64261,0.4241088330745697
64262,0.4264345169067383
64263,0.24029646813869476
64264,0.23414938151836395
64265,0.34477677941322327
64266,0.20782829821109772
64267,0.27773231267929077
64268,0.2376929074525833
64269,0.21388430893421173
64270,0.18070998787879944
64271,0.34448298811912537
64272,0.29113999009132385
64273,0.23262858390808105
64274,0.2569541931152344
64275,0.2892819046974182
64276,0.34609857201576233
64277,0.47643423080444336
64278,0.32094258069992065
64279,0.4401543140411377
64280,0.17138123512268066
64281,0.3612481951713562
64282,0.26615458726882935
64283,0.29121169447898865
64284,0.3130161166191101
64285,0.2626168131828308
64286,0.29214826226234436
64287,0.22987061738967896
64288,0.17297042906284332
64289,0.17283658683300018
64290,0.3219766318798065
64291,0.2074904441833496
64292,0.36433401703834534
64293,0.20630377531051636
64294,0.2985195815563202
64295,0.10695916414260864
64296,0.13766390085220337
64297,0.17984232306480408
64298,0.26178768277168274
64299,0.14804236590862274
64300,0.2214973270893097
64301,0.2426903396844864
64302,0.2029539942741394
64303,0.2722562551498413
64304,0.26898714900016785
64305,0.23193633556365967
64306,0.15498273074626923
64307,0.24163185060024261
64308,0.23797498643398285
64309,0.2702789604663849
64310,0.2665247917175293
64311,0.15559449791908264
64312,0.14583350718021393
64313,0.3395361602306366
64314,0.28996357321739197
64315,0.36420953273773193
64316,0.21020472049713135
64317,0.26589104533195496
64318,0.17427854239940643
64319,0.23436866700649261
64320,0.2000378668308258
64321,0.205688014626503
64322,0.3116726875305176
64323,0.26504573225975037
64324,0.212443009018898
64325,0.21294865012168884
64326,0.2753978669643402
64327,0.2909764349460602
64328,0.29966819286346436
64329,0.27525794506073
64330,0.26935988664627075
64331,0.31675010919570923
64332,0.2900664508342743
64333,0.26644542813301086
64334,0.24208195507526398
64335,0.27623119950294495
64336,0.2652350664138794
64337,0.22501103579998016
64338,0.31104421615600586
64339,0.27111220359802246
64340,0.3424714207649231
64341,0.3064853847026825
64342,0.29046830534935
64343,0.32784879207611084
64344,0.20417942106723785
64345,0.24233663082122803
64346,0.1830618530511856
64347,0.25272464752197266
64348,0.2102869600057602
64349,0.20384818315505981
64350,0.1971123367547989
64351,0.21694642305374146
64352,0.2629826068878174
64353,0.2723403871059418
64354,0.20216773450374603
64355,0.2418108582496643
64356,0.31663626432418823
64357,0.2802603840827942
64358,0.2634841203689575
64359,0.29684969782829285
64360,0.35112616419792175
64361,0.21684566140174866
64362,0.25292128324508667
64363,0.2794836163520813
64364,0.23169268667697906
64365,0.26400089263916016
64366,0.2402045577764511
64367,0.18230874836444855
64368,0.2454139143228531
64369,0.23930826783180237
64370,0.2504045069217682
64371,0.24884143471717834
64372,0.3758070170879364
64373,0.32555899024009705
64374,0.18911032378673553
64375,0.1738545149564743
64376,0.4092111885547638
64377,0.2785223424434662
64378,0.23388250172138214
64379,0.16794125735759735
64380,0.2509400248527527
64381,0.24512124061584473
64382,0.29410675168037415
64383,0.24441801011562347
64384,0.22791586816310883
64385,0.21786347031593323
64386,0.2322932928800583
64387,0.1416560262441635
64388,0.1791893094778061
64389,0.27479466795921326
64390,0.17138153314590454
64391,0.20178480446338654
64392,0.33441492915153503
64393,0.33402469754219055
64394,0.2544901669025421
64395,0.32908180356025696
64396,0.13973182439804077
64397,0.21825860440731049
64398,0.22808359563350677
64399,0.3171001076698303
64400,0.29304736852645874
64401,0.31310197710990906
64402,0.29436373710632324
64403,0.22175562381744385
64404,0.2536245584487915
64405,0.30778568983078003
64406,0.2905918061733246
64407,0.2402055263519287
64408,0.2183128446340561
64409,0.268067866563797
64410,0.17422376573085785
64411,0.20394927263259888
64412,0.2426527440547943
64413,0.2483980357646942
64414,0.16475418210029602
64415,0.22118020057678223
64416,0.22288930416107178
64417,0.1846756786108017
64418,0.20846952497959137
64419,0.21034233272075653
64420,0.3311951160430908
64421,0.16636234521865845
64422,0.2451823651790619
64423,0.22864080965518951
64424,0.17564140260219574
64425,0.23820745944976807
64426,0.27631640434265137
64427,0.2652833163738251
64428,0.19612760841846466
64429,0.16476570069789886
64430,0.22796154022216797
64431,0.2758069336414337
64432,0.22776295244693756
64433,0.20133794844150543
64434,0.1810104250907898
64435,0.1288546770811081
64436,0.19755588471889496
64437,0.27880847454071045
64438,0.34936434030532837
64439,0.21494454145431519
64440,0.33158090710639954
64441,0.21455168724060059
64442,0.2169664204120636
64443,0.25333938002586365
64444,0.22246210277080536
64445,0.19024187326431274
64446,0.16964858770370483
64447,0.16074812412261963
64448,0.27013227343559265
64449,0.22226937115192413
64450,0.252370685338974
64451,0.34441515803337097
64452,0.3364585041999817
64453,0.33719369769096375
64454,0.22098657488822937
64455,0.14702579379081726
64456,0.17327038943767548
64457,0.343231737613678
64458,0.24326875805854797
64459,0.22706569731235504
64460,0.16403453052043915
64461,0.14464916288852692
64462,0.2909552752971649
64463,0.19545358419418335
64464,0.2544388175010681
64465,0.25799378752708435
64466,0.17596913874149323
64467,0.17248517274856567
64468,0.22625114023685455
64469,0.22059035301208496
64470,0.1517111212015152
64471,0.1462896317243576
64472,0.12873229384422302
64473,0.15840226411819458
64474,0.09670250117778778
64475,0.12239749729633331
64476,0.23813103139400482
64477,0.12481868267059326
64478,0.17302162945270538
64479,0.29108306765556335
64480,0.1865828037261963
64481,0.14059381186962128
64482,0.35201555490493774
64483,0.20035287737846375
64484,0.21704363822937012
64485,0.2864236831665039
64486,0.3406493365764618
64487,0.2516293525695801
64488,0.2319166660308838
64489,0.23021480441093445
64490,0.22024627029895782
64491,0.3229128420352936
64492,0.2849114239215851
64493,0.21696536242961884
64494,0.320369690656662
64495,0.2048480361700058
64496,0.27548009157180786
64497,0.2601960003376007
64498,0.2619308531284332
64499,0.2521996796131134
64500,0.28651192784309387
64501,0.26211029291152954
64502,0.15555618703365326
64503,0.2157251536846161
64504,0.20607860386371613
64505,0.30560940504074097
64506,0.20029161870479584
64507,0.3218071460723877
64508,0.19730353355407715
64509,0.15125052630901337
64510,0.19011744856834412
64511,0.23026679456233978
64512,0.20447175204753876
64513,0.3712673485279083
64514,0.299386590719223
64515,0.2736392617225647
64516,0.22657231986522675
64517,0.2895221412181854
64518,0.35760974884033203
64519,0.2647610008716583
64520,0.31975647807121277
64521,0.2602144777774811
64522,0.23383617401123047
64523,0.18270760774612427
64524,0.2522928714752197
64525,0.21930299699306488
64526,0.2378925085067749
64527,0.18936553597450256
64528,0.25934645533561707
64529,0.19055604934692383
64530,0.16717329621315002
64531,0.20801784098148346
64532,0.1329406499862671
64533,0.19822677969932556
64534,0.18308086693286896
64535,0.24934878945350647
64536,0.22973069548606873
64537,0.32092615962028503
64538,0.22570641338825226
64539,0.2899587154388428
64540,0.44155532121658325
64541,0.4159890413284302
64542,0.27535003423690796
64543,0.18483951687812805
64544,0.19100242853164673
64545,0.19075141847133636
64546,0.23231402039527893
64547,0.2509942054748535
64548,0.2839917540550232
64549,0.31994426250457764
64550,0.2782653570175171
64551,0.25342658162117004
64552,0.3173588216304779
64553,0.30178889632225037
64554,0.3130269944667816
64555,0.26652833819389343
64556,0.19260558485984802
64557,0.21415267884731293
64558,0.2823253870010376
64559,0.24987518787384033
64560,0.2437971830368042
64561,0.25354504585266113
64562,0.24775685369968414
64563,0.21761009097099304
64564,0.22487227618694305
64565,0.18568171560764313
64566,0.292629599571228
64567,0.3340313732624054
64568,0.24934034049510956
64569,0.20822229981422424
64570,0.25516897439956665
64571,0.2602473795413971
64572,0.1695007085800171
64573,0.221697598695755
64574,0.21895873546600342
64575,0.2832740247249603
64576,0.1927875429391861
64577,0.18636266887187958
64578,0.17942239344120026
64579,0.2504260838031769
64580,0.3272657096385956
64581,0.30297157168388367
64582,0.2829689085483551
64583,0.2292865365743637
64584,0.25098198652267456
64585,0.1919623613357544
64586,0.20926302671432495
64587,0.10772819072008133
64588,0.1821397989988327
64589,0.31080594658851624
64590,0.2439401000738144
64591,0.29683277010917664
64592,0.2733963131904602
64593,0.19092319905757904
64594,0.21483062207698822
64595,0.21712450683116913
64596,0.3307950794696808
64597,0.2910071015357971
64598,0.3804565370082855
64599,0.33068326115608215
64600,0.22451332211494446
64601,0.31065231561660767
64602,0.19315023720264435
64603,0.23521730303764343
64604,0.23092661798000336
64605,0.2545347809791565
64606,0.22213654220104218
64607,0.2320300042629242
64608,0.23377224802970886
64609,0.3295493721961975
64610,0.2943543493747711
64611,0.2132638692855835
64612,0.2251439243555069
64613,0.1667354851961136
64614,0.14824844896793365
64615,0.20267871022224426
64616,0.20177888870239258
64617,0.22336643934249878
64618,0.09530016034841537
64619,0.20377135276794434
64620,0.21377268433570862
64621,0.3097740113735199
64622,0.12836545705795288
64623,0.23251113295555115
64624,0.24975626170635223
64625,0.28706371784210205
64626,0.2760694921016693
64627,0.4250897765159607
64628,0.2817690074443817
64629,0.26675286889076233
64630,0.145002081990242
64631,0.16486944258213043
64632,0.16785624623298645
64633,0.16382379829883575
64634,0.15176120400428772
64635,0.15689678490161896
64636,0.15817371010780334
64637,0.16649459302425385
64638,0.1992739886045456
64639,0.19281399250030518
64640,0.22154131531715393
64641,0.25701668858528137
64642,0.2249596118927002
64643,0.23465992510318756
64644,0.22380661964416504
64645,0.19832013547420502
64646,0.2181873321533203
64647,0.2017267346382141
64648,0.23878665268421173
64649,0.235123410820961
64650,0.20374587178230286
64651,0.20403370261192322
64652,0.19058987498283386
64653,0.1638592779636383
64654,0.1648557335138321
64655,0.1506226360797882
64656,0.1533268541097641
64657,0.1955300271511078
64658,0.21161796152591705
64659,0.18942776322364807
64660,0.2242404967546463
64661,0.2545478940010071
64662,0.22299790382385254
64663,0.4219565689563751
64664,0.4150039553642273
64665,0.1914670467376709
64666,0.2031063735485077
64667,0.3125862181186676
64668,0.22110410034656525
64669,0.2689041793346405
64670,0.33325305581092834
64671,0.28368401527404785
64672,0.2549349367618561
64673,0.29113277792930603
64674,0.22307930886745453
64675,0.18968920409679413
64676,0.18904179334640503
64677,0.22877545654773712
64678,0.19782760739326477
64679,0.23338082432746887
64680,0.23286589980125427
64681,0.18094971776008606
64682,0.20846980810165405
64683,0.15807487070560455
64684,0.2865113615989685
64685,0.2329453080892563
64686,0.28970733284950256
64687,0.2883565127849579
64688,0.21056076884269714
64689,0.11160614341497421
64690,0.17063546180725098
64691,0.2589515745639801
64692,0.34414005279541016
64693,0.23932647705078125
64694,0.27396878600120544
64695,0.3186089098453522
64696,0.22233685851097107
64697,0.26510560512542725
64698,0.3138723075389862
64699,0.27160391211509705
64700,0.30785903334617615
64701,0.28945061564445496
64702,0.16953103244304657
64703,0.2903788387775421
64704,0.29537877440452576
64705,0.2517164945602417
64706,0.2622905373573303
64707,0.2233244925737381
64708,0.34034696221351624
64709,0.2123706340789795
64710,0.16786730289459229
64711,0.19875992834568024
64712,0.13772182166576385
64713,0.19830206036567688
64714,0.16937638819217682
64715,0.2093612551689148
64716,0.23216916620731354
64717,0.22133629024028778
64718,0.2717124819755554
64719,0.22578510642051697
64720,0.27833065390586853
64721,0.32141876220703125
64722,0.16229215264320374
64723,0.16566292941570282
64724,0.06477387994527817
64725,0.13981454074382782
64726,0.19656528532505035
64727,0.21067838370800018
64728,0.11899611353874207
64729,0.2967347204685211
64730,0.2511882781982422
64731,0.18554802238941193
64732,0.15813829004764557
64733,0.15237973630428314
64734,0.1560893952846527
64735,0.1786535382270813
64736,0.18903174996376038
64737,0.17340116202831268
64738,0.1456001251935959
64739,0.21841470897197723
64740,0.17856638133525848
64741,0.2029905617237091
64742,0.16837511956691742
64743,0.16799430549144745
64744,0.1554974764585495
64745,0.15067996084690094
64746,0.1799120157957077
64747,0.1787378191947937
64748,0.18108972907066345
64749,0.1969597488641739
64750,0.21218974888324738
64751,0.20666179060935974
64752,0.17018654942512512
64753,0.18417015671730042
64754,0.18425816297531128
64755,0.19011591374874115
64756,0.22204560041427612
64757,0.21016138792037964
64758,0.2311592549085617
64759,0.2493966817855835
64760,0.26613062620162964
64761,0.2616288959980011
64762,0.29945430159568787
64763,0.24097312986850739
64764,0.2642483711242676
64765,0.21888716518878937
64766,0.1920936107635498
64767,0.1302650272846222
64768,0.16654187440872192
64769,0.20062953233718872
64770,0.20766045153141022
64771,0.20500358939170837
64772,0.21145595610141754
64773,0.20607444643974304
64774,0.18406274914741516
64775,0.21799610555171967
64776,0.22105573117733002
64777,0.19822056591510773
64778,0.19575810432434082
64779,0.18891876935958862
64780,0.17377391457557678
64781,0.1797015368938446
64782,0.15353411436080933
64783,0.17077282071113586
64784,0.2103804498910904
64785,0.18413759768009186
64786,0.18199752271175385
64787,0.1978875696659088
64788,0.17510825395584106
64789,0.20202946662902832
64790,0.19636231660842896
64791,0.1747487634420395
64792,0.14577129483222961
64793,0.15740950405597687
64794,0.15816281735897064
64795,0.18908199667930603
64796,0.17595253884792328
64797,0.16641370952129364
64798,0.1649172604084015
64799,0.14293411374092102
64800,0.17017945647239685
64801,0.19810226559638977
64802,0.2411036193370819
64803,0.24861299991607666
64804,0.2975131571292877
64805,0.2518434226512909
64806,0.2591119110584259
64807,0.2247249037027359
64808,0.2502003014087677
64809,0.2947435975074768
64810,0.2604568302631378
64811,0.24012374877929688
64812,0.22393101453781128
64813,0.23609724640846252
64814,0.26081135869026184
64815,0.23640935122966766
64816,0.24518240988254547
64817,0.2367049753665924
64818,0.2517646551132202
64819,0.24044448137283325
64820,0.2611278295516968
64821,0.2559075355529785
64822,0.21285393834114075
64823,0.2187710553407669
64824,0.273588627576828
64825,0.2390189915895462
64826,0.23406289517879486
64827,0.2767292261123657
64828,0.16364963352680206
64829,0.18105468153953552
64830,0.18766939640045166
64831,0.17194215953350067
64832,0.2202947735786438
64833,0.20339588820934296
64834,0.2121974527835846
64835,0.23541316390037537
64836,0.23771797120571136
64837,0.18789120018482208
64838,0.15788426995277405
64839,0.17909614741802216
64840,0.20116384327411652
64841,0.18441660702228546
64842,0.21520528197288513
64843,0.22767384350299835
64844,0.22580406069755554
64845,0.2507873773574829
64846,0.25280293822288513
64847,0.20072481036186218
64848,0.19778050482273102
64849,0.20139718055725098
64850,0.17565041780471802
64851,0.19389943778514862
64852,0.19387507438659668
64853,0.23412640392780304
64854,0.2152547389268875
64855,0.22422023117542267
64856,0.21497824788093567
64857,0.2346208542585373
64858,0.24715574085712433
64859,0.2778260409832001
64860,0.2773504853248596
64861,0.2761877179145813
64862,0.23017221689224243
64863,0.23017221689224243
64864,0.23685507476329803
64865,0.2479410022497177
64866,0.19884611666202545
64867,0.2162439078092575
64868,0.21173426508903503
64869,0.26359546184539795
64870,0.2707732021808624
64871,0.2814512848854065
64872,0.27183252573013306
64873,0.2633275091648102
64874,0.2817498445510864
64875,0.20934827625751495
64876,0.1916263848543167
64877,0.17736032605171204
64878,0.167882040143013
64879,0.1705535352230072
64880,0.17292267084121704
64881,0.1718144714832306
64882,0.17921528220176697
64883,0.21030330657958984
64884,0.1952662318944931
64885,0.2005130648612976
64886,0.16215544939041138
64887,0.20652244985103607
64888,0.24103179574012756
64889,0.2216738909482956
64890,0.18446919322013855
64891,0.15587203204631805
64892,0.18669293820858002
64893,0.15036770701408386
64894,0.2070075273513794
64895,0.2830244302749634
64896,0.2669186592102051
64897,0.3036075532436371
64898,0.3276705741882324
64899,0.3242674171924591
64900,0.3308829963207245
64901,0.28591394424438477
64902,0.3256000280380249
64903,0.34438854455947876
64904,0.33549198508262634
64905,0.2985837161540985
64906,0.2966903746128082
64907,0.27482208609580994
64908,0.23884981870651245
64909,0.2510888874530792
64910,0.2849288582801819
64911,0.3284721076488495
64912,0.27226805686950684
64913,0.27332043647766113
64914,0.1382516324520111
64915,0.20836667716503143
64916,0.21526217460632324
64917,0.2630122900009155
64918,0.3396748900413513
64919,0.24794363975524902
64920,0.26420608162879944
64921,0.3043842911720276
64922,0.2745652496814728
64923,0.2808181643486023
64924,0.21000072360038757
64925,0.25755730271339417
64926,0.2709326148033142
64927,0.2848598062992096
64928,0.32669755816459656
64929,0.3343297243118286
64930,0.3617844879627228
64931,0.38420388102531433
64932,0.34923675656318665
64933,0.3324716091156006
64934,0.24863675236701965
64935,0.2488967925310135
64936,0.2899184823036194
64937,0.2832322418689728
64938,0.3063361644744873
64939,0.3115873634815216
64940,0.3458668291568756
64941,0.3094131052494049
64942,0.28810369968414307
64943,0.18940439820289612
64944,0.16731446981430054
64945,0.1596696972846985
64946,0.14403238892555237
64947,0.1333436667919159
64948,0.1314370334148407
64949,0.13906128704547882
64950,0.1536063551902771
64951,0.15651462972164154
64952,0.16044729948043823
64953,0.22507575154304504
64954,0.19457441568374634
64955,0.19322386384010315
64956,0.20938247442245483
64957,0.2177656888961792
64958,0.197811558842659
64959,0.17334818840026855
64960,0.14995551109313965
64961,0.13951976597309113
64962,0.13802827894687653
64963,0.12641489505767822
64964,0.11128978431224823
64965,0.11622926592826843
64966,0.2315516173839569
64967,0.30399829149246216
64968,0.20449009537696838
64969,0.16023175418376923
64970,0.19873486459255219
64971,0.2330467402935028
64972,0.24133260548114777
64973,0.24022521078586578
64974,0.24108344316482544
64975,0.23925058543682098
64976,0.23146237432956696
64977,0.23605957627296448
64978,0.2217516005039215
64979,0.22576873004436493
64980,0.21514664590358734
64981,0.20800547301769257
64982,0.21043667197227478
64983,0.21524357795715332
64984,0.23482868075370789
64985,0.19769084453582764
64986,0.22293084859848022
64987,0.22803190350532532
64988,0.22938400506973267
64989,0.22064363956451416
64990,0.21678359806537628
64991,0.19394677877426147
64992,0.2172420620918274
64993,0.2151891589164734
64994,0.20859377086162567
64995,0.19007249176502228
64996,0.19714339077472687
64997,0.2133374959230423
64998,0.2258061319589615
64999,0.2098449319601059
65000,0.18143807351589203
65001,0.2236696183681488
65002,0.21400737762451172
65003,0.22179093956947327
65004,0.20735527575016022
65005,0.21108773350715637
65006,0.23782415688037872
65007,0.20833033323287964
65008,0.21610888838768005
65009,0.16678674519062042
65010,0.20080877840518951
65011,0.17970696091651917
65012,0.20169611275196075
65013,0.20329980552196503
65014,0.20579490065574646
65015,0.19614996016025543
65016,0.196706160902977
65017,0.2089768946170807
65018,0.18568024039268494
65019,0.18867573142051697
65020,0.19225139915943146
65021,0.1969781517982483
65022,0.1837175041437149
65023,0.17670421302318573
65024,0.1704997718334198
65025,0.1870621144771576
65026,0.16444124281406403
65027,0.15260225534439087
65028,0.16644912958145142
65029,0.16331832110881805
65030,0.18044765293598175
65031,0.1971062421798706
65032,0.2027101218700409
65033,0.199292853474617
65034,0.18878912925720215
65035,0.17405249178409576
65036,0.17075559496879578
65037,0.170613631606102
65038,0.19438831508159637
65039,0.23801104724407196
65040,0.17776043713092804
65041,0.20539148151874542
65042,0.19700558483600616
65043,0.2017563283443451
65044,0.18553124368190765
65045,0.192020446062088
65046,0.1702600121498108
65047,0.18643225729465485
65048,0.19838713109493256
65049,0.20163527131080627
65050,0.1865568459033966
65051,0.2045827955007553
65052,0.20260877907276154
65053,0.22100841999053955
65054,0.1995498090982437
65055,0.26456019282341003
65056,0.26293620467185974
65057,0.23322947323322296
65058,0.18520358204841614
65059,0.16826699674129486
65060,0.15657643973827362
65061,0.18916969001293182
65062,0.08157563954591751
65063,0.20084607601165771
65064,0.1654827743768692
65065,0.2038993537425995
65066,0.1584322601556778
65067,0.19506266713142395
65068,0.145316481590271
65069,0.13069915771484375
65070,0.18223907053470612
65071,0.25114524364471436
65072,0.16631393134593964
65073,0.11740684509277344
65074,0.19867916405200958
65075,0.18853408098220825
65076,0.12279806286096573
65077,0.20189201831817627
65078,0.0769289955496788
65079,0.26324209570884705
65080,0.23623336851596832
65081,0.17216522991657257
65082,0.13592657446861267
65083,0.22042155265808105
65084,0.09830160439014435
65085,0.09788962453603745
65086,0.1408291608095169
65087,0.16966968774795532
65088,0.15517622232437134
65089,0.2343667894601822
65090,0.15729473531246185
65091,0.23059700429439545
65092,0.1843189001083374
65093,0.22624197602272034
65094,0.22036756575107574
65095,0.2132899910211563
65096,0.22948040068149567
65097,0.35807281732559204
65098,0.3241361975669861
65099,0.19303199648857117
65100,0.36350470781326294
65101,0.369413286447525
65102,0.35258108377456665
65103,0.4337120056152344
65104,0.332648903131485
65105,0.27368059754371643
65106,0.3728451430797577
65107,0.21283689141273499
65108,0.12013492733240128
65109,0.2585837244987488
65110,0.38245338201522827
65111,0.09134726226329803
65112,0.3119523823261261
65113,0.29198578000068665
65114,0.21204641461372375
65115,0.297381192445755
65116,0.1670437753200531
65117,0.1743488311767578
65118,0.22122254967689514
65119,0.09462464600801468
65120,0.25358542799949646
65121,0.1527792513370514
65122,0.20895738899707794
65123,0.25774019956588745
65124,0.22939623892307281
65125,0.24404074251651764
65126,0.2588677704334259
65127,0.49293622374534607
65128,0.22415931522846222
65129,0.20987306535243988
65130,0.24683789908885956
65131,0.29575076699256897
65132,0.21969196200370789
65133,0.2124537080526352
65134,0.20942792296409607
65135,0.19983425736427307
65136,0.1073363795876503
65137,0.33042043447494507
65138,0.3414584696292877
65139,0.3279091417789459
65140,0.38051217794418335
65141,0.12601257860660553
65142,0.1152028739452362
65143,0.186212956905365
65144,0.219340518116951
65145,0.2613861858844757
65146,0.18883952498435974
65147,0.351608008146286
65148,0.4205961227416992
65149,0.3677124083042145
65150,0.2472866326570511
65151,0.2217022329568863
65152,0.27251821756362915
65153,0.2503916621208191
65154,0.2818334102630615
65155,0.3536471426486969
65156,0.35133880376815796
65157,0.35582393407821655
65158,0.2887856662273407
65159,0.21054589748382568
65160,0.30738526582717896
65161,0.3560590147972107
65162,0.2009379118680954
65163,0.3219088912010193
65164,0.35186243057250977
65165,0.30698156356811523
65166,0.33328092098236084
65167,0.2094215601682663
65168,0.3194558024406433
65169,0.28818488121032715
65170,0.2747073471546173
65171,0.39903658628463745
65172,0.3077380359172821
65173,0.27170389890670776
65174,0.2517862617969513
65175,0.2406037300825119
65176,0.23328323662281036
65177,0.20354561507701874
65178,0.24602080881595612
65179,0.2349451780319214
65180,0.19989292323589325
65181,0.20678041875362396
65182,0.2078598141670227
65183,0.2118225395679474
65184,0.18192754685878754
65185,0.22807477414608002
65186,0.23948423564434052
65187,0.2548920810222626
65188,0.19355888664722443
65189,0.18510864675045013
65190,0.21863146126270294
65191,0.2378259301185608
65192,0.2171425074338913
65193,0.25471609830856323
65194,0.2603904902935028
65195,0.2688765227794647
65196,0.23179739713668823
65197,0.27938342094421387
65198,0.3451310992240906
65199,0.15897604823112488
65200,0.20290404558181763
65201,0.2070012390613556
65202,0.29008880257606506
65203,0.27113357186317444
65204,0.2324461042881012
65205,0.2547610104084015
65206,0.2555277645587921
65207,0.21279481053352356
65208,0.2540375292301178
65209,0.29130783677101135
65210,0.2430439293384552
65211,0.23563261330127716
65212,0.28014203906059265
65213,0.2416570633649826
65214,0.29509252309799194
65215,0.26262369751930237
65216,0.23519960045814514
65217,0.21795791387557983
65218,0.22213192284107208
65219,0.1935042291879654
65220,0.1641130894422531
65221,0.20484225451946259
65222,0.2604105770587921
65223,0.25236696004867554
65224,0.2051459103822708
65225,0.2531399130821228
65226,0.28504255414009094
65227,0.3438912034034729
65228,0.27921944856643677
65229,0.18581782281398773
65230,0.2725667655467987
65231,0.22835798561573029
65232,0.17390522360801697
65233,0.1967502385377884
65234,0.12945149838924408
65235,0.1863195300102234
65236,0.1599983125925064
65237,0.2686644494533539
65238,0.24862420558929443
65239,0.24341560900211334
65240,0.29397499561309814
65241,0.4001880884170532
65242,0.3071765601634979
65243,0.23971013724803925
65244,0.30822139978408813
65245,0.42310723662376404
65246,0.22079402208328247
65247,0.2553189992904663
65248,0.2583480775356293
65249,0.36317941546440125
65250,0.24417714774608612
65251,0.2564702033996582
65252,0.2997516095638275
65253,0.2851388454437256
65254,0.3291468620300293
65255,0.22067399322986603
65256,0.2581357955932617
65257,0.19943839311599731
65258,0.19583158195018768
65259,0.188425213098526
65260,0.2344726175069809
65261,0.27176719903945923
65262,0.18998445570468903
65263,0.32102158665657043
65264,0.2702085077762604
65265,0.16055189073085785
65266,0.16261719167232513
65267,0.19476938247680664
65268,0.2561885416507721
65269,0.16886812448501587
65270,0.16180232167243958
65271,0.21829719841480255
65272,0.20497049391269684
65273,0.22979016602039337
65274,0.21924784779548645
65275,0.32235050201416016
65276,0.22154241800308228
65277,0.5181194543838501
65278,0.6041022539138794
65279,0.5627726912498474
65280,0.4126320779323578
65281,0.3555096983909607
65282,0.3960467278957367
65283,0.2760915756225586
65284,0.23818862438201904
65285,0.15004204213619232
65286,0.2808103859424591
65287,0.19413508474826813
65288,0.3086760342121124
65289,0.16128870844841003
65290,0.2810911536216736
65291,0.2556505799293518
65292,0.30093252658843994
65293,0.3049045503139496
65294,0.38987284898757935
65295,0.3692438304424286
65296,0.32291343808174133
65297,0.2317076474428177
65298,0.2342035174369812
65299,0.34926727414131165
65300,0.25749677419662476
65301,0.2931276857852936
65302,0.3434431552886963
65303,0.3485603928565979
65304,0.33554807305336
65305,0.3145183324813843
65306,0.26134437322616577
65307,0.20322738587856293
65308,0.309709370136261
65309,0.2033599615097046
65310,0.12286195904016495
65311,0.1733337938785553
65312,0.20952953398227692
65313,0.1656038463115692
65314,0.21038810908794403
65315,0.17033261060714722
65316,0.26371386647224426
65317,0.21039824187755585
65318,0.21464958786964417
65319,0.2541372776031494
65320,0.278660386800766
65321,0.2848200798034668
65322,0.305196076631546
65323,0.3521130681037903
65324,0.16894422471523285
65325,0.20075154304504395
65326,0.2882832884788513
65327,0.3408440947532654
65328,0.2529066801071167
65329,0.20875804126262665
65330,0.3196885585784912
65331,0.30457252264022827
65332,0.20085154473781586
65333,0.2603568434715271
65334,0.2897437512874603
65335,0.3305286467075348
65336,0.2900572121143341
65337,0.35848942399024963
65338,0.2727307081222534
65339,0.2090919315814972
65340,0.16803687810897827
65341,0.1638893336057663
65342,0.2806483507156372
65343,0.32724255323410034
65344,0.3217034935951233
65345,0.2863006591796875
65346,0.31460899114608765
65347,0.2863711714744568
65348,0.33869147300720215
65349,0.28551143407821655
65350,0.2356809824705124
65351,0.24604234099388123
65352,0.24080732464790344
65353,0.24278168380260468
65354,0.27759918570518494
65355,0.32890188694000244
65356,0.4542251229286194
65357,0.22454364597797394
65358,0.2716246247291565
65359,0.2504958510398865
65360,0.2472323328256607
65361,0.23361214995384216
65362,0.23248127102851868
65363,0.3247103989124298
65364,0.18267175555229187
65365,0.26242753863334656
65366,0.24827636778354645
65367,0.33564719557762146
65368,0.20904363691806793
65369,0.250079482793808
65370,0.19632276892662048
65371,0.15566818416118622
65372,0.2818518280982971
65373,0.27606895565986633
65374,0.2369922250509262
65375,0.19703227281570435
65376,0.2703315317630768
65377,0.25971123576164246
65378,0.22608810663223267
65379,0.2746139466762543
65380,0.2045540064573288
65381,0.2344689518213272
65382,0.1788318157196045
65383,0.1784380078315735
65384,0.19212785363197327
65385,0.18370582163333893
65386,0.18898281455039978
65387,0.22163541615009308
65388,0.2878971993923187
65389,0.24700632691383362
65390,0.22647149860858917
65391,0.2724400758743286
65392,0.20236873626708984
65393,0.20997467637062073
65394,0.3052979111671448
65395,0.27683696150779724
65396,0.2550147771835327
65397,0.2003791183233261
65398,0.19948433339595795
65399,0.20896677672863007
65400,0.1869650036096573
65401,0.2236737757921219
65402,0.22962062060832977
65403,0.29292014241218567
65404,0.2986452281475067
65405,0.3401908874511719
65406,0.29307347536087036
65407,0.27698999643325806
65408,0.2797348201274872
65409,0.2638353407382965
65410,0.2761317491531372
65411,0.2834792137145996
65412,0.2656947374343872
65413,0.34376806020736694
65414,0.22938419878482819
65415,0.23302920162677765
65416,0.22804497182369232
65417,0.22166317701339722
65418,0.237895667552948
65419,0.20612764358520508
65420,0.22074967622756958
65421,0.29278886318206787
65422,0.20489639043807983
65423,0.25652772188186646
65424,0.3766365945339203
65425,0.2332209050655365
65426,0.4735429584980011
65427,0.19825442135334015
65428,0.25146225094795227
65429,0.27374476194381714
65430,0.21428890526294708
65431,0.17765282094478607
65432,0.18960179388523102
65433,0.2141469269990921
65434,0.21507777273654938
65435,0.2606293261051178
65436,0.21854016184806824
65437,0.31049302220344543
65438,0.25306639075279236
65439,0.2502625584602356
65440,0.19314926862716675
65441,0.16045302152633667
65442,0.21698883175849915
65443,0.18632304668426514
65444,0.16810598969459534
65445,0.14871180057525635
65446,0.3820752203464508
65447,0.185880646109581
65448,0.22629600763320923
65449,0.11808592826128006
65450,0.3351898193359375
65451,0.14888116717338562
65452,0.20596425235271454
65453,0.2688634693622589
65454,0.26904791593551636
65455,0.28723883628845215
65456,0.4125277101993561
65457,0.3847390115261078
65458,0.41652894020080566
65459,0.26336053013801575
65460,0.30370861291885376
65461,0.3118675947189331
65462,0.33319348096847534
65463,0.1753237545490265
65464,0.2669810354709625
65465,0.26590195298194885
65466,0.1428808718919754
65467,0.1444225013256073
65468,0.17236006259918213
65469,0.16926309466362
65470,0.18025164306163788
65471,0.21800734102725983
65472,0.19167020916938782
65473,0.13350769877433777
65474,0.2953585982322693
65475,0.2422647774219513
65476,0.1645260900259018
65477,0.2897815704345703
65478,0.2580718398094177
65479,0.18661241233348846
65480,0.21395419538021088
65481,0.23987670242786407
65482,0.24249720573425293
65483,0.20253440737724304
65484,0.23964865505695343
65485,0.34390711784362793
65486,0.20864316821098328
65487,0.26117393374443054
65488,0.26726245880126953
65489,0.28455689549446106
65490,0.292182058095932
65491,0.30606308579444885
65492,0.3269539177417755
65493,0.2608070373535156
65494,0.28585681319236755
65495,0.26933711767196655
65496,0.3033522963523865
65497,0.3215706944465637
65498,0.33010026812553406
65499,0.34661373496055603
65500,0.2586904466152191
65501,0.2196982353925705
65502,0.26084402203559875
65503,0.2911209166049957
65504,0.2554997503757477
65505,0.27908381819725037
65506,0.3221551477909088
65507,0.28348204493522644
65508,0.2685766816139221
65509,0.20068144798278809
65510,0.3001161813735962
65511,0.34251001477241516
65512,0.3865756392478943
65513,0.27138274908065796
65514,0.25771835446357727
65515,0.23747767508029938
65516,0.27467721700668335
65517,0.2637709081172943
65518,0.29678019881248474
65519,0.31194838881492615
65520,0.3091254234313965
65521,0.2861146330833435
65522,0.21721045672893524
65523,0.24463552236557007
65524,0.28363746404647827
65525,0.25348517298698425
65526,0.22897765040397644
65527,0.27413299679756165
65528,0.28294846415519714
65529,0.28098076581954956
65530,0.13029822707176208
65531,0.07839132845401764
65532,0.21350403130054474
65533,0.25979650020599365
65534,0.28191688656806946
65535,0.2625840902328491
65536,0.2086034119129181
65537,0.1692836582660675
65538,0.160563662648201
65539,0.1517362743616104
65540,0.1684877872467041
65541,0.15159767866134644
65542,0.3017929494380951
65543,0.2616323232650757
65544,0.23559023439884186
65545,0.2465791553258896
65546,0.2752551734447479
65547,0.28088632225990295
65548,0.22710081934928894
65549,0.26101624965667725
65550,0.23906712234020233
65551,0.24068036675453186
65552,0.23733463883399963
65553,0.32492703199386597
65554,0.2598158121109009
65555,0.19021667540073395
65556,0.19951584935188293
65557,0.1957787722349167
65558,0.2591175436973572
65559,0.28305020928382874
65560,0.25328245759010315
65561,0.16604816913604736
65562,0.0850900188088417
65563,0.14936892688274384
65564,0.08563858270645142
65565,0.09112193435430527
65566,0.15139247477054596
65567,0.10496391355991364
65568,0.10289999097585678
65569,0.10984863340854645
65570,0.1240512803196907
65571,0.11889585852622986
65572,0.11484711617231369
65573,0.10777230560779572
65574,0.09338191151618958
65575,0.09764868766069412
65576,0.10363233089447021
65577,0.10444150865077972
65578,0.10712018609046936
65579,0.10696352273225784
65580,0.10938099026679993
65581,0.1005481481552124
65582,0.09283258765935898
65583,0.07912129908800125
65584,0.06251110136508942
65585,0.05530021712183952
65586,0.08261667191982269
65587,0.0925774872303009
65588,0.09632696211338043
65589,0.09073594957590103
65590,0.09047599136829376
65591,0.11613371223211288
65592,0.12577828764915466
65593,0.07229258865118027
65594,0.06965304911136627
65595,0.06960653513669968
65596,0.07676483690738678
65597,0.08251888304948807
65598,0.09289982169866562
65599,0.08971743285655975
65600,0.10669723898172379
65601,0.11802813410758972
65602,0.11002938449382782
65603,0.09954633563756943
65604,0.0941942036151886
65605,0.09775063395500183
65606,0.07725002616643906
65607,0.0874079242348671
65608,0.09553460776805878
65609,0.0851941779255867
65610,0.08160713315010071
65611,0.10022334009408951
65612,0.11240822076797485
65613,0.08199040591716766
65614,0.11560302972793579
65615,0.1405317783355713
65616,0.1367216259241104
65617,0.12079361081123352
65618,0.0996328666806221
65619,0.10865172743797302
65620,0.10386613011360168
65621,0.07964570075273514
65622,0.06543911248445511
65623,0.06515341252088547
65624,0.1984521597623825
65625,0.16152004897594452
65626,0.15056854486465454
65627,0.1837252825498581
65628,0.15135514736175537
65629,0.15028685331344604
65630,0.14613057672977448
65631,0.1503308117389679
65632,0.14002759754657745
65633,0.15455074608325958
65634,0.16024979948997498
65635,0.17583569884300232
65636,0.1774822473526001
65637,0.17158342897891998
65638,0.17231962084770203
65639,0.1775246560573578
65640,0.20189067721366882
65641,0.17827820777893066
65642,0.1695755273103714
65643,0.16861286759376526
65644,0.13964052498340607
65645,0.12279415130615234
65646,0.11296346783638
65647,0.11866573244333267
65648,0.14456427097320557
65649,0.14387793838977814
65650,0.14528252184391022
65651,0.1524503380060196
65652,0.13857722282409668
65653,0.12731850147247314
65654,0.1267164945602417
65655,0.12860669195652008
65656,0.11785483360290527
65657,0.11936265230178833
65658,0.17353756725788116
65659,0.17069658637046814
65660,0.13146477937698364
65661,0.3363925516605377
65662,0.3066515326499939
65663,0.20070134103298187
65664,0.20219095051288605
65665,0.13806866109371185
65666,0.2066851258277893
65667,0.3176267445087433
65668,0.36674562096595764
65669,0.2883480489253998
65670,0.320162832736969
65671,0.40168821811676025
65672,0.4870072305202484
65673,0.3775346577167511
65674,0.3479198217391968
65675,0.3252437710762024
65676,0.3304855227470398
65677,0.3278730511665344
65678,0.3630990982055664
65679,0.33314764499664307
65680,0.3513428568840027
65681,0.16710412502288818
65682,0.1845567226409912
65683,0.1900119036436081
65684,0.2051640897989273
65685,0.2083560824394226
65686,0.19501830637454987
65687,0.20021963119506836
65688,0.17797723412513733
65689,0.18327097594738007
65690,0.17656199634075165
65691,0.17900650203227997
65692,0.1748931109905243
65693,0.13481001555919647
65694,0.21078437566757202
65695,0.20856261253356934
65696,0.18955162167549133
65697,0.20393496751785278
65698,0.19872348010540009
65699,0.21344496309757233
65700,0.1805729866027832
65701,0.21244387328624725
65702,0.16077999770641327
65703,0.18515880405902863
65704,0.17408479750156403
65705,0.17593280971050262
65706,0.1373325139284134
65707,0.15433360636234283
65708,0.14257927238941193
65709,0.14619258046150208
65710,0.16766618192195892
65711,0.19151318073272705
65712,0.20359215140342712
65713,0.14602865278720856
65714,0.14974243938922882
65715,0.17446231842041016
65716,0.17660312354564667
65717,0.19446757435798645
65718,0.19993896782398224
65719,0.197581484913826
65720,0.19122372567653656
65721,0.1856043040752411
65722,0.18976719677448273
65723,0.19066071510314941
65724,0.2048814743757248
65725,0.21715423464775085
65726,0.1917516440153122
65727,0.20687443017959595
65728,0.19607001543045044
65729,0.19259986281394958
65730,0.19773659110069275
65731,0.19994992017745972
65732,0.19788439571857452
65733,0.20622794330120087
65734,0.23844826221466064
65735,0.24703609943389893
65736,0.23994414508342743
65737,0.22455766797065735
65738,0.19216760993003845
65739,0.19893814623355865
65740,0.2223801165819168
65741,0.20934844017028809
65742,0.1816827654838562
65743,0.17393594980239868
65744,0.17081965506076813
65745,0.15972556173801422
65746,0.1366342455148697
65747,0.13372057676315308
65748,0.14984510838985443
65749,0.14046095311641693
65750,0.14032325148582458
65751,0.147443488240242
65752,0.1645103394985199
65753,0.17441889643669128
65754,0.18717561662197113
65755,0.180374413728714
65756,0.17778581380844116
65757,0.1897340565919876
65758,0.17732813954353333
65759,0.17661477625370026
65760,0.18092621862888336
65761,0.12473948299884796
65762,0.13533100485801697
65763,0.14153331518173218
65764,0.15930815041065216
65765,0.1581590622663498
65766,0.16727256774902344
65767,0.1586344987154007
65768,0.15513558685779572
65769,0.1485309600830078
65770,0.1471729278564453
65771,0.150970920920372
65772,0.14233659207820892
65773,0.15208053588867188
65774,0.14722466468811035
65775,0.14664354920387268
65776,0.14261619746685028
65777,0.1577477753162384
65778,0.15212564170360565
65779,0.1555875539779663
65780,0.15395288169384003
65781,0.1523023098707199
65782,0.1545630544424057
65783,0.14663386344909668
65784,0.1421227902173996
65785,0.13839751482009888
65786,0.1277659386396408
65787,0.13181298971176147
65788,0.1335199624300003
65789,0.14453692734241486
65790,0.1527312844991684
65791,0.1479903906583786
65792,0.12261827290058136
65793,0.13350874185562134
65794,0.11552741378545761
65795,0.12702320516109467
65796,0.13747772574424744
65797,0.13708728551864624
65798,0.1830746978521347
65799,0.12921041250228882
65800,0.17761683464050293
65801,0.13110238313674927
65802,0.11870738118886948
65803,0.13095594942569733
65804,0.14621569216251373
65805,0.14473965764045715
65806,0.07483913749456406
65807,0.07618720084428787
65808,0.08357209712266922
65809,0.11174167692661285
65810,0.10978624224662781
65811,0.1205451488494873
65812,0.17070898413658142
65813,0.15572643280029297
65814,0.13294847309589386
65815,0.1211259737610817
65816,0.13000047206878662
65817,0.13898862898349762
65818,0.13025149703025818
65819,0.11901261657476425
65820,0.17155885696411133
65821,0.16280832886695862
65822,0.1568865180015564
65823,0.16382451355457306
65824,0.1510366052389145
65825,0.1260964572429657
65826,0.10376740247011185
65827,0.08508625626564026
65828,0.10284417122602463
65829,0.16691374778747559
65830,0.1657772809267044
65831,0.19173498451709747
65832,0.17417125403881073
65833,0.21613392233848572
65834,0.18567442893981934
65835,0.17448307573795319
65836,0.13828688859939575
65837,0.17009197175502777
65838,0.18590010702610016
65839,0.1834905743598938
65840,0.15849976241588593
65841,0.13834254443645477
65842,0.12934470176696777
65843,0.1699850857257843
65844,0.18514741957187653
65845,0.16892379522323608
65846,0.15403267741203308
65847,0.1450311690568924
65848,0.12932944297790527
65849,0.14947551488876343
65850,0.16352269053459167
65851,0.1550125628709793
65852,0.14842799305915833
65853,0.15740929543972015
65854,0.155547097325325
65855,0.15146371722221375
65856,0.15097594261169434
65857,0.13879871368408203
65858,0.13591015338897705
65859,0.13149811327457428
65860,0.11776670813560486
65861,0.14037027955055237
65862,0.14387232065200806
65863,0.14468881487846375
65864,0.13031312823295593
65865,0.09327826648950577
65866,0.11511486023664474
65867,0.12733891606330872
65868,0.1393257975578308
65869,0.13002626597881317
65870,0.134517103433609
65871,0.13072265684604645
65872,0.12732426822185516
65873,0.12680472433567047
65874,0.14196553826332092
65875,0.13608582317829132
65876,0.13466960191726685
65877,0.13822557032108307
65878,0.12359864264726639
65879,0.12492163479328156
65880,0.14349131286144257
65881,0.13650430738925934
65882,0.1252179741859436
65883,0.1387956291437149
65884,0.16236832737922668
65885,0.1333668828010559
65886,0.12814150750637054
65887,0.1355302631855011
65888,0.14927363395690918
65889,0.14970692992210388
65890,0.1706954538822174
65891,0.11475615203380585
65892,0.14215226471424103
65893,0.12475358694791794
65894,0.11670577526092529
65895,0.1469302475452423
65896,0.15068112313747406
65897,0.14379604160785675
65898,0.12334021925926208
65899,0.17931799590587616
65900,0.19064857065677643
65901,0.1886899769306183
65902,0.1510215401649475
65903,0.17379817366600037
65904,0.14818993210792542
65905,0.12351646274328232
65906,0.1335039883852005
65907,0.13506610691547394
65908,0.13867583870887756
65909,0.1530551016330719
65910,0.15660300850868225
65911,0.13065502047538757
65912,0.11289186775684357
65913,0.12186789512634277
65914,0.11731252074241638
65915,0.12021913379430771
65916,0.12465061992406845
65917,0.13168445229530334
65918,0.15085241198539734
65919,0.1433020681142807
65920,0.13615694642066956
65921,0.15540876984596252
65922,0.19041621685028076
65923,0.12325264513492584
65924,0.09995268285274506
65925,0.11635288596153259
65926,0.11804110556840897
65927,0.09747958928346634
65928,0.06738384068012238
65929,0.1381441056728363
65930,0.15405915677547455
65931,0.14967329800128937
65932,0.1390680968761444
65933,0.15192542970180511
65934,0.1482878029346466
65935,0.15050992369651794
65936,0.1374357044696808
65937,0.1376190185546875
65938,0.14489470422267914
65939,0.12635883688926697
65940,0.1504659652709961
65941,0.13488130271434784
65942,0.13315290212631226
65943,0.11735183745622635
65944,0.10359849035739899
65945,0.10873781889677048
65946,0.09205499291419983
65947,0.09611029177904129
65948,0.10134002566337585
65949,0.16347409784793854
65950,0.12558729946613312
65951,0.17872169613838196
65952,0.17091557383537292
65953,0.15156808495521545
65954,0.1582891047000885
65955,0.14853020012378693
65956,0.1398143768310547
65957,0.16503719985485077
65958,0.15290525555610657
65959,0.16591131687164307
65960,0.1763152927160263
65961,0.17427243292331696
65962,0.14266782999038696
65963,0.12096349895000458
65964,0.1311490684747696
65965,0.12858976423740387
65966,0.14349129796028137
65967,0.13287001848220825
65968,0.12752015888690948
65969,0.14418989419937134
65970,0.13485266268253326
65971,0.12595205008983612
65972,0.14743399620056152
65973,0.15183408558368683
65974,0.16101399064064026
65975,0.1524406522512436
65976,0.17363333702087402
65977,0.17259566485881805
65978,0.22491152584552765
65979,0.2768218219280243
65980,0.2521420121192932
65981,0.3172418773174286
65982,0.32906508445739746
65983,0.3238352835178375
65984,0.26920580863952637
65985,0.19010090827941895
65986,0.23602375388145447
65987,0.16990546882152557
65988,0.2883414924144745
65989,0.19056648015975952
65990,0.2912701368331909
65991,0.3457266092300415
65992,0.17905117571353912
65993,0.21363337337970734
65994,0.2503522038459778
65995,0.21589438617229462
65996,0.23499555885791779
65997,0.2580467462539673
65998,0.32446154952049255
65999,0.3555288314819336
66000,0.3131603002548218
66001,0.24467015266418457
66002,0.22644773125648499
66003,0.2589533030986786
66004,0.18702057003974915
66005,0.29240885376930237
66006,0.32417184114456177
66007,0.3100545406341553
66008,0.19618608057498932
66009,0.18957307934761047
66010,0.17898143827915192
66011,0.14484041929244995
66012,0.22653016448020935
66013,0.23646177351474762
66014,0.2288353443145752
66015,0.24671171605587006
66016,0.29515600204467773
66017,0.29413902759552
66018,0.2121928483247757
66019,0.16598984599113464
66020,0.25688040256500244
66021,0.26967376470565796
66022,0.28998544812202454
66023,0.3374461829662323
66024,0.2770933210849762
66025,0.320365846157074
66026,0.2736853361129761
66027,0.3148554265499115
66028,0.21143852174282074
66029,0.21648858487606049
66030,0.29130813479423523
66031,0.3456036150455475
66032,0.3327310085296631
66033,0.37957680225372314
66034,0.2831205129623413
66035,0.23783014714717865
66036,0.24951568245887756
66037,0.2331620454788208
66038,0.21788685023784637
66039,0.1257447600364685
66040,0.20602020621299744
66041,0.21051526069641113
66042,0.2880805730819702
66043,0.3062301576137543
66044,0.2923542261123657
66045,0.2957300543785095
66046,0.24499855935573578
66047,0.25756317377090454
66048,0.2708134353160858
66049,0.25118494033813477
66050,0.2504931092262268
66051,0.20729497075080872
66052,0.22100362181663513
66053,0.2974739372730255
66054,0.23784911632537842
66055,0.2063734531402588
66056,0.258294016122818
66057,0.1566634476184845
66058,0.20431877672672272
66059,0.29663321375846863
66060,0.29955485463142395
66061,0.32265907526016235
66062,0.231960728764534
66063,0.2765083312988281
66064,0.29324570298194885
66065,0.3084352910518646
66066,0.33841440081596375
66067,0.3088662624359131
66068,0.24802859127521515
66069,0.20718061923980713
66070,0.1833181083202362
66071,0.2142520695924759
66072,0.2909857928752899
66073,0.3009881377220154
66074,0.29502350091934204
66075,0.2624521255493164
66076,0.27855589985847473
66077,0.2937341630458832
66078,0.273022323846817
66079,0.2918676435947418
66080,0.2918285131454468
66081,0.23175844550132751
66082,0.2565855085849762
66083,0.26156872510910034
66084,0.2699480950832367
66085,0.2941223978996277
66086,0.27054426074028015
66087,0.2544693946838379
66088,0.2839280664920807
66089,0.2674517035484314
66090,0.3446274995803833
66091,0.2494634985923767
66092,0.3622915744781494
66093,0.40487295389175415
66094,0.36441853642463684
66095,0.36883383989334106
66096,0.3459644615650177
66097,0.24529489874839783
66098,0.2787162661552429
66099,0.2665095925331116
66100,0.27205923199653625
66101,0.34075450897216797
66102,0.35377436876296997
66103,0.3059937655925751
66104,0.3825881779193878
66105,0.3022308051586151
66106,0.2996022403240204
66107,0.19754573702812195
66108,0.21766775846481323
66109,0.23407647013664246
66110,0.24868981540203094
66111,0.2519048750400543
66112,0.23671400547027588
66113,0.22429732978343964
66114,0.21598993241786957
66115,0.20074939727783203
66116,0.2377883642911911
66117,0.259442538022995
66118,0.2637820839881897
66119,0.24231034517288208
66120,0.24561582505702972
66121,0.259834885597229
66122,0.3079330325126648
66123,0.28604400157928467
66124,0.30550917983055115
66125,0.31670212745666504
66126,0.2955114543437958
66127,0.28964561223983765
66128,0.287794828414917
66129,0.29276230931282043
66130,0.2476780116558075
66131,0.23621881008148193
66132,0.24708318710327148
66133,0.24116550385951996
66134,0.23607534170150757
66135,0.23337675631046295
66136,0.2438998967409134
66137,0.2753654420375824
66138,0.2498626708984375
66139,0.24662286043167114
66140,0.23528547585010529
66141,0.24312196671962738
66142,0.27492883801460266
66143,0.2657046914100647
66144,0.23542380332946777
66145,0.23900945484638214
66146,0.2621869742870331
66147,0.26738014817237854
66148,0.2818997800350189
66149,0.2833968698978424
66150,0.23809176683425903
66151,0.24726098775863647
66152,0.27520951628685
66153,0.25317269563674927
66154,0.22264914214611053
66155,0.21415887773036957
66156,0.2260449379682541
66157,0.23071907460689545
66158,0.3453182280063629
66159,0.3365073800086975
66160,0.21412041783332825
66161,0.2944523096084595
66162,0.3332005441188812
66163,0.32717186212539673
66164,0.3390454947948456
66165,0.34754714369773865
66166,0.302510529756546
66167,0.31342142820358276
66168,0.33803343772888184
66169,0.35803481936454773
66170,0.18206597864627838
66171,0.33813998103141785
66172,0.25449293851852417
66173,0.3165469169616699
66174,0.2939912676811218
66175,0.32360559701919556
66176,0.30951812863349915
66177,0.3164500296115875
66178,0.35481154918670654
66179,0.3163888156414032
66180,0.34218829870224
66181,0.2958669066429138
66182,0.2852567136287689
66183,0.30316367745399475
66184,0.288021445274353
66185,0.2977539300918579
66186,0.33046767115592957
66187,0.31304001808166504
66188,0.2698172330856323
66189,0.32632678747177124
66190,0.25220435857772827
66191,0.27199819684028625
66192,0.2562851011753082
66193,0.2569073438644409
66194,0.3146126866340637
66195,0.3136956989765167
66196,0.31843411922454834
66197,0.30186980962753296
66198,0.23652438819408417
66199,0.285532683134079
66200,0.28647366166114807
66201,0.2999122142791748
66202,0.26282915472984314
66203,0.3312106132507324
66204,0.33782070875167847
66205,0.3285878002643585
66206,0.30826449394226074
66207,0.29232528805732727
66208,0.2643883228302002
66209,0.2817957103252411
66210,0.2547122538089752
66211,0.23143644630908966
66212,0.4047016501426697
66213,0.30421459674835205
66214,0.3609055280685425
66215,0.31264135241508484
66216,0.3078539967536926
66217,0.2753463685512543
66218,0.28996527194976807
66219,0.3182762563228607
66220,0.3032110035419464
66221,0.30269426107406616
66222,0.3362005352973938
66223,0.34170106053352356
66224,0.289016991853714
66225,0.2596292495727539
66226,0.23896993696689606
66227,0.2155134677886963
66228,0.18765254318714142
66229,0.24786412715911865
66230,0.21545222401618958
66231,0.21499572694301605
66232,0.22320657968521118
66233,0.2250022441148758
66234,0.26392850279808044
66235,0.28597646951675415
66236,0.25580623745918274
66237,0.29454562067985535
66238,0.31321579217910767
66239,0.3261447846889496
66240,0.297336220741272
66241,0.2693485617637634
66242,0.18261635303497314
66243,0.20651517808437347
66244,0.24266083538532257
66245,0.2468889355659485
66246,0.2608926594257355
66247,0.15309183299541473
66248,0.21062244474887848
66249,0.14455866813659668
66250,0.3151085376739502
66251,0.244513601064682
66252,0.18731273710727692
66253,0.21691381931304932
66254,0.22617509961128235
66255,0.2730891704559326
66256,0.32471197843551636
66257,0.3153958022594452
66258,0.21659961342811584
66259,0.28468233346939087
66260,0.2774207293987274
66261,0.1822965443134308
66262,0.2048051357269287
66263,0.24965710937976837
66264,0.2766992449760437
66265,0.27653107047080994
66266,0.2633616328239441
66267,0.33256247639656067
66268,0.309604287147522
66269,0.29793205857276917
66270,0.2536598742008209
66271,0.22419162094593048
66272,0.16404438018798828
66273,0.23534299433231354
66274,0.3203100562095642
66275,0.34144657850265503
66276,0.2929556667804718
66277,0.20895390212535858
66278,0.18733952939510345
66279,0.16755719482898712
66280,0.18571946024894714
66281,0.26063069701194763
66282,0.31006503105163574
66283,0.3023426830768585
66284,0.273345023393631
66285,0.21492774784564972
66286,0.2119932323694229
66287,0.23600676655769348
66288,0.260450154542923
66289,0.27813148498535156
66290,0.2850925326347351
66291,0.26972413063049316
66292,0.23937459290027618
66293,0.30708959698677063
66294,0.29949888586997986
66295,0.3194018006324768
66296,0.32553908228874207
66297,0.32767102122306824
66298,0.28155726194381714
66299,0.28792887926101685
66300,0.18982262909412384
66301,0.2561769485473633
66302,0.2472909837961197
66303,0.28818565607070923
66304,0.23170128464698792
66305,0.21388277411460876
66306,0.2513197362422943
66307,0.2343597412109375
66308,0.2735735774040222
66309,0.24200201034545898
66310,0.2740514576435089
66311,0.24900291860103607
66312,0.2779177129268646
66313,0.27044418454170227
66314,0.2657300531864166
66315,0.26348501443862915
66316,0.22880950570106506
66317,0.23677462339401245
66318,0.2135148048400879
66319,0.19366136193275452
66320,0.15480077266693115
66321,0.2797532379627228
66322,0.24759168922901154
66323,0.2570456266403198
66324,0.24096675217151642
66325,0.21994327008724213
66326,0.22779572010040283
66327,0.2242594063282013
66328,0.26810136437416077
66329,0.29787880182266235
66330,0.2753279507160187
66331,0.2939821779727936
66332,0.2249835878610611
66333,0.26999631524086
66334,0.28812697529792786
66335,0.2860327661037445
66336,0.26442205905914307
66337,0.2453198879957199
66338,0.24403759837150574
66339,0.2623475193977356
66340,0.2611943483352661
66341,0.25096389651298523
66342,0.22825339436531067
66343,0.2165141999721527
66344,0.24372950196266174
66345,0.22908999025821686
66346,0.20695297420024872
66347,0.24522672593593597
66348,0.23583602905273438
66349,0.2720673680305481
66350,0.20124991238117218
66351,0.22542576491832733
66352,0.2235030084848404
66353,0.2613617777824402
66354,0.1908959597349167
66355,0.11504609882831573
66356,0.1014549732208252
66357,0.10792660713195801
66358,0.08659695088863373
66359,0.10045363008975983
66360,0.10082308202981949
66361,0.10994791984558105
66362,0.08521909266710281
66363,0.09013215452432632
66364,0.08041317760944366
66365,0.08355698734521866
66366,0.08588377386331558
66367,0.09104424715042114
66368,0.08730290830135345
66369,0.08434094488620758
66370,0.08556056022644043
66371,0.09681058675050735
66372,0.09384186565876007
66373,0.09782617539167404
66374,0.09754335135221481
66375,0.08834303170442581
66376,0.09006226807832718
66377,0.09888358414173126
66378,0.10137874633073807
66379,0.0909365862607956
66380,0.08857828378677368
66381,0.08290987461805344
66382,0.08382784575223923
66383,0.08850287646055222
66384,0.09473199397325516
66385,0.09613184630870819
66386,0.09034701436758041
66387,0.0790000930428505
66388,0.0858512744307518
66389,0.10462555289268494
66390,0.11062031984329224
66391,0.11216827481985092
66392,0.11920616775751114
66393,0.10714910179376602
66394,0.09862274676561356
66395,0.09565696120262146
66396,0.07875780016183853
66397,0.08496279269456863
66398,0.07512909173965454
66399,0.07950497418642044
66400,0.08266592770814896
66401,0.08676649630069733
66402,0.08772366493940353
66403,0.09437236189842224
66404,0.09264066070318222
66405,0.09719483554363251
66406,0.10462433844804764
66407,0.10577809065580368
66408,0.09009106457233429
66409,0.08435609936714172
66410,0.08540957421064377
66411,0.08654756844043732
66412,0.08370555192232132
66413,0.08203934878110886
66414,0.08516659587621689
66415,0.09302259236574173
66416,0.0913945883512497
66417,0.08792329579591751
66418,0.0845942273736
66419,0.08828838169574738
66420,0.07856658101081848
66421,0.09138044714927673
66422,0.09677950292825699
66423,0.11869239062070847
66424,0.10338179022073746
66425,0.11453726887702942
66426,0.11750166863203049
66427,0.09500609338283539
66428,0.09945955872535706
66429,0.09443041682243347
66430,0.09026023000478745
66431,0.09270412474870682
66432,0.09324769675731659
66433,0.09612968564033508
66434,0.09734131395816803
66435,0.09415063261985779
66436,0.09330616891384125
66437,0.09392322599887848
66438,0.08902119100093842
66439,0.0907847210764885
66440,0.10319200903177261
66441,0.09683147072792053
66442,0.09813006967306137
66443,0.10231345146894455
66444,0.12531176209449768
66445,0.1358819156885147
66446,0.08041725307703018
66447,0.07176140695810318
66448,0.07488033920526505
66449,0.08477259427309036
66450,0.08679229766130447
66451,0.08923864364624023
66452,0.10440247505903244
66453,0.10578913241624832
66454,0.09997320175170898
66455,0.08614332973957062
66456,0.08408208936452866
66457,0.09623713791370392
66458,0.09042768180370331
66459,0.09271025657653809
66460,0.09438839554786682
66461,0.07128237187862396
66462,0.06133994087576866
66463,0.10864042490720749
66464,0.25987207889556885
66465,0.15938138961791992
66466,0.15242813527584076
66467,0.17017047107219696
66468,0.17886294424533844
66469,0.12598027288913727
66470,0.15593430399894714
66471,0.15877726674079895
66472,0.13387994468212128
66473,0.18519915640354156
66474,0.22325663268566132
66475,0.189519003033638
66476,0.19533681869506836
66477,0.20799461007118225
66478,0.19335445761680603
66479,0.20854710042476654
66480,0.22987528145313263
66481,0.276461660861969
66482,0.30593711137771606
66483,0.3112136423587799
66484,0.28249895572662354
66485,0.30382654070854187
66486,0.3043673634529114
66487,0.2897487282752991
66488,0.2526243329048157
66489,0.2771959602832794
66490,0.29828396439552307
66491,0.3049995005130768
66492,0.23910677433013916
66493,0.18186946213245392
66494,0.20164862275123596
66495,0.20180408656597137
66496,0.18932920694351196
66497,0.21041814982891083
66498,0.212210550904274
66499,0.21878871321678162
66500,0.18518409132957458
66501,0.212784081697464
66502,0.23762774467468262
66503,0.22935029864311218
66504,0.22935029864311218
66505,0.22615312039852142
66506,0.21218761801719666
66507,0.2035851925611496
66508,0.21302415430545807
66509,0.21962600946426392
66510,0.22764573991298676
66511,0.209721177816391
66512,0.35313549637794495
66513,0.35313549637794495
66514,0.3218235373497009
66515,0.3218235373497009
66516,0.32729095220565796
66517,0.32729095220565796
66518,0.3456936478614807
66519,0.3456936478614807
66520,0.2849891185760498
66521,0.2849891185760498
66522,0.42211779952049255
66523,0.26054489612579346
66524,0.2829356789588928
66525,0.313823938369751
66526,0.24596333503723145
66527,0.28757286071777344
66528,0.18704545497894287
66529,0.19102725386619568
66530,0.21585799753665924
66531,0.20678070187568665
66532,0.11371226608753204
66533,0.22563330829143524
66534,0.21987470984458923
66535,0.18529927730560303
66536,0.15202267467975616
66537,0.14359654486179352
66538,0.14209158718585968
66539,0.13479557633399963
66540,0.27086615562438965
66541,0.10728026181459427
66542,0.11230381578207016
66543,0.109212726354599
66544,0.11942479759454727
66545,0.12065793573856354
66546,0.13455423712730408
66547,0.1365378201007843
66548,0.13026928901672363
66549,0.12614873051643372
66550,0.13554759323596954
66551,0.121707983314991
66552,0.1286483258008957
66553,0.14112752676010132
66554,0.1557476669549942
66555,0.1500123143196106
66556,0.12000953406095505
66557,0.09492213279008865
66558,0.08531735837459564
66559,0.13008137047290802
66560,0.1519269347190857
66561,0.1553800404071808
66562,0.14571699500083923
66563,0.10743600130081177
66564,0.1353157013654709
66565,0.12953227758407593
66566,0.16398385167121887
66567,0.14289036393165588
66568,0.08856839686632156
66569,0.08805900067090988
66570,0.09726028144359589
66571,0.09830337762832642
66572,0.09729325771331787
66573,0.09531494230031967
66574,0.11555115878582001
66575,0.1471877098083496
66576,0.108391173183918
66577,0.10340725630521774
66578,0.11897794157266617
66579,0.11572902649641037
66580,0.120866559445858
66581,0.10967592895030975
66582,0.11117298156023026
66583,0.12828369438648224
66584,0.12655450403690338
66585,0.13910123705863953
66586,0.14310961961746216
66587,0.165854811668396
66588,0.1128249391913414
66589,0.11275923997163773
66590,0.10736820101737976
66591,0.10650260746479034
66592,0.08903542906045914
66593,0.08738543093204498
66594,0.08457569777965546
66595,0.0835791826248169
66596,0.09685812145471573
66597,0.08942778408527374
66598,0.09943362325429916
66599,0.09480961412191391
66600,0.14766056835651398
66601,0.09720001369714737
66602,0.08990681916475296
66603,0.08387058973312378
66604,0.2055300772190094
66605,0.15892250835895538
66606,0.18400685489177704
66607,0.17152288556098938
66608,0.1795748472213745
66609,0.14572812616825104
66610,0.14746789634227753
66611,0.15214939415454865
66612,0.15423890948295593
66613,0.15838435292243958
66614,0.15510112047195435
66615,0.15224112570285797
66616,0.13134628534317017
66617,0.15822426974773407
66618,0.15444454550743103
66619,0.15103913843631744
66620,0.1480633020401001
66621,0.14747142791748047
66622,0.15728743374347687
66623,0.16128262877464294
66624,0.15082690119743347
66625,0.1419447362422943
66626,0.19323261082172394
66627,0.18321937322616577
66628,0.22112415730953217
66629,0.21014170348644257
66630,0.19219855964183807
66631,0.17657990753650665
66632,0.17270836234092712
66633,0.19863171875476837
66634,0.19303148984909058
66635,0.19380387663841248
66636,0.18591062724590302
66637,0.18612274527549744
66638,0.1706860363483429
66639,0.17640361189842224
66640,0.20704635977745056
66641,0.19284842908382416
66642,0.18895608186721802
66643,0.1893782615661621
66644,0.1884399652481079
66645,0.18866793811321259
66646,0.19055421650409698
66647,0.18831077218055725
66648,0.19300603866577148
66649,0.18015816807746887
66650,0.21071377396583557
66651,0.20722123980522156
66652,0.2163476049900055
66653,0.19779859483242035
66654,0.20657138526439667
66655,0.1908770650625229
66656,0.20302438735961914
66657,0.2094767838716507
66658,0.189757838845253
66659,0.20204927027225494
66660,0.1740635484457016
66661,0.1933874785900116
66662,0.19886414706707
66663,0.17480069398880005
66664,0.1870572715997696
66665,0.1962994635105133
66666,0.19282254576683044
66667,0.17283189296722412
66668,0.1847679316997528
66669,0.18437844514846802
66670,0.17205005884170532
66671,0.16347527503967285
66672,0.1701323240995407
66673,0.17345468699932098
66674,0.17171533405780792
66675,0.1280810832977295
66676,0.16031846404075623
66677,0.14069190621376038
66678,0.1445493996143341
66679,0.16343790292739868
66680,0.1844525784254074
66681,0.16755594313144684
66682,0.15923921763896942
66683,0.1537400782108307
66684,0.15190862119197845
66685,0.1492236852645874
66686,0.13944897055625916
66687,0.14391937851905823
66688,0.17619624733924866
66689,0.14163756370544434
66690,0.16767489910125732
66691,0.13696454465389252
66692,0.16201160848140717
66693,0.1428479105234146
66694,0.1336788386106491
66695,0.12361757457256317
66696,0.11394304037094116
66697,0.11530541628599167
66698,0.12948699295520782
66699,0.12616822123527527
66700,0.13656607270240784
66701,0.13551512360572815
66702,0.1212773323059082
66703,0.14703066647052765
66704,0.12113621830940247
66705,0.12739600241184235
66706,0.11775489151477814
66707,0.1204201951622963
66708,0.12350248545408249
66709,0.12618979811668396
66710,0.12144219130277634
66711,0.11216216534376144
66712,0.1129516139626503
66713,0.10736336559057236
66714,0.15502923727035522
66715,0.10544586181640625
66716,0.10454066097736359
66717,0.11060376465320587
66718,0.10420709103345871
66719,0.1089818999171257
66720,0.11195693165063858
66721,0.12837010622024536
66722,0.13817891478538513
66723,0.1323477178812027
66724,0.123921237885952
66725,0.12267308682203293
66726,0.10528059303760529
66727,0.11713427305221558
66728,0.12275564670562744
66729,0.1250750571489334
66730,0.1174994558095932
66731,0.1163700520992279
66732,0.11749041080474854
66733,0.08798028528690338
66734,0.0876508504152298
66735,0.08765215426683426
66736,0.08126506954431534
66737,0.07677845656871796
66738,0.07564479857683182
66739,0.08090917766094208
66740,0.09394370764493942
66741,0.0776703879237175
66742,0.0933595523238182
66743,0.09356825798749924
66744,0.08880367875099182
66745,0.08931688964366913
66746,0.08524563908576965
66747,0.09623043984174728
66748,0.1382463574409485
66749,0.13257060945034027
66750,0.14133629202842712
66751,0.12576250731945038
66752,0.1232849657535553
66753,0.12206093966960907
66754,0.1353205442428589
66755,0.14379002153873444
66756,0.13112875819206238
66757,0.12499704211950302
66758,0.11873497813940048
66759,0.11682243645191193
66760,0.14303287863731384
66761,0.1626550257205963
66762,0.15894770622253418
66763,0.14728061854839325
66764,0.15170229971408844
66765,0.14033456146717072
66766,0.14930540323257446
66767,0.14095795154571533
66768,0.14615963399410248
66769,0.14531713724136353
66770,0.14312098920345306
66771,0.15183411538600922
66772,0.15852081775665283
66773,0.1536705642938614
66774,0.16796875
66775,0.18271099030971527
66776,0.17450667917728424
66777,0.16254788637161255
66778,0.18435262143611908
66779,0.19510100781917572
66780,0.1858387589454651
66781,0.17397809028625488
66782,0.15999947488307953
66783,0.16823934018611908
66784,0.1570688635110855
66785,0.16203367710113525
66786,0.15972217917442322
66787,0.156229630112648
66788,0.14976023137569427
66789,0.15666717290878296
66790,0.16203191876411438
66791,0.1704581081867218
66792,0.16626113653182983
66793,0.1500294953584671
66794,0.11608908325433731
66795,0.10079411417245865
66796,0.1220245361328125
66797,0.12320656329393387
66798,0.1340172290802002
66799,0.11768342554569244
66800,0.12649314105510712
66801,0.12458153814077377
66802,0.12209025770425797
66803,0.117512047290802
66804,0.2274581789970398
66805,0.24966473877429962
66806,0.25756293535232544
66807,0.2904258966445923
66808,0.255901038646698
66809,0.2374844253063202
66810,0.3222213685512543
66811,0.2974511682987213
66812,0.3787785768508911
66813,0.3393675982952118
66814,0.34612607955932617
66815,0.40954840183258057
66816,0.34203040599823
66817,0.13588176667690277
66818,0.14225825667381287
66819,0.14258864521980286
66820,0.15714487433433533
66821,0.16039487719535828
66822,0.15657560527324677
66823,0.1681586056947708
66824,0.16683396697044373
66825,0.16060039401054382
66826,0.1848432719707489
66827,0.18432211875915527
66828,0.15438513457775116
66829,0.1499229222536087
66830,0.16000473499298096
66831,0.12906529009342194
66832,0.12160608917474747
66833,0.11966244131326675
66834,0.13118204474449158
66835,0.1167527362704277
66836,0.11372829973697662
66837,0.11648613959550858
66838,0.11646737158298492
66839,0.11491644382476807
66840,0.09936961531639099
66841,0.08658269792795181
66842,0.09344815462827682
66843,0.09540087729692459
66844,0.09039676934480667
66845,0.1022539883852005
66846,0.1083870530128479
66847,0.13998813927173615
66848,0.13904091715812683
66849,0.15945592522621155
66850,0.1460072547197342
66851,0.13782966136932373
66852,0.11808833479881287
66853,0.11268599331378937
66854,0.09733162820339203
66855,0.10283659398555756
66856,0.0997748151421547
66857,0.1611575037240982
66858,0.16177664697170258
66859,0.13390932977199554
66860,0.13960380852222443
66861,0.12711283564567566
66862,0.1297139674425125
66863,0.13479192554950714
66864,0.143859401345253
66865,0.13062067329883575
66866,0.15430420637130737
66867,0.12069177627563477
66868,0.13194799423217773
66869,0.12980490922927856
66870,0.1151701882481575
66871,0.11368526518344879
66872,0.1160254180431366
66873,0.1158919632434845
66874,0.1345885694026947
66875,0.14369632303714752
66876,0.12274351716041565
66877,0.11737464368343353
66878,0.11455176770687103
66879,0.11516052484512329
66880,0.10691745579242706
66881,0.10811544209718704
66882,0.102695532143116
66883,0.10691452771425247
66884,0.11695825308561325
66885,0.13444694876670837
66886,0.11869566142559052
66887,0.12439079582691193
66888,0.11974342167377472
66889,0.13595613837242126
66890,0.1313127875328064
66891,0.14087891578674316
66892,0.12210959941148758
66893,0.12446587532758713
66894,0.14554128050804138
66895,0.1769818663597107
66896,0.18374614417552948
66897,0.20206288993358612
66898,0.19772163033485413
66899,0.16861315071582794
66900,0.17469370365142822
66901,0.16898612678050995
66902,0.17904333770275116
66903,0.14893285930156708
66904,0.15036243200302124
66905,0.14000189304351807
66906,0.12707726657390594
66907,0.17023906111717224
66908,0.14101572334766388
66909,0.1449049562215805
66910,0.12639442086219788
66911,0.11569812148809433
66912,0.12795187532901764
66913,0.13474434614181519
66914,0.1308930367231369
66915,0.14126668870449066
66916,0.1346917301416397
66917,0.13567319512367249
66918,0.11055102944374084
66919,0.1273602396249771
66920,0.13310368359088898
66921,0.15483228862285614
66922,0.15823692083358765
66923,0.14800027012825012
66924,0.14474962651729584
66925,0.14884153008460999
66926,0.13370317220687866
66927,0.1471206545829773
66928,0.13733655214309692
66929,0.13938528299331665
66930,0.14554063975811005
66931,0.15308794379234314
66932,0.1481838971376419
66933,0.17018510401248932
66934,0.14365601539611816
66935,0.16718874871730804
66936,0.13784357905387878
66937,0.1635582447052002
66938,0.1318959891796112
66939,0.13916015625
66940,0.1435878872871399
66941,0.14066460728645325
66942,0.13248690962791443
66943,0.1266128420829773
66944,0.14223121106624603
66945,0.14369083940982819
66946,0.14057084918022156
66947,0.14672987163066864
66948,0.14947929978370667
66949,0.15675806999206543
66950,0.16937579214572906
66951,0.15644101798534393
66952,0.15885445475578308
66953,0.1489710509777069
66954,0.12912462651729584
66955,0.12543585896492004
66956,0.2055395543575287
66957,0.1807115525007248
66958,0.10164409130811691
66959,0.13384735584259033
66960,0.13201676309108734
66961,0.11383844166994095
66962,0.11731035262346268
66963,0.13688422739505768
66964,0.15454840660095215
66965,0.1451152116060257
66966,0.10804722458124161
66967,0.10925057530403137
66968,0.10950949788093567
66969,0.10067901015281677
66970,0.12432234734296799
66971,0.13940367102622986
66972,0.12177953124046326
66973,0.11044074594974518
66974,0.11625955998897552
66975,0.11252088844776154
66976,0.11596626788377762
66977,0.13225454092025757
66978,0.12331857532262802
66979,0.1159629076719284
66980,0.12918715178966522
66981,0.1211954802274704
66982,0.11708400398492813
66983,0.10457897931337357
66984,0.11657068133354187
66985,0.10983357578516006
66986,0.1084110364317894
66987,0.13972944021224976
66988,0.1287437528371811
66989,0.12814977765083313
66990,0.1196909174323082
66991,0.12384532392024994
66992,0.12164976447820663
66993,0.114106185734272
66994,0.12684927880764008
66995,0.14184680581092834
66996,0.152201846241951
66997,0.15870526432991028
66998,0.14702816307544708
66999,0.13895344734191895
67000,0.12426631152629852
67001,0.1098414957523346
67002,0.11333274096250534
67003,0.10369209945201874
67004,0.1102856770157814
67005,0.08822384476661682
67006,0.08918511122465134
67007,0.09222359210252762
67008,0.09736266732215881
67009,0.10443250089883804
67010,0.10444686561822891
67011,0.10897532850503922
67012,0.11912070214748383
67013,0.08631722629070282
67014,0.09889545291662216
67015,0.09762969613075256
67016,0.09617019444704056
67017,0.11573389172554016
67018,0.1290690004825592
67019,0.1290690004825592
67020,0.12762145698070526
67021,0.10922320187091827
67022,0.09558508545160294
67023,0.11051373183727264
67024,0.09036710113286972
67025,0.09046174585819244
67026,0.08930797129869461
67027,0.09525112807750702
67028,0.095903679728508
67029,0.097240149974823
67030,0.10212373733520508
67031,0.107291579246521
67032,0.1039041131734848
67033,0.10420782119035721
67034,0.10793183743953705
67035,0.12602587044239044
67036,0.09911967813968658
67037,0.10601957142353058
67038,0.13988471031188965
67039,0.1269250512123108
67040,0.10362741351127625
67041,0.11838512122631073
67042,0.109205462038517
67043,0.0931515246629715
67044,0.1758710891008377
67045,0.1677667498588562
67046,0.19144031405448914
67047,0.09868252277374268
67048,0.1627882421016693
67049,0.14563344419002533
67050,0.1492997407913208
67051,0.10447405278682709
67052,0.1385636031627655
67053,0.10953522473573685
67054,0.16061386466026306
67055,0.15862807631492615
67056,0.1105801984667778
67057,0.14170996844768524
67058,0.10719045996665955
67059,0.13525454699993134
67060,0.09521979838609695
67061,0.11682666093111038
67062,0.09829059988260269
67063,0.12248250842094421
67064,0.1227206140756607
67065,0.09575358033180237
67066,0.1233479380607605
67067,0.12633949518203735
67068,0.13825467228889465
67069,0.12417227029800415
67070,0.11275625228881836
67071,0.11001389473676682
67072,0.15097804367542267
67073,0.1379963904619217
67074,0.14708870649337769
67075,0.13680338859558105
67076,0.13570542633533478
67077,0.1453029066324234
67078,0.1274372935295105
67079,0.11668819189071655
67080,0.12413757294416428
67081,0.12582112848758698
67082,0.14545302093029022
67083,0.15870171785354614
67084,0.11942549794912338
67085,0.11023756116628647
67086,0.12332319468259811
67087,0.07437771558761597
67088,0.09783647954463959
67089,0.10615164041519165
67090,0.1409277319908142
67091,0.1605815887451172
67092,0.16773110628128052
67093,0.15633875131607056
67094,0.26547902822494507
67095,0.3397592604160309
67096,0.29363444447517395
67097,0.3146955966949463
67098,0.26710647344589233
67099,0.30987176299095154
67100,0.2292586863040924
67101,0.28993305563926697
67102,0.3003329932689667
67103,0.19048075377941132
67104,0.29839980602264404
67105,0.28722333908081055
67106,0.5016219019889832
67107,0.5305296778678894
67108,0.5606436133384705
67109,0.19778135418891907
67110,0.3322535753250122
67111,0.24944554269313812
67112,0.27992844581604004
67113,0.19216226041316986
67114,0.2983504831790924
67115,0.31347396969795227
67116,0.3682524263858795
67117,0.2803944945335388
67118,0.28296133875846863
67119,0.2963733971118927
67120,0.36959120631217957
67121,0.25184592604637146
67122,0.32901304960250854
67123,0.27877625823020935
67124,0.23919221758842468
67125,0.22823771834373474
67126,0.265323281288147
67127,0.25176966190338135
67128,0.23736043274402618
67129,0.25950247049331665
67130,0.300165057182312
67131,0.33980804681777954
67132,0.34261855483055115
67133,0.20633837580680847
67134,0.2759096324443817
67135,0.2941366136074066
67136,0.29819732904434204
67137,0.29825037717819214
67138,0.31410983204841614
67139,0.3327222168445587
67140,0.33526182174682617
67141,0.27043861150741577
67142,0.21972204744815826
67143,0.22114956378936768
67144,0.2513866722583771
67145,0.2703196704387665
67146,0.13534840941429138
67147,0.17275793850421906
67148,0.1488799750804901
67149,0.23246356844902039
67150,0.39160028100013733
67151,0.1647680401802063
67152,0.1698169708251953
67153,0.1751706302165985
67154,0.26433464884757996
67155,0.2303253412246704
67156,0.21210694313049316
67157,0.22062963247299194
67158,0.30539530515670776
67159,0.2993440330028534
67160,0.4603136479854584
67161,0.18699556589126587
67162,0.46311643719673157
67163,0.44183123111724854
67164,0.3710041344165802
67165,0.35773327946662903
67166,0.36270850896835327
67167,0.39826539158821106
67168,0.3553377687931061
67169,0.3776114881038666
67170,0.3887534737586975
67171,0.47817403078079224
67172,0.3605135977268219
67173,0.3777966797351837
67174,0.40369129180908203
67175,0.502137303352356
67176,0.46386927366256714
67177,0.30105674266815186
67178,0.3292897343635559
67179,0.4266125559806824
67180,0.3988344967365265
67181,0.5016806721687317
67182,0.3776192367076874
67183,0.4316038489341736
67184,0.4493426978588104
67185,0.4481474757194519
67186,0.4337657392024994
67187,0.4675930440425873
67188,0.4215957522392273
67189,0.4463471472263336
67190,0.5202142596244812
67191,0.38741937279701233
67192,0.35167238116264343
67193,0.35157784819602966
67194,0.3301732838153839
67195,0.3688053786754608
67196,0.27872955799102783
67197,0.28559979796409607
67198,0.26603394746780396
67199,0.25483715534210205
67200,0.2508353888988495
67201,0.2607490122318268
67202,0.23659375309944153
67203,0.28503885865211487
67204,0.2375512272119522
67205,0.21161793172359467
67206,0.23790158331394196
67207,0.19944550096988678
67208,0.2162763774394989
67209,0.23090673983097076
67210,0.19043593108654022
67211,0.14391329884529114
67212,0.14282289147377014
67213,0.1341588944196701
67214,0.1310957670211792
67215,0.13500243425369263
67216,0.11717667430639267
67217,0.11067506670951843
67218,0.13574209809303284
67219,0.11926237493753433
67220,0.31808900833129883
67221,0.0977417603135109
67222,0.09923996031284332
67223,0.28095823526382446
67224,0.28707608580589294
67225,0.2571384608745575
67226,0.2691258490085602
67227,0.2504517138004303
67228,0.2290985882282257
67229,0.2622905373573303
67230,0.28026634454727173
67231,0.2721862196922302
67232,0.2695309817790985
67233,0.24471327662467957
67234,0.35339173674583435
67235,0.35034123063087463
67236,0.3115620017051697
67237,0.3396221101284027
67238,0.33822381496429443
67239,0.3431798219680786
67240,0.3588227331638336
67241,0.2998700737953186
67242,0.22244521975517273
67243,0.259335458278656
67244,0.30559787154197693
67245,0.3490650951862335
67246,0.2828400731086731
67247,0.2813992500305176
67248,0.37489792704582214
67249,0.3400442898273468
67250,0.3581736087799072
67251,0.25046011805534363
67252,0.2848605811595917
67253,0.26047077775001526
67254,0.24105653166770935
67255,0.26870444416999817
67256,0.2695569097995758
67257,0.24614329636096954
67258,0.19481705129146576
67259,0.2447083592414856
67260,0.3078041970729828
67261,0.25599730014801025
67262,0.26969024538993835
67263,0.2821219861507416
67264,0.2627164423465729
67265,0.25848671793937683
67266,0.2486843317747116
67267,0.2360694408416748
67268,0.2564377784729004
67269,0.2502991557121277
67270,0.2362821102142334
67271,0.2550906240940094
67272,0.34524446725845337
67273,0.28931939601898193
67274,0.30634745955467224
67275,0.287916898727417
67276,0.3409730792045593
67277,0.30187779664993286
67278,0.2979981601238251
67279,0.36845022439956665
67280,0.3319121301174164
67281,0.31314072012901306
67282,0.3643726110458374
67283,0.33813607692718506
67284,0.25161969661712646
67285,0.2728605270385742
67286,0.39655542373657227
67287,0.2974645793437958
67288,0.3273460865020752
67289,0.3028261959552765
67290,0.17126131057739258
67291,0.19246810674667358
67292,0.18765071034431458
67293,0.28477829694747925
67294,0.1761041283607483
67295,0.3528585433959961
67296,0.21862633526325226
67297,0.277304470539093
67298,0.26554369926452637
67299,0.27756011486053467
67300,0.30306607484817505
67301,0.17927692830562592
67302,0.402120441198349
67303,0.1275920569896698
67304,0.24438557028770447
67305,0.2614196240901947
67306,0.14061641693115234
67307,0.3036821484565735
67308,0.2659046947956085
67309,0.19053363800048828
67310,0.2598106861114502
67311,0.154775470495224
67312,0.23879759013652802
67313,0.28586938977241516
67314,0.37998855113983154
67315,0.2924470603466034
67316,0.28336799144744873
67317,0.3107936978340149
67318,0.2650258243083954
67319,0.2739741802215576
67320,0.2124011516571045
67321,0.22311490774154663
67322,0.3833516836166382
67323,0.335315078496933
67324,0.32592320442199707
67325,0.3875004053115845
67326,0.17571395635604858
67327,0.1572558581829071
67328,0.29617562890052795
67329,0.25631383061408997
67330,0.1597442626953125
67331,0.26525771617889404
67332,0.3772081434726715
67333,0.32330068945884705
67334,0.19698478281497955
67335,0.16500715911388397
67336,0.2238379269838333
67337,0.2749016582965851
67338,0.2451939433813095
67339,0.273477166891098
67340,0.2639109194278717
67341,0.29941073060035706
67342,0.3192870020866394
67343,0.2763108015060425
67344,0.2892066240310669
67345,0.30437183380126953
67346,0.3608369827270508
67347,0.23850136995315552
67348,0.2533712685108185
67349,0.31990063190460205
67350,0.23471900820732117
67351,0.2474891096353531
67352,0.22405824065208435
67353,0.1978423297405243
67354,0.34464576840400696
67355,0.23644116520881653
67356,0.3827628195285797
67357,0.26578620076179504
67358,0.22552067041397095
67359,0.21581275761127472
67360,0.24476149678230286
67361,0.2410590499639511
67362,0.19508184492588043
67363,0.22767116129398346
67364,0.18832580745220184
67365,0.21591481566429138
67366,0.24455296993255615
67367,0.27558356523513794
67368,0.31379571557044983
67369,0.29879724979400635
67370,0.292095422744751
67371,0.25319769978523254
67372,0.32507121562957764
67373,0.297261118888855
67374,0.32785043120384216
67375,0.3511181175708771
67376,0.34798747301101685
67377,0.2828480303287506
67378,0.31545379757881165
67379,0.27888941764831543
67380,0.33829331398010254
67381,0.2556331753730774
67382,0.3017427623271942
67383,0.22583311796188354
67384,0.19245769083499908
67385,0.1713113784790039
67386,0.2058429718017578
67387,0.3143724501132965
67388,0.34235113859176636
67389,0.17240504920482635
67390,0.42485204339027405
67391,0.38649165630340576
67392,0.2723730206489563
67393,0.21294815838336945
67394,0.2287706881761551
67395,0.25680282711982727
67396,0.24938243627548218
67397,0.14568929374217987
67398,0.3276841640472412
67399,0.19638586044311523
67400,0.1984463334083557
67401,0.18031087517738342
67402,0.1534307450056076
67403,0.35064777731895447
67404,0.3605967164039612
67405,0.27062126994132996
67406,0.36955368518829346
67407,0.21128182113170624
67408,0.27921631932258606
67409,0.20641714334487915
67410,0.2572001814842224
67411,0.17947396636009216
67412,0.11531262844800949
67413,0.19805334508419037
67414,0.2045728862285614
67415,0.21275915205478668
67416,0.21665996313095093
67417,0.2340327352285385
67418,0.20824551582336426
67419,0.21112211048603058
67420,0.2374645620584488
67421,0.23359043896198273
67422,0.22583377361297607
67423,0.2640604078769684
67424,0.26272574067115784
67425,0.27034133672714233
67426,0.2689816653728485
67427,0.25306427478790283
67428,0.2422587275505066
67429,0.2755902409553528
67430,0.31906959414482117
67431,0.26354971528053284
67432,0.293653666973114
67433,0.32217350602149963
67434,0.29500314593315125
67435,0.2853977084159851
67436,0.30972084403038025
67437,0.25934723019599915
67438,0.23543451726436615
67439,0.23556606471538544
67440,0.2557823359966278
67441,0.23949062824249268
67442,0.24095231294631958
67443,0.21583415567874908
67444,0.19664548337459564
67445,0.32596689462661743
67446,0.3449101746082306
67447,0.17716029286384583
67448,0.213386669754982
67449,0.15377813577651978
67450,0.2343844175338745
67451,0.16830198466777802
67452,0.24820908904075623
67453,0.17916066944599152
67454,0.18969129025936127
67455,0.26882392168045044
67456,0.17165665328502655
67457,0.17401449382305145
67458,0.21118254959583282
67459,0.21118174493312836
67460,0.18880699574947357
67461,0.14536459743976593
67462,0.2101752609014511
67463,0.1994742900133133
67464,0.2597225308418274
67465,0.1796884387731552
67466,0.13375550508499146
67467,0.27065202593803406
67468,0.2259771227836609
67469,0.22539381682872772
67470,0.2931801974773407
67471,0.2791851758956909
67472,0.2624117136001587
67473,0.16247150301933289
67474,0.24229244887828827
67475,0.3114061951637268
67476,0.20593750476837158
67477,0.2663692533969879
67478,0.1427578330039978
67479,0.15938392281532288
67480,0.17630191147327423
67481,0.1329841911792755
67482,0.2777690589427948
67483,0.22679638862609863
67484,0.23599307239055634
67485,0.2811811566352844
67486,0.20139393210411072
67487,0.2622174024581909
67488,0.19030112028121948
67489,0.21121956408023834
67490,0.2102394700050354
67491,0.20559003949165344
67492,0.18584217131137848
67493,0.14235848188400269
67494,0.28882139921188354
67495,0.38365620374679565
67496,0.1624230593442917
67497,0.26254257559776306
67498,0.286812424659729
67499,0.33524852991104126
67500,0.43207576870918274
67501,0.3173086941242218
67502,0.39870524406433105
67503,0.3611823320388794
67504,0.2685520648956299
67505,0.2957180440425873
67506,0.2814592719078064
67507,0.3353850543498993
67508,0.21086810529232025
67509,0.3543762266635895
67510,0.19249023497104645
67511,0.17086796462535858
67512,0.21916933357715607
67513,0.276262104511261
67514,0.227435901761055
67515,0.3105989098548889
67516,0.48105642199516296
67517,0.23927491903305054
67518,0.22238071262836456
67519,0.2228766232728958
67520,0.23246236145496368
67521,0.3303537666797638
67522,0.23065462708473206
67523,0.16792885959148407
67524,0.13447357714176178
67525,0.13416436314582825
67526,0.10206819325685501
67527,0.15619656443595886
67528,0.14453519880771637
67529,0.1361926943063736
67530,0.22056077420711517
67531,0.1413317620754242
67532,0.1446058303117752
67533,0.46425750851631165
67534,0.42484432458877563
67535,0.3313579559326172
67536,0.26990196108818054
67537,0.2425423562526703
67538,0.20851652324199677
67539,0.23069502413272858
67540,0.2379915416240692
67541,0.2745307683944702
67542,0.1631932109594345
67543,0.05565548688173294
67544,0.10708806663751602
67545,0.08414043486118317
67546,0.2518254518508911
67547,0.21678875386714935
67548,0.2511591911315918
67549,0.27513670921325684
67550,0.2768048644065857
67551,0.11925986409187317
67552,0.22475697100162506
67553,0.35675591230392456
67554,0.4491255581378937
67555,0.4639555811882019
67556,0.3091476559638977
67557,0.1486891508102417
67558,0.15890495479106903
67559,0.1465371549129486
67560,0.2151939421892166
67561,0.28657031059265137
67562,0.4061325788497925
67563,0.22890907526016235
67564,0.11162008345127106
67565,0.17540596425533295
67566,0.34769174456596375
67567,0.22321487963199615
67568,0.31705689430236816
67569,0.1618790626525879
67570,0.15826375782489777
67571,0.197555273771286
67572,0.1743488311767578
67573,0.25289809703826904
67574,0.11073192954063416
67575,0.29581472277641296
67576,0.1727273017168045
67577,0.07845932990312576
67578,0.10557124763727188
67579,0.09870755672454834
67580,0.16596657037734985
