inspection_id,mean_ndvi
33791,0.268179714679718
33792,0.4121873676776886
33793,0.4524969756603241
33794,0.4849003255367279
33795,0.38296183943748474
33796,0.5006826519966125
33797,0.37298962473869324
33798,0.4709540605545044
33799,0.41103994846343994
33800,0.3175513446331024
33801,0.32990890741348267
33802,0.33930084109306335
33803,0.3086363971233368
33804,0.40108004212379456
33805,0.26823121309280396
33806,0.3631429076194763
33807,0.4254668354988098
33808,0.6234699487686157
33809,0.329383909702301
33810,0.3969331681728363
33811,0.3124120533466339
33812,0.3200535774230957
33813,0.32495540380477905
33814,0.33124253153800964
33815,0.35825368762016296
33816,0.37014833092689514
33817,0.41933712363243103
33818,0.59906405210495
33819,0.4056675136089325
33820,0.31523001194000244
33821,0.35152435302734375
33822,0.31728440523147583
33823,0.4189354479312897
33824,0.30384090542793274
33825,0.37033021450042725
33826,0.2587701976299286
33827,0.3207363486289978
33828,0.19904878735542297
33829,0.4347933530807495
33830,0.6165388822555542
33831,0.4725331664085388
33832,0.34587839245796204
33833,0.327278196811676
33834,0.39334413409233093
33835,0.3924400210380554
33836,0.3588828146457672
33837,0.38130688667297363
33838,0.2858409285545349
33839,0.3198878765106201
33840,0.25529879331588745
33841,0.2546382248401642
33842,0.25158819556236267
33843,0.22081570327281952
33844,0.2535231411457062
33845,0.2760881185531616
33846,0.3768787682056427
33847,0.3157314956188202
33848,0.2786804437637329
33849,0.33947375416755676
33850,0.2543852627277374
33851,0.29164204001426697
33852,0.46646562218666077
33853,0.4145122170448303
33854,0.38145825266838074
33855,0.32922449707984924
33856,0.3808562457561493
33857,0.2676312327384949
33858,0.24555036425590515
33859,0.2876390218734741
33860,0.35432544350624084
33861,0.3954288065433502
33862,0.4115249812602997
33863,0.46916186809539795
33864,0.4052506685256958
33865,0.4088040590286255
33866,0.36690765619277954
33867,0.3497697412967682
33868,0.3435763120651245
33869,0.3725689947605133
33870,0.3673321008682251
33871,0.3927444517612457
33872,0.33126360177993774
33873,0.2921806573867798
33874,0.30056118965148926
33875,0.3229299485683441
33876,0.3408830165863037
33877,0.26274001598358154
33878,0.3141239285469055
33879,0.42202940583229065
33880,0.2792796194553375
33881,0.3139113783836365
33882,0.5010495185852051
33883,0.5101712942123413
33884,0.298513263463974
33885,0.5498548150062561
33886,0.30511024594306946
33887,0.42903152108192444
33888,0.4749937951564789
33889,0.3051256537437439
33890,0.23816384375095367
33891,0.2774430513381958
33892,0.2866307497024536
33893,0.3240514397621155
33894,0.32504919171333313
33895,0.31045421957969666
33896,0.4423091411590576
33897,0.6113792061805725
33898,0.4595288336277008
33899,0.48079657554626465
33900,0.33545348048210144
33901,0.1718672811985016
33902,0.34640002250671387
33903,0.21220694482326508
33904,0.26508599519729614
33905,0.3406471908092499
33906,0.3708301782608032
33907,0.28381332755088806
33908,0.2970932126045227
33909,0.2339170128107071
33910,0.19037604331970215
33911,0.2959045171737671
33912,0.42031532526016235
33913,0.25625503063201904
33914,0.16211791336536407
33915,0.5734369158744812
33916,0.17908798158168793
33917,-0.031016336753964424
33918,-0.03189261630177498
33919,-0.031634967774152756
33920,-0.03127279877662659
33921,-0.03212815523147583
33922,-0.03177117928862572
33923,-0.031707555055618286
33924,-0.031129643321037292
33925,-0.031294286251068115
33926,-0.018753401935100555
33927,-0.018789688125252724
33928,-0.018973644822835922
33929,0.2561798095703125
33930,0.3853941857814789
33931,0.300862193107605
33932,0.39012688398361206
33933,0.21565745770931244
33934,0.14758241176605225
33935,0.13169153034687042
33936,0.221774622797966
33937,0.23511560261249542
33938,0.26149457693099976
33939,0.23889145255088806
33940,0.12032227218151093
33941,0.48721054196357727
33942,0.3897124230861664
33943,0.23688624799251556
33944,0.42629170417785645
33945,0.42379990220069885
33946,0.1424107849597931
33947,0.23003806173801422
33948,0.2909577190876007
33949,0.384246826171875
33950,0.3071013391017914
33951,0.35341009497642517
33952,0.48973309993743896
33953,0.3593100905418396
33954,0.36344826221466064
33955,0.37879517674446106
33956,0.4070437550544739
33957,0.4436492919921875
33958,0.4673047363758087
33959,0.43757760524749756
33960,0.3251234292984009
33961,0.3885107636451721
33962,0.3521428108215332
33963,0.4100061058998108
33964,0.35153186321258545
33965,0.4798771142959595
33966,0.4797702431678772
33967,0.3693072199821472
33968,0.32760196924209595
33969,0.3826729953289032
33970,0.39567968249320984
33971,0.36297160387039185
33972,0.38807976245880127
33973,0.48121345043182373
33974,0.4382319748401642
33975,0.37919992208480835
33976,0.30086979269981384
33977,0.4002607464790344
33978,0.46979543566703796
33979,0.5236952304840088
33980,0.38179656863212585
33981,0.3685007691383362
33982,0.31312718987464905
33983,0.36894872784614563
33984,0.3869102895259857
33985,0.4557529091835022
33986,0.4733940064907074
33987,0.46544349193573
33988,0.4342368245124817
33989,0.30440014600753784
33990,0.33538225293159485
33991,0.39069321751594543
33992,0.3578461706638336
33993,0.32755449414253235
33994,0.40308892726898193
33995,0.45092037320137024
33996,0.40888601541519165
33997,0.16275353729724884
33998,0.31548449397087097
33999,0.147782564163208
34000,-0.013753579929471016
34001,0.3436484932899475
34002,0.3963480591773987
34003,0.29453402757644653
34004,0.25287890434265137
34005,0.2415807843208313
34006,0.23960022628307343
34007,0.2538917362689972
34008,0.2295745611190796
34009,0.40992847084999084
34010,0.372965931892395
34011,0.36604204773902893
34012,0.4024165868759155
34013,0.4190176725387573
34014,0.42606431245803833
34015,0.31829729676246643
34016,0.3986426293849945
34017,0.38080117106437683
34018,0.3571554720401764
34019,0.3416045010089874
34020,0.48876407742500305
34021,0.4223632216453552
34022,0.322898268699646
34023,0.3164430856704712
34024,0.29057061672210693
34025,0.37425416707992554
34026,0.43027228116989136
34027,0.39139989018440247
34028,0.23507905006408691
34029,0.12051080167293549
34030,0.20984502136707306
34031,0.11627539992332458
34032,0.13932757079601288
34033,0.22852563858032227
34034,0.16937650740146637
34035,0.16718685626983643
34036,0.1869405210018158
34037,0.211561381816864
34038,0.19560468196868896
34039,0.18533112108707428
34040,0.17267310619354248
34041,0.14819933474063873
34042,0.1499638557434082
34043,0.1637159138917923
34044,0.1791844516992569
34045,0.1847648173570633
34046,0.19405974447727203
34047,0.19601309299468994
34048,0.16834920644760132
34049,0.15660670399665833
34050,0.13459601998329163
34051,0.10497415065765381
34052,0.09840568900108337
34053,0.13073521852493286
34054,0.1414192169904709
34055,0.15031038224697113
34056,0.1555650234222412
34057,0.1481821984052658
34058,0.1791277974843979
34059,0.18739807605743408
34060,0.11892527341842651
34061,0.10401666909456253
34062,0.11999714374542236
34063,0.1212759017944336
34064,0.13573229312896729
34065,0.14810138940811157
34066,0.14743496477603912
34067,0.1476888209581375
34068,0.17317628860473633
34069,0.17124633491039276
34070,0.14782170951366425
34071,0.1476154923439026
34072,0.15988850593566895
34073,0.12995970249176025
34074,0.1416502743959427
34075,0.1501522809267044
34076,0.13944929838180542
34077,0.14019884169101715
34078,0.16518256068229675
34079,0.19319957494735718
34080,0.1408655345439911
34081,0.18865111470222473
34082,0.20469096302986145
34083,0.2034980058670044
34084,0.18788622319698334
34085,0.16193413734436035
34086,0.1744600534439087
34087,0.17321760952472687
34088,0.13554905354976654
34089,0.1115957573056221
34090,0.10047715902328491
34091,0.24438266456127167
34092,0.20064696669578552
34093,0.20792517066001892
34094,0.2446746826171875
34095,0.20536674559116364
34096,0.20129963755607605
34097,0.20019209384918213
34098,0.1940949559211731
34099,0.186054065823555
34100,0.18876640498638153
34101,0.211369588971138
34102,0.2452552318572998
34103,0.21729139983654022
34104,0.22560743987560272
34105,0.24177144467830658
34106,0.23523131012916565
34107,0.24478785693645477
34108,0.24976734817028046
34109,0.25570768117904663
34110,0.24764694273471832
34111,0.22192491590976715
34112,0.19038790464401245
34113,0.17083998024463654
34114,0.17473793029785156
34115,0.20288453996181488
34116,0.1951320469379425
34117,0.19576138257980347
34118,0.2062983363866806
34119,0.20809130370616913
34120,0.1892329305410385
34121,0.17739641666412354
34122,0.173164963722229
34123,0.15894989669322968
34124,0.16299961507320404
34125,0.2344888597726822
34126,0.24429449439048767
34127,0.24794134497642517
34128,0.2865614891052246
34129,0.21898946166038513
34130,0.1717403084039688
34131,0.43725287914276123
34132,-0.01794467307627201
34133,-0.012594682164490223
34134,-0.01707535609602928
34135,-0.01764659583568573
34136,0.48249274492263794
34137,0.6447587609291077
34138,0.5531639456748962
34139,0.5854583978652954
34140,0.7677817940711975
34141,0.796735405921936
34142,0.5867770910263062
34143,0.5318818092346191
34144,0.4589449465274811
34145,-0.035253413021564484
34146,0.40503713488578796
34147,0.4677570164203644
34148,0.267630398273468
34149,0.303712397813797
34150,0.3080293536186218
34151,0.327406644821167
34152,0.32743966579437256
34153,0.2977362275123596
34154,0.30720800161361694
34155,0.2904053330421448
34156,0.2882539927959442
34157,0.2704700529575348
34158,0.27797994017601013
34159,0.2701086103916168
34160,0.21612635254859924
34161,0.33182692527770996
34162,0.3290974199771881
34163,0.3010689318180084
34164,0.3240123987197876
34165,0.3258192241191864
34166,0.35582709312438965
34167,0.30072757601737976
34168,0.3585682213306427
34169,0.2738271653652191
34170,0.3017433285713196
34171,0.2856178879737854
34172,0.27880990505218506
34173,0.236829936504364
34174,0.27903854846954346
34175,0.25893455743789673
34176,0.261802077293396
34177,0.2803877294063568
34178,0.33002179861068726
34179,0.3420935571193695
34180,0.2707144618034363
34181,0.2796362042427063
34182,0.27582478523254395
34183,0.3223585784435272
34184,0.31709229946136475
34185,0.3134688138961792
34186,0.3052762746810913
34187,0.2995133697986603
34188,0.3156604766845703
34189,0.3001347780227661
34190,0.33242833614349365
34191,0.3606206178665161
34192,0.30452173948287964
34193,0.3681773245334625
34194,0.3350425958633423
34195,0.3249281048774719
34196,0.3303183317184448
34197,0.3283608555793762
34198,0.3206857442855835
34199,0.33919697999954224
34200,0.42028194665908813
34201,0.4523402452468872
34202,0.43943291902542114
34203,0.3916078209877014
34204,0.30983075499534607
34205,0.3320668935775757
34206,0.3826310932636261
34207,0.35928574204444885
34208,0.30063366889953613
34209,0.27441900968551636
34210,0.2761833965778351
34211,0.26116982102394104
34212,0.22276322543621063
34213,0.21446506679058075
34214,0.24502621591091156
34215,0.22626464068889618
34216,0.22735244035720825
34217,0.22735200822353363
34218,0.27073144912719727
34219,0.30269816517829895
34220,0.3187709450721741
34221,0.2928961217403412
34222,0.2926311194896698
34223,0.31870242953300476
34224,0.2886001467704773
34225,0.27665290236473083
34226,0.2945234775543213
34227,0.21234536170959473
34228,0.22389645874500275
34229,0.21823546290397644
34230,0.24596115946769714
34231,0.2398737519979477
34232,0.26057901978492737
34233,0.24753539264202118
34234,0.23887751996517181
34235,0.21937084197998047
34236,0.22894823551177979
34237,0.22038333117961884
34238,0.20005975663661957
34239,0.23022863268852234
34240,0.2086656093597412
34241,0.24652205407619476
34242,0.22251984477043152
34243,0.2596972584724426
34244,0.24402892589569092
34245,0.24946705996990204
34246,0.237847700715065
34247,0.24312657117843628
34248,0.2445351928472519
34249,0.24039709568023682
34250,0.2210661917924881
34251,0.2241578847169876
34252,0.20384463667869568
34253,0.20166493952274323
34254,0.2170582264661789
34255,0.22451946139335632
34256,0.2500298023223877
34257,0.2477828860282898
34258,0.21688061952590942
34259,0.23782773315906525
34260,0.19337616860866547
34261,0.21931321918964386
34262,0.22497420012950897
34263,0.22656533122062683
34264,0.3060849606990814
34265,0.22342030704021454
34266,0.28376948833465576
34267,0.20922841131687164
34268,0.18804176151752472
34269,0.21997199952602386
34270,0.24162563681602478
34271,0.23256762325763702
34272,0.1503952294588089
34273,0.1558842808008194
34274,0.16768257319927216
34275,0.21464292705059052
34276,0.22504207491874695
34277,0.2364809811115265
34278,0.28703176975250244
34279,0.25695914030075073
34280,0.22543536126613617
34281,0.1995895802974701
34282,0.2109070122241974
34283,0.20710399746894836
34284,0.1919194459915161
34285,0.16933120787143707
34286,0.2819383144378662
34287,0.26916927099227905
34288,0.2592133581638336
34289,0.268738716840744
34290,0.24351240694522858
34291,0.19156669080257416
34292,0.1716400533914566
34293,0.14815223217010498
34294,0.17487971484661102
34295,0.2505913972854614
34296,0.24094465374946594
34297,0.27824556827545166
34298,0.2717064619064331
34299,0.3215036690235138
34300,0.2724648714065552
34301,0.2699366807937622
34302,0.24905261397361755
34303,0.24638903141021729
34304,0.26398420333862305
34305,0.2684880495071411
34306,0.227654367685318
34307,0.20153605937957764
34308,0.1958656907081604
34309,0.21261310577392578
34310,0.2364848107099533
34311,0.22146505117416382
34312,0.20363262295722961
34313,0.20102065801620483
34314,0.20671778917312622
34315,0.2344629168510437
34316,0.2501491606235504
34317,0.24294158816337585
34318,0.23347899317741394
34319,0.25133851170539856
34320,0.25271159410476685
34321,0.25296929478645325
34322,0.2467876374721527
34323,0.21539758145809174
34324,0.2246534824371338
34325,0.21708430349826813
34326,0.19349901378154755
34327,0.20495566725730896
34328,0.21858926117420197
34329,0.2135116457939148
34330,0.18551358580589294
34331,0.1565619260072708
34332,0.18783503770828247
34333,0.19421273469924927
34334,0.20281875133514404
34335,0.18619461357593536
34336,0.1936800181865692
34337,0.18704858422279358
34338,0.1793471723794937
34339,0.1730424165725708
34340,0.17758744955062866
34341,0.17031697928905487
34342,0.1886957585811615
34343,0.18727411329746246
34344,0.16682346165180206
34345,0.19029547274112701
34346,0.22869598865509033
34347,0.1851583868265152
34348,0.1885671764612198
34349,0.22473177313804626
34350,0.26851963996887207
34351,0.22298133373260498
34352,0.20269839465618134
34353,0.2029639184474945
34354,0.24744613468647003
34355,0.253991037607193
34356,0.27840903401374817
34357,0.2177150547504425
34358,0.2532658278942108
34359,0.2434559017419815
34360,0.22062745690345764
34361,0.24382846057415009
34362,0.2537028193473816
34363,0.23969081044197083
34364,0.21747884154319763
34365,0.3065609037876129
34366,0.29267406463623047
34367,0.2880951762199402
34368,0.2492254376411438
34369,0.2781880497932434
34370,0.22695127129554749
34371,0.21057619154453278
34372,0.22860263288021088
34373,0.22253641486167908
34374,0.22096224129199982
34375,0.23127825558185577
34376,0.21143993735313416
34377,0.1941336989402771
34378,0.18347352743148804
34379,0.21302156150341034
34380,0.17134100198745728
34381,0.18343009054660797
34382,0.18754443526268005
34383,0.19153837859630585
34384,0.22626686096191406
34385,0.21937954425811768
34386,0.22848156094551086
34387,0.24382412433624268
34388,0.2864961326122284
34389,0.22518430650234222
34390,0.17255911231040955
34391,0.19530941545963287
34392,0.22707964479923248
34393,0.19729265570640564
34394,0.15159288048744202
34395,0.22839440405368805
34396,0.2512873411178589
34397,0.24459996819496155
34398,0.24871215224266052
34399,0.25953876972198486
34400,0.2505375146865845
34401,0.2450322061777115
34402,0.22070303559303284
34403,0.2433231621980667
34404,0.2533848285675049
34405,0.20709629356861115
34406,0.2417411506175995
34407,0.21434029936790466
34408,0.20903843641281128
34409,0.1797727793455124
34410,0.16078825294971466
34411,0.1875462681055069
34412,0.15782710909843445
34413,0.1680217981338501
34414,0.1694905161857605
34415,0.2866661250591278
34416,0.21031717956066132
34417,0.3138003945350647
34418,0.28274935483932495
34419,0.25226104259490967
34420,0.24878863990306854
34421,0.23659279942512512
34422,0.2206675261259079
34423,0.28398242592811584
34424,0.24814900755882263
34425,0.2620067000389099
34426,0.2789860665798187
34427,0.28247106075286865
34428,0.24014636874198914
34429,0.2032701075077057
34430,0.22936876118183136
34431,0.2080022096633911
34432,0.24157032370567322
34433,0.21003586053848267
34434,0.191110298037529
34435,0.22789382934570312
34436,0.20955593883991241
34437,0.20634914934635162
34438,0.2450922131538391
34439,0.2475941777229309
34440,0.2691694498062134
34441,0.24578455090522766
34442,0.283898264169693
34443,0.27903982996940613
34444,0.3804789185523987
34445,0.4644044041633606
34446,0.4282650947570801
34447,0.5537416338920593
34448,0.5069339275360107
34449,0.5025258660316467
34450,0.45726367831230164
34451,0.2954096496105194
34452,0.3791828751564026
34453,0.2541588246822357
34454,0.35622864961624146
34455,0.23029454052448273
34456,0.35498902201652527
34457,0.42612847685813904
34458,0.21309617161750793
34459,0.299431174993515
34460,0.30846574902534485
34461,0.2581067681312561
34462,0.25907212495803833
34463,0.3037404716014862
34464,0.37473708391189575
34465,0.4683086574077606
34466,0.39406248927116394
34467,0.35549238324165344
34468,0.32026407122612
34469,0.3933715224266052
34470,0.320236474275589
34471,0.454681932926178
34472,0.5040078163146973
34473,0.4903388023376465
34474,0.2907883822917938
34475,0.2506507635116577
34476,0.2362968474626541
34477,0.23169514536857605
34478,0.31479066610336304
34479,0.3580901324748993
34480,0.29403913021087646
34481,0.3528018891811371
34482,0.37152671813964844
34483,0.39231204986572266
34484,0.27423039078712463
34485,0.25460919737815857
34486,0.36203083395957947
34487,0.39745691418647766
34488,0.395219624042511
34489,0.4402552545070648
34490,0.3285234868526459
34491,0.4595456123352051
34492,0.3418941795825958
34493,0.39779919385910034
34494,0.28506314754486084
34495,0.28965091705322266
34496,0.39802777767181396
34497,0.440733939409256
34498,0.40460094809532166
34499,0.5024837255477905
34500,0.3497360348701477
34501,0.29441317915916443
34502,0.29245525598526
34503,0.2978302538394928
34504,0.25902897119522095
34505,0.16644911468029022
34506,0.28892871737480164
34507,0.2759665846824646
34508,0.3982894718647003
34509,0.4372636377811432
34510,0.39580219984054565
34511,0.4058628976345062
34512,0.3311340808868408
34513,0.3422408998012543
34514,0.37603864073753357
34515,0.2972560226917267
34516,0.3373766839504242
34517,0.3103480339050293
34518,0.2998889088630676
34519,0.35912516713142395
34520,0.33134564757347107
34521,0.28253766894340515
34522,0.3401823937892914
34523,0.24749451875686646
34524,0.3005291223526001
34525,0.3619725704193115
34526,0.35364922881126404
34527,0.3929557800292969
34528,0.31747275590896606
34529,0.36528000235557556
34530,0.40924185514450073
34531,0.3942437171936035
34532,0.4482470750808716
34533,0.3760852515697479
34534,0.325794517993927
34535,0.2773885130882263
34536,0.24708101153373718
34537,0.287536084651947
34538,0.30982860922813416
34539,0.3837678134441376
34540,0.39555227756500244
34541,0.3782031536102295
34542,0.35394522547721863
34543,0.3521742522716522
34544,0.3706236481666565
34545,0.41726523637771606
34546,0.37468263506889343
34547,0.4147040545940399
34548,0.4020492732524872
34549,0.31069135665893555
34550,0.31268540024757385
34551,0.3353319466114044
34552,0.40533071756362915
34553,0.4253294765949249
34554,0.39886391162872314
34555,0.38768479228019714
34556,0.4198431968688965
34557,0.41978219151496887
34558,0.44525575637817383
34559,0.43056434392929077
34560,0.5631875395774841
34561,0.6053298115730286
34562,0.5335245728492737
34563,0.5730606913566589
34564,0.5412098169326782
34565,0.41924911737442017
34566,0.4512312412261963
34567,0.42240819334983826
34568,0.4288576543331146
34569,0.5221548676490784
34570,0.5343652367591858
34571,0.4518311321735382
34572,0.5786450505256653
34573,0.4450818598270416
34574,0.4163852632045746
34575,0.2889109253883362
34576,0.3090742528438568
34577,0.3345518708229065
34578,0.3456626236438751
34579,0.3553481101989746
34580,0.34197351336479187
34581,0.3148101270198822
34582,0.31544551253318787
34583,0.2943059802055359
34584,0.3394206464290619
34585,0.37735235691070557
34586,0.39765095710754395
34587,0.3761462867259979
34588,0.31883665919303894
34589,0.3766831159591675
34590,0.4062560498714447
34591,0.377905011177063
34592,0.4536857604980469
34593,0.500798761844635
34594,0.45483896136283875
34595,0.4394889771938324
34596,0.4049014449119568
34597,0.40739935636520386
34598,0.35720449686050415
34599,0.34841296076774597
34600,0.36783236265182495
34601,0.36729663610458374
34602,0.3679174780845642
34603,0.3740699887275696
34604,0.39376556873321533
34605,0.41015276312828064
34606,0.38327285647392273
34607,0.3814622759819031
34608,0.36096900701522827
34609,0.34433746337890625
34610,0.40592607855796814
34611,0.3865547776222229
34612,0.32803553342819214
34613,0.34107860922813416
34614,0.3831023573875427
34615,0.38213810324668884
34616,0.39828410744667053
34617,0.3968013525009155
34618,0.3365369141101837
34619,0.35302260518074036
34620,0.386770635843277
34621,0.3668286204338074
34622,0.38008254766464233
34623,0.3792791962623596
34624,0.3799577057361603
34625,0.37640830874443054
34626,0.5349189043045044
34627,0.4381425082683563
34628,0.2738134264945984
34629,0.40284496545791626
34630,0.4967634975910187
34631,0.48164141178131104
34632,0.5221197009086609
34633,0.5762782096862793
34634,0.4771938920021057
34635,0.45112812519073486
34636,0.46239137649536133
34637,0.45952922105789185
34638,0.24388320744037628
34639,0.5050155520439148
34640,0.325126588344574
34641,0.41288185119628906
34642,0.39984843134880066
34643,0.45986735820770264
34644,0.429157018661499
34645,0.43187665939331055
34646,0.5136774778366089
34647,0.44996023178100586
34648,0.527288556098938
34649,0.4271109700202942
34650,0.4114202857017517
34651,0.48292991518974304
34652,0.3989022374153137
34653,0.4169178307056427
34654,0.4994962215423584
34655,0.461402028799057
34656,0.3585193157196045
34657,0.45569759607315063
34658,0.3146944046020508
34659,0.39443525671958923
34660,0.31919485330581665
34661,0.3428584337234497
34662,0.44221004843711853
34663,0.4754643738269806
34664,0.4735743999481201
34665,0.4489987790584564
34666,0.323770135641098
34667,0.4213254153728485
34668,0.37390899658203125
34669,0.42470377683639526
34670,0.3676084578037262
34671,0.45720750093460083
34672,0.4676837921142578
34673,0.4527980387210846
34674,0.4248126447200775
34675,0.4202451705932617
34676,0.3694607615470886
34677,0.41550126671791077
34678,0.3740518093109131
34679,0.3319539725780487
34680,0.5805996060371399
34681,0.4495190382003784
34682,0.537815272808075
34683,0.42150893807411194
34684,0.3652609586715698
34685,0.3670656383037567
34686,0.3737785220146179
34687,0.45187994837760925
34688,0.4377230703830719
34689,0.40857166051864624
34690,0.4625956118106842
34691,0.478773295879364
34692,0.38534310460090637
34693,0.39366021752357483
34694,0.36914417147636414
34695,0.3229464888572693
34696,0.27766653895378113
34697,0.3891260623931885
34698,0.3293536901473999
34699,0.31745702028274536
34700,0.3419667184352875
34701,0.35445287823677063
34702,0.38244742155075073
34703,0.43174469470977783
34704,0.35694560408592224
34705,0.4336499869823456
34706,0.4228403866291046
34707,0.4597703516483307
34708,0.4389150142669678
34709,0.393363893032074
34710,0.3065016567707062
34711,0.2831159234046936
34712,0.34703102707862854
34713,0.36780858039855957
34714,0.3620566427707672
34715,0.28339430689811707
34716,0.2344619631767273
34717,0.3009774088859558
34718,0.4125381410121918
34719,0.30984294414520264
34720,0.28063687682151794
34721,0.29142194986343384
34722,0.299068808555603
34723,0.3524170219898224
34724,0.29174354672431946
34725,0.4695229232311249
34726,0.47651615738868713
34727,0.3505139946937561
34728,0.43851137161254883
34729,0.28480303287506104
34730,0.3906717300415039
34731,0.42318642139434814
34732,0.22062814235687256
34733,0.2224065214395523
34734,0.28049343824386597
34735,0.30823761224746704
34736,0.3494206964969635
34737,0.4318678677082062
34738,0.42327311635017395
34739,0.38855138421058655
34740,0.4672558009624481
34741,0.4417763948440552
34742,0.4558061361312866
34743,0.38780421018600464
34744,0.3271488845348358
34745,0.23516599833965302
34746,0.3478527367115021
34747,0.47255969047546387
34748,0.5291956067085266
34749,0.4725535213947296
34750,0.35557058453559875
34751,0.3364427387714386
34752,0.30919408798217773
34753,0.3418295681476593
34754,0.386969655752182
34755,0.45874589681625366
34756,0.41724833846092224
34757,0.4025399386882782
34758,0.3504158854484558
34759,0.35132673382759094
34760,0.4040968418121338
34761,0.409990519285202
34762,0.43859952688217163
34763,0.46860069036483765
34764,0.44647717475891113
34765,0.3408248722553253
34766,0.4357331693172455
34767,0.42833390831947327
34768,0.45970383286476135
34769,0.4511265158653259
34770,0.4526681900024414
34771,0.4100598394870758
34772,0.41130170226097107
34773,0.3714793622493744
34774,0.30784133076667786
34775,0.35575035214424133
34776,0.36599576473236084
34777,0.4109917879104614
34778,0.33676719665527344
34779,0.341281920671463
34780,0.3750776946544647
34781,0.3692537248134613
34782,0.38943666219711304
34783,0.3619716167449951
34784,0.4067012071609497
34785,0.36206182837486267
34786,0.4256437420845032
34787,0.41146886348724365
34788,0.3710237443447113
34789,0.39494040608406067
34790,0.34777066111564636
34791,0.3392949402332306
34792,0.3163730502128601
34793,0.3091164827346802
34794,0.2684389352798462
34795,0.3993526101112366
34796,0.34217721223831177
34797,0.36765357851982117
34798,0.36841896176338196
34799,0.35954710841178894
34800,0.36742857098579407
34801,0.34825536608695984
34802,0.41341856122016907
34803,0.4677271246910095
34804,0.40584367513656616
34805,0.4488164782524109
34806,0.33070194721221924
34807,0.40280818939208984
34808,0.4382937252521515
34809,0.435426265001297
34810,0.391798198223114
34811,0.364926815032959
34812,0.3627477288246155
34813,0.38752996921539307
34814,0.3996768891811371
34815,0.38694146275520325
34816,0.3393312096595764
34817,0.32617270946502686
34818,0.3787004053592682
34819,0.34008485078811646
34820,0.2939507067203522
34821,0.3521280288696289
34822,0.3458860516548157
34823,0.399116575717926
34824,0.30879536271095276
34825,0.3458246886730194
34826,0.3325433135032654
34827,0.37132924795150757
34828,0.27138227224349976
34829,0.1683543175458908
34830,0.15246257185935974
34831,0.16974100470542908
34832,0.13002988696098328
34833,0.15341368317604065
34834,0.15706156194210052
34835,0.15881264209747314
34836,0.13795670866966248
34837,0.13284583389759064
34838,0.12310393154621124
34839,0.13159197568893433
34840,0.12797380983829498
34841,0.13116812705993652
34842,0.12712518870830536
34843,0.1555529683828354
34844,0.1489035189151764
34845,0.17357487976551056
34846,0.17032966017723083
34847,0.16193576157093048
34848,0.16256317496299744
34849,0.14864201843738556
34850,0.15253621339797974
34851,0.17969189584255219
34852,0.18050789833068848
34853,0.1684969812631607
34854,0.16277721524238586
34855,0.15542611479759216
34856,0.16044305264949799
34857,0.178241565823555
34858,0.1895352005958557
34859,0.18230663239955902
34860,0.16848224401474
34861,0.13057368993759155
34862,0.1490812599658966
34863,0.18510647118091583
34864,0.19153054058551788
34865,0.20376494526863098
34866,0.20591585338115692
34867,0.17896504700183868
34868,0.17470210790634155
34869,0.1674039661884308
34870,0.15501300990581512
34871,0.15629394352436066
34872,0.13848689198493958
34873,0.15245328843593597
34874,0.1525961458683014
34875,0.16276758909225464
34876,0.1660008579492569
34877,0.1610535830259323
34878,0.14704513549804688
34879,0.1615266352891922
34880,0.16709491610527039
34881,0.1582343578338623
34882,0.14281874895095825
34883,0.14455190300941467
34884,0.15740735828876495
34885,0.165436252951622
34886,0.16288551688194275
34887,0.15656830370426178
34888,0.16024626791477203
34889,0.17391863465309143
34890,0.17150622606277466
34891,0.15812832117080688
34892,0.15599994361400604
34893,0.15977953374385834
34894,0.12497628480195999
34895,0.13844610750675201
34896,0.15204453468322754
34897,0.17778970301151276
34898,0.16323621571063995
34899,0.1683225780725479
34900,0.17144592106342316
34901,0.15938781201839447
34902,0.15528512001037598
34903,0.15745213627815247
34904,0.14622370898723602
34905,0.14754554629325867
34906,0.15333408117294312
34907,0.1596614569425583
34908,0.15745173394680023
34909,0.16201800107955933
34910,0.15231172740459442
34911,0.15369513630867004
34912,0.1642049103975296
34913,0.14896608889102936
34914,0.16879987716674805
34915,0.15364179015159607
34916,0.15685902535915375
34917,0.15741677582263947
34918,0.18190032243728638
34919,0.19904419779777527
34920,0.13846684992313385
34921,0.12302838265895844
34922,0.12139767408370972
34923,0.13096585869789124
34924,0.14582109451293945
34925,0.14315104484558105
34926,0.1673070788383484
34927,0.16716228425502777
34928,0.15527336299419403
34929,0.14309222996234894
34930,0.13418307900428772
34931,0.14668984711170197
34932,0.1351494938135147
34933,0.14965108036994934
34934,0.15438136458396912
34935,0.1122421994805336
34936,0.10056764632463455
34937,0.1617642045021057
34938,0.3958532214164734
34939,0.2575002610683441
34940,0.20992308855056763
34941,0.23415431380271912
34942,0.24276775121688843
34943,0.166197270154953
34944,0.21150575578212738
34945,0.21975798904895782
34946,0.19699907302856445
34947,0.259313702583313
34948,0.3664325773715973
34949,0.33520424365997314
34950,0.3497646749019623
34951,0.3661518096923828
34952,0.3325701951980591
34953,0.35916855931282043
34954,0.3932543098926544
34955,0.4251866042613983
34956,0.47722524404525757
34957,0.48829808831214905
34958,0.44103413820266724
34959,0.4609691798686981
34960,0.4674971103668213
34961,0.45739224553108215
34962,0.42165836691856384
34963,0.46648842096328735
34964,0.47656458616256714
34965,0.48218798637390137
34966,0.3857460618019104
34967,0.30366021394729614
34968,0.34888261556625366
34969,0.37096303701400757
34970,0.3470938503742218
34971,0.38503482937812805
34972,0.3660147488117218
34973,0.36341920495033264
34974,0.3468386232852936
34975,0.383067786693573
34976,0.41116586327552795
34977,0.39344480633735657
34978,0.39344480633735657
34979,0.3850851356983185
34980,0.35597914457321167
34981,0.34090301394462585
34982,0.353649377822876
34983,0.38174426555633545
34984,0.3966837525367737
34985,0.3766840994358063
34986,0.5363214015960693
34987,0.5363214015960693
34988,0.49357524514198303
34989,0.49357524514198303
34990,0.4994252026081085
34991,0.4994252026081085
34992,0.5260469913482666
34993,0.5260469913482666
34994,0.4490530490875244
34995,0.4490530490875244
34996,0.5590794086456299
34997,0.42991065979003906
34998,0.4352430999279022
34999,0.4867307245731354
35000,0.3659238815307617
35001,0.42436468601226807
35002,0.2762051522731781
35003,0.2537707984447479
35004,0.2516418695449829
35005,0.2348536252975464
35006,0.2116270512342453
35007,0.2728287875652313
35008,0.3235072195529938
35009,0.2680700719356537
35010,0.2588609755039215
35011,0.22982005774974823
35012,0.21680521965026855
35013,0.20985455811023712
35014,0.5540415644645691
35015,0.1789640188217163
35016,0.1836266815662384
35017,0.18401990830898285
35018,0.1927110105752945
35019,0.18306636810302734
35020,0.19621604681015015
35021,0.22037547826766968
35022,0.2095239907503128
35023,0.1925194263458252
35024,0.22341005504131317
35025,0.1973523646593094
35026,0.2151443213224411
35027,0.22988255321979523
35028,0.24932394921779633
35029,0.24501897394657135
35030,0.23727625608444214
35031,0.19217780232429504
35032,0.1641611009836197
35033,0.23530645668506622
35034,0.2762954533100128
35035,0.2735298275947571
35036,0.2630755305290222
35037,0.1823958307504654
35038,0.2266761064529419
35039,0.20769846439361572
35040,0.2592095732688904
35041,0.22910094261169434
35042,0.14303866028785706
35043,0.14287148416042328
35044,0.16921629011631012
35045,0.17080280184745789
35046,0.15013717114925385
35047,0.15950579941272736
35048,0.18826672434806824
35049,0.2285926640033722
35050,0.17904677987098694
35051,0.17015628516674042
35052,0.1931646317243576
35053,0.18679341673851013
35054,0.20324353873729706
35055,0.18356923758983612
35056,0.1969398856163025
35057,0.24801424145698547
35058,0.23923204839229584
35059,0.27186110615730286
35060,0.24370810389518738
35061,0.2433660328388214
35062,0.1877116858959198
35063,0.19187681376934052
35064,0.17730557918548584
35065,0.17074264585971832
35066,0.13816864788532257
35067,0.13433629274368286
35068,0.13106583058834076
35069,0.12836650013923645
35070,0.1505548655986786
35071,0.13771241903305054
35072,0.16309916973114014
35073,0.1533985137939453
35074,0.2265167087316513
35075,0.15555182099342346
35076,0.14640045166015625
35077,0.12982073426246643
35078,0.3425893187522888
35079,0.22027786076068878
35080,0.23613302409648895
35081,0.2249140441417694
35082,0.24702408909797668
35083,0.30477097630500793
35084,0.32546767592430115
35085,0.33891215920448303
35086,0.36523836851119995
35087,0.3904408812522888
35088,0.3398711681365967
35089,0.3215031027793884
35090,0.2873609960079193
35091,0.26284605264663696
35092,0.25853851437568665
35093,0.2543572187423706
35094,0.25998610258102417
35095,0.24629946053028107
35096,0.2602998614311218
35097,0.28451642394065857
35098,0.2718530297279358
35099,0.25661778450012207
35100,0.32061830163002014
35101,0.3084969222545624
35102,0.36243900656700134
35103,0.35840165615081787
35104,0.3117285370826721
35105,0.2701379656791687
35106,0.2532765567302704
35107,0.3085252344608307
35108,0.3182744085788727
35109,0.31457632780075073
35110,0.28909656405448914
35111,0.3055923879146576
35112,0.27974656224250793
35113,0.27697157859802246
35114,0.3315078318119049
35115,0.3250250220298767
35116,0.28247153759002686
35117,0.2999761700630188
35118,0.2839524745941162
35119,0.3059471547603607
35120,0.2961418628692627
35121,0.3019568920135498
35122,0.3163546323776245
35123,0.29981279373168945
35124,0.34487542510032654
35125,0.3486471176147461
35126,0.3626483082771301
35127,0.3322660028934479
35128,0.34135088324546814
35129,0.3121604919433594
35130,0.3383477032184601
35131,0.3379112184047699
35132,0.28997427225112915
35133,0.32063350081443787
35134,0.2651747465133667
35135,0.3100895285606384
35136,0.3317623436450958
35137,0.3053935468196869
35138,0.32346099615097046
35139,0.3187485337257385
35140,0.2996082603931427
35141,0.26517805457115173
35142,0.28044596314430237
35143,0.2815815806388855
35144,0.26315391063690186
35145,0.24980603158473969
35146,0.26542189717292786
35147,0.27530837059020996
35148,0.27299970388412476
35149,0.20410607755184174
35150,0.2687714695930481
35151,0.22760605812072754
35152,0.2355843186378479
35153,0.2622494101524353
35154,0.28971415758132935
35155,0.2559772729873657
35156,0.24151939153671265
35157,0.23694771528244019
35158,0.23471219837665558
35159,0.22843167185783386
35160,0.2241644710302353
35161,0.23951688408851624
35162,0.29522329568862915
35163,0.23351600766181946
35164,0.2763776183128357
35165,0.2228763997554779
35166,0.26853805780410767
35167,0.24289825558662415
35168,0.23395128548145294
35169,0.2162124216556549
35170,0.18818043172359467
35171,0.18122068047523499
35172,0.19158416986465454
35173,0.19249852001667023
35174,0.20601727068424225
35175,0.19677096605300903
35176,0.18194036185741425
35177,0.23225587606430054
35178,0.20458483695983887
35179,0.24086406826972961
35180,0.23805435001850128
35181,0.24344266951084137
35182,0.23337894678115845
35183,0.24435310065746307
35184,0.21881689131259918
35185,0.20042601227760315
35186,0.1879255175590515
35187,0.17260921001434326
35188,0.2702207863330841
35189,0.17041821777820587
35190,0.17286154627799988
35191,0.17837317287921906
35192,0.16154079139232635
35193,0.175589919090271
35194,0.1841665506362915
35195,0.21887482702732086
35196,0.243505597114563
35197,0.2237681746482849
35198,0.18321362137794495
35199,0.18263116478919983
35200,0.16773700714111328
35201,0.20345382392406464
35202,0.22457246482372284
35203,0.23474425077438354
35204,0.21954256296157837
35205,0.2090100646018982
35206,0.19169636070728302
35207,0.13584710657596588
35208,0.15133488178253174
35209,0.1460224837064743
35210,0.1321161687374115
35211,0.13705502450466156
35212,0.150126650929451
35213,0.13100969791412354
35214,0.15078359842300415
35215,0.1551477611064911
35216,0.16376112401485443
35217,0.15349499881267548
35218,0.14806315302848816
35219,0.15364928543567657
35220,0.14411288499832153
35221,0.1655707061290741
35222,0.2507838010787964
35223,0.23636698722839355
35224,0.22647258639335632
35225,0.18657158315181732
35226,0.17527690529823303
35227,0.18310487270355225
35228,0.22994635999202728
35229,0.24696104228496552
35230,0.22555707395076752
35231,0.2168155163526535
35232,0.20157594978809357
35233,0.18915104866027832
35234,0.23711366951465607
35235,0.2616828680038452
35236,0.23750914633274078
35237,0.21903564035892487
35238,0.22906561195850372
35239,0.21898184716701508
35240,0.25264766812324524
35241,0.23859529197216034
35242,0.25223833322525024
35243,0.23059087991714478
35244,0.22562570869922638
35245,0.22627635300159454
35246,0.26634514331817627
35247,0.2654997408390045
35248,0.2934226393699646
35249,0.3303124010562897
35250,0.303048312664032
35251,0.26261594891548157
35252,0.29956525564193726
35253,0.3175865709781647
35254,0.3136673867702484
35255,0.2960342466831207
35256,0.26322275400161743
35257,0.283883661031723
35258,0.2593134641647339
35259,0.27844536304473877
35260,0.2698380947113037
35261,0.2676324248313904
35262,0.24959731101989746
35263,0.27595263719558716
35264,0.27533969283103943
35265,0.28521090745925903
35266,0.2650100290775299
35267,0.23772522807121277
35268,0.1918669193983078
35269,0.1698615849018097
35270,0.18789692223072052
35271,0.17516325414180756
35272,0.1911146193742752
35273,0.193174347281456
35274,0.20114122331142426
35275,0.19952815771102905
35276,0.1684167981147766
35277,0.17653954029083252
35278,0.3911307752132416
35279,0.4271092414855957
35280,0.44613534212112427
35281,0.5124939680099487
35282,0.46483591198921204
35283,0.40654656291007996
35284,0.5429017543792725
35285,0.5128021836280823
35286,0.6113296747207642
35287,0.5770042538642883
35288,0.5923672914505005
35289,0.6444165706634521
35290,0.5597687363624573
35291,0.20175407826900482
35292,0.22237259149551392
35293,0.22024913132190704
35294,0.23973238468170166
35295,0.2632858157157898
35296,0.24541254341602325
35297,0.26399484276771545
35298,0.26704657077789307
35299,0.2520967721939087
35300,0.28828710317611694
35301,0.2813139259815216
35302,0.2157563865184784
35303,0.2038363814353943
35304,0.2639878988265991
35305,0.19721585512161255
35306,0.19958341121673584
35307,0.21217595040798187
35308,0.22346088290214539
35309,0.17273351550102234
35310,0.2252248227596283
35311,0.2110070288181305
35312,0.21193614602088928
35313,0.1950574666261673
35314,0.16141439974308014
35315,0.14043603837490082
35316,0.1465965360403061
35317,0.14063727855682373
35318,0.12549230456352234
35319,0.15187305212020874
35320,0.16283975541591644
35321,0.2298896759748459
35322,0.23157982528209686
35323,0.27791908383369446
35324,0.24040266871452332
35325,0.22347724437713623
35326,0.17772310972213745
35327,0.16030678153038025
35328,0.13517336547374725
35329,0.15781377255916595
35330,0.16275781393051147
35331,0.2627195417881012
35332,0.2517907917499542
35333,0.22835718095302582
35334,0.23823949694633484
35335,0.169661745429039
35336,0.1717287302017212
35337,0.17791469395160675
35338,0.19454838335514069
35339,0.18850648403167725
35340,0.20389597117900848
35341,0.21898110210895538
35342,0.24062484502792358
35343,0.23126016557216644
35344,0.20464345812797546
35345,0.20702147483825684
35346,0.20694027841091156
35347,0.21284376084804535
35348,0.20578421652317047
35349,0.21825231611728668
35350,0.18447738885879517
35351,0.21841447055339813
35352,0.21633611619472504
35353,0.21720656752586365
35354,0.20410406589508057
35355,0.1983242630958557
35356,0.20584093034267426
35357,0.2172437459230423
35358,0.21341371536254883
35359,0.22876691818237305
35360,0.17297060787677765
35361,0.1833437830209732
35362,0.1923464685678482
35363,0.21827831864356995
35364,0.2140156328678131
35365,0.2464779019355774
35366,0.21703669428825378
35367,0.21990957856178284
35368,0.23376333713531494
35369,0.27053582668304443
35370,0.2711789011955261
35371,0.291174978017807
35372,0.28791844844818115
35373,0.24225538969039917
35374,0.2571623921394348
35375,0.27076345682144165
35376,0.2928840219974518
35377,0.26670241355895996
35378,0.25555354356765747
35379,0.22609743475914001
35380,0.19217219948768616
35381,0.26817113161087036
35382,0.19596153497695923
35383,0.20732100307941437
35384,0.18912607431411743
35385,0.22101415693759918
35386,0.22270573675632477
35387,0.22823525965213776
35388,0.21971745789051056
35389,0.2075784057378769
35390,0.18914644420146942
35391,0.20788347721099854
35392,0.1858912855386734
35393,0.22009804844856262
35394,0.23336726427078247
35395,0.2582995891571045
35396,0.2523605227470398
35397,0.22294564545154572
35398,0.23135802149772644
35399,0.24084819853305817
35400,0.21053674817085266
35401,0.22424249351024628
35402,0.2187477946281433
35403,0.20858408510684967
35404,0.21559308469295502
35405,0.23380693793296814
35406,0.22482261061668396
35407,0.255554735660553
35408,0.21436432003974915
35409,0.24706341326236725
35410,0.21232256293296814
35411,0.2353522777557373
35412,0.20366248488426208
35413,0.20329788327217102
35414,0.20017379522323608
35415,0.19895830750465393
35416,0.18338872492313385
35417,0.2049163281917572
35418,0.21758142113685608
35419,0.21916891634464264
35420,0.20645619928836823
35421,0.20980903506278992
35422,0.2148451954126358
35423,0.23214733600616455
35424,0.24654822051525116
35425,0.2464914470911026
35426,0.2553740441799164
35427,0.24304132163524628
35428,0.21334218978881836
35429,0.20860229432582855
35430,0.31116026639938354
35431,0.2868826389312744
35432,0.2089904397726059
35433,0.24206872284412384
35434,0.22215290367603302
35435,0.20004938542842865
35436,0.20501095056533813
35437,0.24334931373596191
35438,0.248753160238266
35439,0.19928152859210968
35440,0.21893592178821564
35441,0.2042369544506073
35442,0.1850631833076477
35443,0.16631673276424408
35444,0.20023919641971588
35445,0.24183690547943115
35446,0.212720587849617
35447,0.18844638764858246
35448,0.18159034848213196
35449,0.165075421333313
35450,0.17555223405361176
35451,0.19799527525901794
35452,0.19955988228321075
35453,0.1837005913257599
35454,0.19455870985984802
35455,0.18197689950466156
35456,0.1780291348695755
35457,0.16366495192050934
35458,0.1738969385623932
35459,0.17995740473270416
35460,0.1704501211643219
35461,0.19397689402103424
35462,0.20033499598503113
35463,0.20033499598503113
35464,0.18585899472236633
35465,0.18765854835510254
35466,0.20198452472686768
35467,0.1749262511730194
35468,0.19138571619987488
35469,0.21322910487651825
35470,0.21822860836982727
35471,0.21745507419109344
35472,0.21987253427505493
35473,0.20258605480194092
35474,0.1821814477443695
35475,0.1629297137260437
35476,0.17637863755226135
35477,0.1660313755273819
35478,0.17744895815849304
35479,0.150066077709198
35480,0.14624761044979095
35481,0.1639128029346466
35482,0.19993144273757935
35483,0.1935717761516571
35484,0.19938085973262787
35485,0.21505485475063324
35486,0.15822595357894897
35487,0.18268297612667084
35488,0.18606916069984436
35489,0.1954573690891266
35490,0.2362319976091385
35491,0.24498210847377777
35492,0.24498210847377777
35493,0.23704102635383606
35494,0.18253687024116516
35495,0.17595137655735016
35496,0.20436325669288635
35497,0.14242230355739594
35498,0.15226298570632935
35499,0.13814303278923035
35500,0.1554172784090042
35501,0.14858420193195343
35502,0.15883317589759827
35503,0.1664978712797165
35504,0.18097352981567383
35505,0.17475885152816772
35506,0.17714500427246094
35507,0.1814541518688202
35508,0.2110637128353119
35509,0.1545819789171219
35510,0.1553046703338623
35511,0.24334482848644257
35512,0.22377841174602509
35513,0.15470518171787262
35514,0.18410536646842957
35515,0.1739804595708847
35516,0.14372029900550842
35517,0.25920045375823975
35518,0.2475079596042633
35519,0.27057284116744995
35520,0.15124700963497162
35521,0.22739219665527344
35522,0.20701003074645996
35523,0.22496524453163147
35524,0.16581010818481445
35525,0.21505676209926605
35526,0.1776553988456726
35527,0.24019882082939148
35528,0.23497913777828217
35529,0.1830369383096695
35530,0.21513310074806213
35531,0.18314170837402344
35532,0.20040979981422424
35533,0.1574145257472992
35534,0.18013018369674683
35535,0.1560749113559723
35536,0.18107010424137115
35537,0.1741408109664917
35538,0.14361625909805298
35539,0.1893734633922577
35540,0.18543362617492676
35541,0.20126886665821075
35542,0.18060821294784546
35543,0.17483583092689514
35544,0.17259661853313446
35545,0.23007598519325256
35546,0.20435769855976105
35547,0.22402013838291168
35548,0.20062977075576782
35549,0.2000046819448471
35550,0.20783892273902893
35551,0.18685707449913025
35552,0.17131558060646057
35553,0.18304575979709625
35554,0.21953155100345612
35555,0.24641713500022888
35556,0.26514875888824463
35557,0.1667548418045044
35558,0.16065621376037598
35559,0.17419341206550598
35560,0.12844853103160858
35561,0.1700243353843689
35562,0.15354833006858826
35563,0.19243744015693665
35564,0.22376805543899536
35565,0.24074909090995789
35566,0.5683667659759521
35567,0.6316933631896973
35568,0.6337615847587585
35569,0.3473952114582062
35570,0.36158502101898193
35571,0.33895641565322876
35572,0.39597901701927185
35573,0.2131023406982422
35574,0.34490278363227844
35575,0.2569931149482727
35576,0.24730925261974335
35577,0.22118139266967773
35578,-0.03426695615053177
35579,-0.034940410405397415
35580,-0.03490998595952988
35581,0.3389970362186432
35582,0.39867207407951355
35583,0.9038987159729004
35584,0.8812360167503357
35585,0.7632561326026917
35586,0.5249031782150269
35587,0.7665569186210632
35588,0.5438997149467468
35589,0.6687647700309753
35590,0.5759496688842773
35591,0.5069582462310791
35592,-0.033302173018455505
35593,-0.03499922156333923
35594,-0.032882243394851685
35595,-0.03319327160716057
35596,-0.03435205668210983
35597,-0.0338410958647728
35598,0.48145121335983276
35599,0.4742695093154907
35600,0.5030511021614075
35601,0.5819628238677979
35602,0.3599278926849365
35603,0.42764800786972046
35604,-0.031220929697155952
35605,-0.03466526418924332
35606,0.34684300422668457
35607,0.2806151509284973
35608,0.3591640889644623
35609,0.4530586004257202
35610,0.4838886260986328
35611,0.42535170912742615
35612,0.4172404110431671
35613,0.49212101101875305
35614,0.5523082613945007
35615,0.5469555854797363
35616,0.37595629692077637
35617,0.3857913613319397
35618,0.38688036799430847
35619,0.6096798777580261
35620,0.49664467573165894
35621,0.39298829436302185
35622,0.5685099363327026
35623,0.4821479916572571
35624,-0.032327719032764435
35625,-0.0317097082734108
35626,-0.030692514032125473
35627,-0.03170907497406006
35628,-0.031340766698122025
35629,-0.03173364698886871
35630,-0.030926354229450226
35631,0.20283013582229614
35632,0.21911709010601044
35633,0.2009485960006714
35634,0.2502729892730713
35635,0.4958145320415497
35636,0.2093421220779419
35637,0.23818184435367584
35638,0.2234492152929306
35639,0.3236699402332306
35640,0.32892045378685
35641,0.2879383862018585
35642,-0.03128966689109802
35643,-0.03332280367612839
35644,-0.034653834998607635
35645,-0.03478114679455757
35646,0.5791580080986023
35647,-0.03209677338600159
35648,-0.03328279033303261
35649,0.4869860112667084
35650,0.2904525697231293
35651,0.31128379702568054
35652,-0.03157879412174225
35653,-0.030352583155035973
35654,-0.03003326617181301
35655,-0.030617045238614082
35656,-0.03028556890785694
35657,-0.029932957142591476
35658,-0.029895881190896034
35659,-0.029390783980488777
35660,-0.029725395143032074
35661,-0.029259534552693367
35662,-0.029911797493696213
35663,-0.02990836650133133
35664,-0.02975032478570938
35665,-0.03009924478828907
35666,-0.030825771391391754
35667,-0.029888685792684555
35668,-0.03046203777194023
35669,-0.03193464130163193
35670,-0.031952112913131714
35671,-0.0325063094496727
35672,-0.0333462655544281
35673,-0.03262545168399811
35674,-0.029954943805933
35675,-0.03011263720691204
35676,-0.02955636940896511
35677,-0.03277371823787689
35678,-0.03215540945529938
35679,-0.03324322775006294
35680,-0.03191603347659111
35681,-0.030841609463095665
35682,-0.030225176364183426
35683,-0.030670296400785446
35684,-0.03120775707066059
35685,-0.031827591359615326
35686,-0.03169872239232063
35687,-0.02912001684308052
35688,-0.030663030222058296
35689,-0.029378218576312065
35690,-0.030225658789277077
35691,-0.029823511838912964
35692,-0.030877724289894104
35693,-0.030051518231630325
35694,-0.03039793111383915
35695,-0.030457623302936554
35696,-0.029830528423190117
35697,-0.030457455664873123
35698,-0.03064010851085186
35699,-0.030342787504196167
35700,-0.029963277280330658
35701,-0.029846902936697006
35702,-0.030561352148652077
35703,-0.03014257736504078
35704,-0.03063214384019375
35705,0.6173256635665894
35706,-0.03018193691968918
35707,-0.03173408284783363
35708,-0.03133175149559975
35709,-0.03167319670319557
35710,-0.03257375955581665
35711,-0.029852503910660744
35712,-0.029852503910660744
35713,-0.030241765081882477
35714,-0.029745379462838173
35715,-0.029185833409428596
35716,-0.029261669144034386
35717,-0.029614754021167755
35718,-0.030612269416451454
35719,-0.030526669695973396
35720,0.3336586058139801
35721,0.3559274971485138
35722,0.33383601903915405
35723,-0.03563541918992996
35724,0.2632594108581543
35725,0.4832260310649872
35726,0.3452979326248169
35727,-0.03402603417634964
35728,0.4778634309768677
35729,0.47254037857055664
35730,0.46804749965667725
35731,-0.03373079374432564
35732,0.5297402739524841
35733,-0.03465168923139572
35734,0.3860354423522949
35735,0.4596022367477417
35736,0.48294830322265625
35737,0.5329635143280029
35738,0.48104128241539
35739,0.3430059552192688
35740,0.3409460783004761
35741,0.43452316522598267
35742,0.5483715534210205
35743,0.6724757552146912
35744,0.4396636486053467
35745,0.3903065025806427
35746,-0.0370425321161747
35747,0.3358202576637268
35748,-0.03537028282880783
35749,-0.035582978278398514
35750,0.34976109862327576
35751,-0.034012846648693085
35752,0.4407186508178711
35753,0.44190096855163574
35754,0.45383235812187195
35755,-0.037016578018665314
35756,0.5056324005126953
35757,0.46724215149879456
35758,-0.036279886960983276
35759,-0.03572055324912071
35760,-0.03625849634408951
35761,0.47312256693840027
35762,-0.0351630263030529
35763,0.25388452410697937
35764,0.22026853263378143
35765,0.16837888956069946
35766,0.20945921540260315
35767,0.1951976865530014
35768,0.18906953930854797
35769,0.19499585032463074
35770,0.21179349720478058
35771,0.24239175021648407
35772,0.14459286630153656
35773,0.2438506782054901
35774,0.2942737638950348
35775,-0.03407712280750275
35776,0.40154004096984863
35777,-0.03537556529045105
35778,-0.035819705575704575
35779,-0.03435734659433365
35780,0.3783644139766693
35781,-0.03425159677863121
35782,-0.035529591143131256
35783,0.7153067588806152
35784,0.3284413516521454
35785,0.3238906264305115
35786,0.3533373773097992
35787,0.65615314245224
35788,0.2762261629104614
35789,0.595704197883606
35790,0.39331674575805664
35791,0.4464690089225769
35792,0.3001647889614105
35793,0.25203970074653625
35794,0.2934861183166504
35795,0.3463715612888336
35796,0.39220181107521057
35797,0.37381991744041443
35798,0.2701663374900818
35799,0.4667370915412903
35800,0.4012410044670105
35801,0.3863331973552704
35802,0.4769256114959717
35803,0.24671688675880432
35804,0.5243905186653137
35805,0.310606986284256
35806,0.3724130392074585
35807,0.3837217092514038
35808,0.24404439330101013
35809,0.4124166667461395
35810,0.3688966631889343
35811,0.2776690423488617
35812,0.35962018370628357
35813,0.2144918590784073
35814,0.3096235394477844
35815,0.28251808881759644
35816,0.5328075885772705
35817,0.38732048869132996
35818,0.38805586099624634
35819,0.4871324300765991
35820,0.41453784704208374
35821,0.42125293612480164
35822,0.305160790681839
35823,0.2998769283294678
35824,0.5444746017456055
35825,0.4797748923301697
35826,0.44456303119659424
35827,0.5218498706817627
35828,0.2384221851825714
35829,0.22981798648834229
35830,0.4457501769065857
35831,0.3931930363178253
35832,0.2588631212711334
35833,0.29281914234161377
35834,0.4231570065021515
35835,0.3562927544116974
35836,0.5670496821403503
35837,0.3860607147216797
35838,0.4369732737541199
35839,0.33563753962516785
35840,0.2702903747558594
35841,0.19488060474395752
35842,0.28947433829307556
35843,0.3846610188484192
35844,0.29050353169441223
35845,0.40172210335731506
35846,0.3452147841453552
35847,0.4661770164966583
35848,0.4772316515445709
35849,0.4106230139732361
35850,0.4244188070297241
35851,0.392444908618927
35852,0.37552881240844727
35853,0.4975478947162628
35854,0.30011793971061707
35855,0.3313668668270111
35856,0.4594545066356659
35857,0.29162395000457764
35858,0.33301016688346863
35859,0.2967064082622528
35860,0.24860700964927673
35861,0.4761667847633362
35862,0.32009947299957275
35863,0.4997663199901581
35864,0.37822458148002625
35865,0.3023831248283386
35866,0.3333422541618347
35867,0.3879719376564026
35868,0.37464427947998047
35869,0.32562077045440674
35870,0.3416157364845276
35871,0.29098275303840637
35872,0.29778367280960083
35873,0.402478963136673
35874,0.4436357021331787
35875,0.38749203085899353
35876,0.4154629409313202
35877,0.3662124276161194
35878,0.28549298644065857
35879,0.3798954486846924
35880,0.3498281240463257
35881,0.42120665311813354
35882,0.5150707364082336
35883,0.439653217792511
35884,0.3485296070575714
35885,0.4448866844177246
35886,0.3415893316268921
35887,0.48166292905807495
35888,0.38259968161582947
35889,0.3405066132545471
35890,0.3100258409976959
35891,0.5357366800308228
35892,0.2361079305410385
35893,0.5004028677940369
35894,0.26042479276657104
35895,0.5254415273666382
35896,0.5209922790527344
35897,0.29518088698387146
35898,0.28126344084739685
35899,0.2808171212673187
35900,0.19971933960914612
35901,0.24929040670394897
35902,0.3749609589576721
35903,0.4181114435195923
35904,0.22246786952018738
35905,0.39110007882118225
35906,0.27997133135795593
35907,0.30530422925949097
35908,0.3658851683139801
35909,0.33385321497917175
35910,0.2424437403678894
35911,0.36882156133651733
35912,0.28818607330322266
35913,0.2725519835948944
35914,0.2744424343109131
35915,0.21840742230415344
35916,0.47086694836616516
35917,0.517589271068573
35918,0.33976659178733826
35919,0.5104895830154419
35920,0.3014647662639618
35921,0.32294362783432007
35922,0.2554560899734497
35923,0.2569277882575989
35924,0.3372204601764679
35925,0.2981671392917633
35926,0.13119317591190338
35927,0.1441156417131424
35928,0.2559114694595337
35929,0.36409279704093933
35930,0.22822202742099762
35931,0.2510807514190674
35932,0.29810595512390137
35933,0.31117331981658936
35934,0.31821709871292114
35935,0.3843196928501129
35936,0.3440163731575012
35937,0.3461446166038513
35938,0.403767466545105
35939,0.4112534523010254
35940,0.4108533561229706
35941,0.47392749786376953
35942,0.4908864200115204
35943,0.49148181080818176
35944,0.4632527828216553
35945,0.3993651866912842
35946,0.37210577726364136
35947,0.48386600613594055
35948,0.5368212461471558
35949,0.4243201017379761
35950,0.46018514037132263
35951,0.5159650444984436
35952,0.424328088760376
35953,0.4469199478626251
35954,0.45337945222854614
35955,0.37786760926246643
35956,0.3663976788520813
35957,0.36348801851272583
35958,0.36365851759910583
35959,0.34960684180259705
35960,0.3000034689903259
35961,0.3118334114551544
35962,0.3394377529621124
35963,0.2578278183937073
35964,0.2884734869003296
35965,0.3771045207977295
35966,0.2403607964515686
35967,0.2418406754732132
35968,0.2929646372795105
35969,0.29803380370140076
35970,0.253389835357666
35971,0.22807128727436066
35972,0.31984326243400574
35973,0.29682132601737976
35974,0.36477068066596985
35975,0.24679972231388092
35976,0.1797000765800476
35977,0.3855378031730652
35978,0.3124975860118866
35979,0.32599174976348877
35980,0.40129324793815613
35981,0.4056348502635956
35982,0.36544325947761536
35983,0.2173357456922531
35984,0.3381545841693878
35985,0.48506414890289307
35986,0.28624045848846436
35987,0.30444878339767456
35988,0.2992384433746338
35989,0.213888481259346
35990,0.2554125189781189
35991,0.20539970695972443
35992,0.35215306282043457
35993,0.2922070026397705
35994,0.30871888995170593
35995,0.366660475730896
35996,0.2769660949707031
35997,0.34620213508605957
35998,0.2680484652519226
35999,0.4894962012767792
36000,0.39280539751052856
36001,0.378532737493515
36002,0.47712600231170654
36003,0.29190799593925476
36004,0.285726398229599
36005,0.2848312258720398
36006,0.24360191822052002
36007,0.20814915001392365
36008,0.4566434919834137
36009,0.5936422348022461
36010,0.23072238266468048
36011,0.40953966975212097
36012,0.3852035105228424
36013,0.5285558700561523
36014,0.6069789528846741
36015,0.5368877649307251
36016,0.6062654852867126
36017,0.4440569579601288
36018,0.3972986340522766
36019,0.5105850696563721
36020,0.5050685405731201
36021,0.5730603933334351
36022,0.2572294771671295
36023,0.49896544218063354
36024,0.2848580777645111
36025,0.24716953933238983
36026,0.3020089864730835
36027,0.4513337016105652
36028,0.35269975662231445
36029,0.3607334792613983
36030,0.41934242844581604
36031,0.312371164560318
36032,0.31475138664245605
36033,0.3268236517906189
36034,0.26634472608566284
36035,0.3443029522895813
36036,0.2671215534210205
36037,0.3393944203853607
36038,0.31090104579925537
36039,0.31920456886291504
36040,0.23503708839416504
36041,0.27019956707954407
36042,0.2528204917907715
36043,0.4766099750995636
36044,0.26058146357536316
36045,0.5584998726844788
36046,0.6648900508880615
36047,0.5401273965835571
36048,0.427167147397995
36049,0.4068504273891449
36050,0.5322835445404053
36051,0.5960952043533325
36052,0.6235095858573914
36053,0.5095341801643372
36054,0.3888090252876282
36055,0.5108903646469116
36056,0.39435669779777527
36057,0.5188928842544556
36058,0.613089382648468
36059,0.6193053722381592
36060,0.5559841990470886
36061,0.43283435702323914
36062,0.4520529806613922
36063,0.29198285937309265
36064,0.2535138428211212
36065,0.7120574712753296
36066,0.5660812258720398
36067,0.30412590503692627
36068,0.3712862730026245
36069,0.38938140869140625
36070,0.3792833089828491
36071,0.18882881104946136
36072,0.38416072726249695
36073,0.3431810438632965
36074,0.5635233521461487
36075,0.2540895640850067
36076,0.18485099077224731
36077,0.3969646096229553
36078,0.3992423117160797
36079,0.43315041065216064
36080,0.18958859145641327
36081,0.5630543828010559
36082,0.5806704163551331
36083,0.40934234857559204
36084,0.4152921140193939
36085,0.33243119716644287
36086,0.3357514441013336
36087,0.28876128792762756
36088,0.2794434428215027
36089,0.24246732890605927
36090,0.27499595284461975
36091,0.2573716342449188
36092,0.22240422666072845
36093,0.2081347405910492
36094,0.2841609716415405
36095,0.17748330533504486
36096,0.1975647509098053
36097,0.2491370588541031
36098,0.2384812980890274
36099,0.23082569241523743
36100,0.2642340362071991
36101,0.3165994882583618
36102,0.22518762946128845
36103,0.22535739839076996
36104,0.18265163898468018
36105,0.22130899131298065
36106,0.12056878209114075
36107,0.18728768825531006
36108,0.13641683757305145
36109,0.09587419778108597
36110,0.1185772567987442
36111,0.1785711944103241
36112,0.16113635897636414
36113,0.15589113533496857
36114,0.10975981503725052
36115,0.11357510089874268
36116,0.3049550950527191
36117,0.3669367730617523
36118,0.1446777582168579
36119,0.10551337152719498
36120,0.1356753706932068
36121,0.16040128469467163
36122,0.20295624434947968
36123,0.15776871144771576
36124,0.273971825838089
36125,0.3152715563774109
36126,0.3035981059074402
36127,0.129612997174263
36128,0.29915639758110046
36129,0.14955559372901917
36130,0.1467810422182083
36131,0.18884198367595673
36132,0.17341960966587067
36133,0.18077223002910614
36134,0.282206267118454
36135,0.5299486517906189
36136,0.31300902366638184
36137,0.3060038983821869
36138,0.34093621373176575
36139,0.3028559982776642
36140,0.2512643039226532
36141,0.2566278576850891
36142,0.19979961216449738
36143,0.17019471526145935
36144,0.29516324400901794
36145,0.3374813199043274
36146,0.22242024540901184
36147,0.28535592555999756
36148,0.32298046350479126
36149,0.23797747492790222
36150,0.23346179723739624
36151,0.26544150710105896
36152,0.35682910680770874
36153,0.40910616517066956
36154,0.6355827450752258
36155,0.2566549479961395
36156,0.29157522320747375
36157,0.3269343972206116
36158,0.37563639879226685
36159,0.3079618215560913
36160,0.399274080991745
36161,0.3205065131187439
36162,0.2906946837902069
36163,0.27658841013908386
36164,0.35814639925956726
36165,0.3650333285331726
36166,0.2623232901096344
36167,0.13625049591064453
36168,0.22261646389961243
36169,0.19763509929180145
36170,0.42090362310409546
36171,0.38692235946655273
36172,0.48119932413101196
36173,0.24030160903930664
36174,0.38460344076156616
36175,0.19449689984321594
36176,0.2857196629047394
36177,0.40890592336654663
36178,0.5036810636520386
36179,0.5105336904525757
36180,0.21277965605258942
36181,0.15742498636245728
36182,0.34552663564682007
36183,0.3198476731777191
36184,0.2134019434452057
36185,0.6297403573989868
36186,0.34117504954338074
36187,0.39073866605758667
36188,0.3882611393928528
36189,0.47281119227409363
36190,0.28382349014282227
36191,0.2753240466117859
36192,0.24479913711547852
36193,0.24302145838737488
36194,0.38257285952568054
36195,0.4421171247959137
36196,0.5383997559547424
36197,0.41116395592689514
36198,0.2541223168373108
36199,0.35743802785873413
36200,0.27430132031440735
36201,0.3615567982196808
36202,0.6106589436531067
36203,0.33869630098342896
36204,0.28948187828063965
36205,0.21504801511764526
36206,0.2867007851600647
36207,0.5021052360534668
36208,0.22750379145145416
36209,0.4037836492061615
36210,0.3728693127632141
36211,0.2904614210128784
36212,0.47554177045822144
36213,0.37771475315093994
36214,0.4848281443119049
36215,0.411752313375473
36216,0.5259609818458557
36217,0.49530407786369324
36218,0.2880224883556366
36219,0.38303646445274353
36220,0.371396541595459
36221,0.39177247881889343
36222,0.32963383197784424
36223,0.31341809034347534
36224,0.37337514758110046
36225,0.33804500102996826
36226,0.4674033224582672
36227,0.4452173411846161
36228,0.5388967394828796
36229,0.46697738766670227
36230,0.4631316065788269
36231,0.376425176858902
36232,0.347467303276062
36233,0.4306367039680481
36234,0.44522833824157715
36235,0.2923610508441925
36236,0.3942602872848511
36237,0.432160347700119
36238,0.3863394260406494
36239,0.40306973457336426
36240,0.5337066054344177
36241,0.3735741972923279
36242,0.4914262592792511
36243,0.3778049349784851
36244,0.37713268399238586
36245,0.3916293680667877
36246,0.43794792890548706
36247,0.3978155255317688
36248,0.3376508057117462
36249,0.5353580713272095
36250,0.3472196161746979
36251,0.381521075963974
36252,0.2278767228126526
36253,0.21186691522598267
36254,0.3218088746070862
36255,0.3323395252227783
36256,0.29340019822120667
36257,0.20485429465770721
36258,0.23380237817764282
36259,0.23939061164855957
36260,0.20175082981586456
36261,0.23315481841564178
36262,0.3024979829788208
36263,0.4777570366859436
36264,0.3858821988105774
36265,0.4265398383140564
36266,-0.03386777266860008
36267,0.3209255039691925
36268,-0.03438914194703102
36269,0.4716217815876007
36270,0.49687841534614563
36271,0.15428952872753143
36272,0.1907067596912384
36273,0.20706984400749207
36274,0.1728554517030716
36275,0.1516290158033371
36276,0.21004511415958405
36277,0.17230722308158875
36278,0.3296123147010803
36279,0.2131807506084442
36280,0.18850989639759064
36281,0.17853806912899017
36282,0.15245671570301056
36283,0.2624638080596924
36284,0.3385973572731018
36285,0.5815866589546204
36286,0.3382605016231537
36287,0.49653270840644836
36288,0.3291884958744049
36289,0.3781759738922119
36290,0.45765066146850586
36291,0.4004327952861786
36292,0.4813501238822937
36293,0.41485682129859924
36294,0.4461568593978882
36295,0.40893763303756714
36296,0.2150086611509323
36297,0.255059152841568
36298,0.16242745518684387
36299,0.13412058353424072
36300,0.2897639572620392
36301,0.5005167722702026
36302,0.2729281783103943
36303,0.27888262271881104
36304,0.5184370279312134
36305,0.5210443139076233
36306,0.2142341136932373
36307,0.22279472649097443
36308,0.23143677413463593
36309,0.23953628540039062
36310,0.2391611635684967
36311,0.23002870380878448
36312,0.22545883059501648
36313,0.21677468717098236
36314,0.2040749043226242
36315,0.21806466579437256
36316,0.23109064996242523
36317,0.23941414058208466
36318,0.2480114996433258
36319,0.2400415688753128
36320,0.23930184543132782
36321,0.22878338396549225
36322,0.2593722939491272
36323,0.258584201335907
36324,0.28167080879211426
36325,0.5650660395622253
36326,0.6919178366661072
36327,0.35525867342948914
36328,0.24850796163082123
36329,0.36767157912254333
36330,0.3614845275878906
36331,0.396524578332901
36332,0.5825327038764954
36333,0.515714704990387
36334,0.28225430846214294
36335,0.24702459573745728
36336,0.30744144320487976
36337,0.24640506505966187
36338,0.39961037039756775
36339,0.5247767567634583
36340,0.2820151448249817
36341,0.24569286406040192
36342,0.2913149893283844
36343,0.23487545549869537
36344,0.2900850176811218
36345,0.37873390316963196
36346,0.25163933634757996
36347,0.32130196690559387
36348,0.39726772904396057
36349,0.29410699009895325
36350,0.44346219301223755
36351,0.37155765295028687
36352,0.3337623178958893
36353,0.4805692732334137
36354,0.3223349153995514
36355,0.23318494856357574
36356,0.29466181993484497
36357,0.3140794038772583
36358,0.41332700848579407
36359,0.4093032479286194
36360,0.3528086245059967
36361,0.36694738268852234
36362,0.3618837594985962
36363,0.5353555083274841
36364,0.28990545868873596
36365,0.40298187732696533
36366,0.45358067750930786
36367,0.48300161957740784
36368,0.44203031063079834
36369,0.3185771703720093
36370,0.3630886971950531
36371,0.33835896849632263
36372,0.46604785323143005
36373,0.43777918815612793
36374,0.42806780338287354
36375,0.3459995687007904
36376,0.3897783160209656
36377,0.33123984932899475
36378,0.32596883177757263
36379,0.3215431869029999
36380,0.3326346278190613
36381,0.347377210855484
36382,0.2685324251651764
36383,0.2842453718185425
36384,0.19749777019023895
36385,0.19166186451911926
36386,0.19254764914512634
36387,0.1880418211221695
36388,0.19305992126464844
36389,0.18959806859493256
36390,0.21251671016216278
36391,0.21604855358600616
36392,0.20555594563484192
36393,0.20039008557796478
36394,0.18844830989837646
36395,0.1688152253627777
36396,0.17043918371200562
36397,0.1859647035598755
36398,0.19727782905101776
36399,0.3110089600086212
36400,0.29419174790382385
36401,0.3103759288787842
36402,0.2956615686416626
36403,0.28501421213150024
36404,0.2740262448787689
36405,0.2506353557109833
36406,0.23139578104019165
36407,0.2387724071741104
36408,0.19122865796089172
36409,0.21703463792800903
36410,0.1785048097372055
36411,0.21100112795829773
36412,0.24905286729335785
36413,0.2876262366771698
36414,0.24866007268428802
36415,0.252351850271225
36416,0.20763127505779266
36417,0.18512959778308868
36418,0.22450317442417145
36419,0.2078729271888733
36420,0.22860918939113617
36421,0.21929098665714264
36422,0.21890173852443695
36423,0.2041580229997635
36424,0.1854107677936554
36425,0.2089705616235733
36426,0.22559864819049835
36427,0.2590080797672272
36428,0.2895716428756714
36429,0.2511586546897888
36430,0.22073251008987427
36431,0.222005695104599
36432,0.2466626763343811
36433,0.2841413617134094
36434,0.33039113879203796
36435,0.32087042927742004
36436,0.3431987464427948
36437,0.34550267457962036
36438,0.2321716547012329
36439,0.1929411143064499
36440,0.17228874564170837
36441,0.1941620260477066
36442,0.22556065022945404
36443,0.23483867943286896
36444,0.24800685048103333
36445,0.2526063919067383
36446,0.3100073039531708
36447,0.2913442552089691
36448,0.27913975715637207
36449,0.2990339696407318
36450,0.2727389335632324
36451,0.2679559290409088
36452,0.252948522567749
36453,0.2081194967031479
36454,0.20412921905517578
36455,0.19228902459144592
36456,0.17197884619235992
36457,0.16322773694992065
36458,0.17388969659805298
36459,0.19323481619358063
36460,0.22349926829338074
36461,0.25704634189605713
36462,0.25177469849586487
36463,0.26734399795532227
36464,0.2935307025909424
36465,0.42390531301498413
36466,0.5266749858856201
36467,0.4892718195915222
36468,0.39191192388534546
36469,0.4631243944168091
36470,0.5153104662895203
36471,0.54530930519104
36472,0.5300372838973999
36473,0.5410704016685486
36474,0.5109376311302185
36475,0.5112276077270508
36476,0.3080991804599762
36477,0.3496757745742798
36478,0.5692439675331116
36479,0.346156507730484
36480,0.24112854897975922
36481,0.24453887343406677
36482,0.2686299979686737
36483,0.31794464588165283
36484,0.25934898853302
36485,0.34204405546188354
36486,0.3135598301887512
36487,0.3137345016002655
36488,0.23531408607959747
36489,0.3354476988315582
36490,0.31619298458099365
36491,0.29901984333992004
36492,0.3086155652999878
36493,0.3655785620212555
36494,0.34868159890174866
36495,0.4299761950969696
36496,0.3811551332473755
36497,0.38532203435897827
36498,0.3859993517398834
36499,0.3684041202068329
36500,0.3467693328857422
36501,0.42523515224456787
36502,0.37778177857398987
36503,0.33946678042411804
36504,0.31009453535079956
36505,0.3213482201099396
36506,0.31513774394989014
36507,0.32876503467559814
36508,0.32418856024742126
36509,0.32549944519996643
36510,0.33913668990135193
36511,0.3310946822166443
36512,0.38675904273986816
36513,0.5037078261375427
36514,0.302413672208786
36515,0.32833439111709595
36516,0.3602180480957031
36517,0.3701918423175812
36518,0.30880844593048096
36519,0.34135833382606506
36520,0.36308518052101135
36521,0.35513460636138916
36522,0.32580938935279846
36523,0.36582234501838684
36524,0.3738847076892853
36525,0.2825067639350891
36526,0.2983549237251282
36527,0.2335621863603592
36528,0.2868935763835907
36529,0.3016701936721802
36530,0.3684499263763428
36531,0.32274800539016724
36532,0.2944384217262268
36533,0.38195985555648804
36534,0.4677445888519287
36535,0.489942342042923
36536,0.4325161874294281
36537,0.3932769298553467
36538,0.3075001835823059
36539,0.3308117389678955
36540,0.38486146926879883
36541,0.3312765657901764
36542,0.26312345266342163
36543,0.26317158341407776
36544,0.4681131839752197
36545,0.2775818109512329
36546,0.2872162461280823
36547,0.3860551714897156
36548,0.42589545249938965
36549,0.3856568932533264
36550,0.34150612354278564
36551,0.35500672459602356
36552,0.3709372282028198
36553,0.4007507562637329
36554,0.3420838713645935
36555,0.3267868459224701
36556,0.19810186326503754
36557,0.28269800543785095
36558,0.3569285571575165
36559,0.6355039477348328
36560,0.4844895005226135
36561,0.3425065577030182
36562,0.32335102558135986
36563,0.2917465567588806
36564,0.5667334794998169
36565,0.5996424555778503
36566,0.23007608950138092
36567,0.35862454771995544
36568,0.2843138873577118
36569,0.4917054772377014
36570,0.3732055127620697
36571,0.5885453224182129
36572,0.5484365224838257
36573,0.4927997291088104
36574,0.4018939137458801
36575,0.40615376830101013
36576,0.30643150210380554
36577,0.2936258018016815
36578,0.3043985366821289
36579,0.3222801089286804
36580,0.25182417035102844
36581,0.2834305763244629
36582,0.21273037791252136
36583,0.20756448805332184
36584,0.20398640632629395
36585,0.20152069628238678
36586,0.20218884944915771
36587,0.19498895108699799
36588,0.28046372532844543
36589,0.3028009533882141
36590,0.3280797600746155
36591,0.4392077624797821
36592,0.2550961375236511
36593,0.2314985692501068
36594,0.30759361386299133
36595,0.39612919092178345
36596,0.3138398230075836
36597,0.5048166513442993
36598,0.31613707542419434
36599,0.39296793937683105
36600,0.3661743998527527
36601,0.4087584614753723
36602,0.21310479938983917
36603,0.3840443193912506
36604,0.2915680408477783
36605,0.5041479468345642
36606,0.3040008544921875
36607,0.2819195091724396
36608,0.3650446832180023
36609,0.2966698706150055
36610,0.1599818915128708
36611,0.24295447766780853
36612,0.39977550506591797
36613,0.3106676936149597
36614,0.31608206033706665
36615,0.37598010897636414
36616,0.4353918135166168
36617,0.420227974653244
36618,0.3859803378582001
36619,0.2473926842212677
36620,0.34135669469833374
36621,0.37995636463165283
36622,0.49653610587120056
36623,0.33890920877456665
36624,0.2896873950958252
36625,0.3289356827735901
36626,0.3870731592178345
36627,0.32916906476020813
36628,0.3234216868877411
36629,0.4150726795196533
36630,0.41790828108787537
36631,0.2621268928050995
36632,0.31611132621765137
36633,0.5420023798942566
36634,0.5443532466888428
36635,0.3521672487258911
36636,0.3987255394458771
36637,0.3731500804424286
36638,0.19864898920059204
36639,0.41797763109207153
36640,0.340848445892334
36641,0.3690066337585449
36642,0.32031071186065674
36643,0.32031071186065674
36644,0.3398783206939697
36645,0.2229982167482376
36646,0.2424725443124771
36647,0.2829015552997589
36648,0.3312816619873047
36649,0.3573550581932068
36650,0.33752554655075073
36651,0.5511652827262878
36652,0.28045016527175903
36653,0.2736649215221405
36654,0.37125030159950256
36655,0.34386980533599854
36656,0.4892101585865021
36657,0.3145204782485962
36658,0.2052048146724701
36659,0.5804314017295837
36660,0.5460583567619324
36661,0.5448591709136963
36662,0.3924296498298645
36663,0.3619208335876465
36664,0.44156086444854736
36665,0.34746378660202026
36666,0.36751529574394226
36667,0.5211859345436096
36668,0.32879382371902466
36669,0.19114477932453156
36670,0.3676117956638336
36671,0.38310185074806213
36672,0.4390597343444824
36673,0.6134784817695618
36674,0.36744898557662964
36675,0.28746655583381653
36676,0.3820768892765045
36677,0.3804958760738373
36678,0.3107783794403076
36679,0.254043847322464
36680,0.6008148193359375
36681,0.5601933598518372
36682,0.4459492266178131
36683,0.26119130849838257
36684,0.24223364889621735
36685,0.18562231957912445
36686,0.29193001985549927
36687,0.4695339500904083
36688,0.3505101799964905
36689,0.37040987610816956
36690,0.6043428778648376
36691,0.32786378264427185
36692,0.4533625543117523
36693,0.38884344696998596
36694,0.30083221197128296
36695,0.3027102053165436
36696,0.4092060327529907
36697,0.3065888285636902
36698,0.3617997169494629
36699,0.3514432907104492
36700,0.3036485016345978
36701,0.5055532455444336
36702,0.5543472766876221
36703,0.5693339109420776
36704,0.6490799188613892
36705,0.411396861076355
36706,0.2855621874332428
36707,0.37698036432266235
36708,0.38262423872947693
36709,0.48599758744239807
36710,0.6371832489967346
36711,0.2455795258283615
36712,0.297285795211792
36713,0.3450390100479126
36714,0.2923422157764435
36715,0.34259313344955444
36716,0.44994813203811646
36717,0.4318440556526184
36718,0.503760039806366
36719,0.40120431780815125
36720,0.41810354590415955
36721,0.48146340250968933
36722,0.41309335827827454
36723,0.16112245619297028
36724,0.3718116581439972
36725,0.4483639597892761
36726,0.3235977590084076
36727,0.43591779470443726
36728,0.3815477788448334
36729,0.3495979309082031
36730,0.22847726941108704
36731,0.4842936098575592
36732,0.5228701233863831
36733,0.3832719922065735
36734,0.3946119248867035
36735,0.29336637258529663
36736,0.28423070907592773
36737,0.31094488501548767
36738,0.3976422846317291
36739,0.2930062711238861
36740,0.331576943397522
36741,0.2917855978012085
36742,0.2631380259990692
36743,0.3086228668689728
36744,0.2797970473766327
36745,0.3174210786819458
36746,0.3111545741558075
36747,0.29322540760040283
36748,0.37057679891586304
36749,0.26808691024780273
36750,0.2141651064157486
36751,0.34048837423324585
36752,0.285565048456192
36753,0.3096899688243866
36754,0.49730542302131653
36755,0.2891913950443268
36756,0.46115973591804504
36757,0.28364700078964233
36758,0.26655757427215576
36759,0.3632802665233612
36760,0.3272973299026489
36761,0.31272661685943604
36762,0.28032276034355164
36763,0.42893218994140625
36764,0.52858966588974
36765,0.3245082497596741
36766,-0.012420430779457092
36767,0.4323115050792694
36768,0.3339932858943939
36769,0.35644981265068054
36770,0.32628414034843445
36771,0.27634337544441223
36772,0.37171632051467896
36773,0.3951129615306854
36774,0.679113507270813
36775,0.5123465061187744
36776,0.24266256392002106
36777,0.29383784532546997
36778,0.5143139362335205
36779,0.3928450047969818
36780,0.46256110072135925
36781,0.3819601535797119
36782,0.39965349435806274
36783,0.29427260160446167
36784,0.320228636264801
36785,0.3268432021141052
36786,0.2515581250190735
36787,0.4364640414714813
36788,0.27425551414489746
36789,0.25098609924316406
36790,0.29439619183540344
36791,0.28500720858573914
36792,0.45627719163894653
36793,0.4219754636287689
36794,0.15467074513435364
36795,0.45344650745391846
36796,0.3131199777126312
36797,0.4077757000923157
36798,0.40681058168411255
36799,0.27446258068084717
36800,0.1968717873096466
36801,0.39545518159866333
36802,0.25244009494781494
36803,0.3952126204967499
36804,0.35324302315711975
36805,0.2568743824958801
36806,0.2550429105758667
36807,0.19076956808567047
36808,0.22126738727092743
36809,0.4859999716281891
36810,0.21383987367153168
36811,0.16738450527191162
36812,0.2538963556289673
36813,0.6085963249206543
36814,0.5711836814880371
36815,0.6277323365211487
36816,0.6092584729194641
36817,0.4670443832874298
36818,0.5935710072517395
36819,0.39459291100502014
36820,0.2837707996368408
36821,0.4333571195602417
36822,0.3405582904815674
36823,0.4059697985649109
36824,0.21184073388576508
36825,0.29178422689437866
36826,0.3479810357093811
36827,0.4850509464740753
36828,0.5381589531898499
36829,0.2305128425359726
36830,0.4482674300670624
36831,0.3760739266872406
36832,0.45825931429862976
36833,0.22941866517066956
36834,0.3298999071121216
36835,0.3333228528499603
36836,0.2488703578710556
36837,0.36544352769851685
36838,0.5250362157821655
36839,0.44656574726104736
36840,0.3634486794471741
36841,0.3743132948875427
36842,0.3644672632217407
36843,0.3996007740497589
36844,0.298085480928421
36845,0.2623838484287262
36846,0.3343767523765564
36847,0.32342177629470825
36848,0.33087190985679626
36849,0.3112548887729645
36850,0.23080062866210938
36851,0.2986260652542114
36852,0.3879562318325043
36853,0.2514769732952118
36854,0.3573649823665619
36855,0.4537421464920044
36856,0.24374516308307648
36857,0.22466978430747986
36858,0.4817467927932739
36859,0.3450705409049988
36860,0.2695663273334503
36861,0.26318514347076416
36862,0.26348796486854553
36863,0.397926926612854
36864,0.2564805746078491
36865,0.3101992905139923
36866,0.34740692377090454
36867,0.26313990354537964
36868,0.45148706436157227
36869,0.520327091217041
36870,0.2631900906562805
36871,0.33462560176849365
36872,0.42464157938957214
36873,0.4979279637336731
36874,0.3240532875061035
36875,0.3331359624862671
36876,0.3015925884246826
36877,0.3366265892982483
36878,0.35046833753585815
36879,0.4102928638458252
36880,0.4406651556491852
36881,0.383062481880188
36882,0.32467082142829895
36883,0.350302517414093
36884,0.3764399290084839
36885,0.5314969420433044
36886,0.3957212567329407
36887,0.2620803713798523
36888,0.2524174153804779
36889,0.3419017493724823
36890,0.28635045886039734
36891,0.42580509185791016
36892,0.41163939237594604
36893,0.374163419008255
36894,0.24448168277740479
36895,0.3033500611782074
36896,0.38823458552360535
36897,0.38979315757751465
36898,0.4984678030014038
36899,0.4753001034259796
36900,0.29060235619544983
36901,0.46345657110214233
36902,0.42611366510391235
36903,0.3862036168575287
36904,0.4254269301891327
36905,0.2981085479259491
36906,0.34118878841400146
36907,0.28566762804985046
36908,0.45052531361579895
36909,0.2993132174015045
36910,0.5209233164787292
36911,0.30564990639686584
36912,0.42820242047309875
36913,0.307748019695282
36914,0.43305104970932007
36915,0.457570344209671
36916,0.33870479464530945
36917,0.3277379870414734
36918,0.35783106088638306
36919,0.3685447573661804
36920,0.49985721707344055
36921,0.2839728593826294
36922,0.5098119378089905
36923,0.3429810404777527
36924,0.31762516498565674
36925,0.49824607372283936
36926,0.4841673970222473
36927,0.3808228075504303
36928,0.5186352133750916
36929,0.3222973942756653
36930,0.4374626874923706
36931,0.40350526571273804
36932,0.1914025843143463
36933,0.38350218534469604
36934,0.38091132044792175
36935,0.3657490015029907
36936,0.3820212781429291
36937,0.2623695731163025
36938,0.38542744517326355
36939,0.3582952618598938
36940,0.2200300395488739
36941,0.31729191541671753
36942,0.22803252935409546
36943,0.41299211978912354
36944,0.4642079770565033
36945,0.35607412457466125
36946,0.3935241103172302
36947,0.3672104775905609
36948,0.39330780506134033
36949,0.4103458523750305
36950,0.39853033423423767
36951,0.3258384168148041
36952,0.4913925230503082
36953,0.41790661215782166
36954,0.3055538833141327
36955,0.29177266359329224
36956,0.3601745665073395
36957,0.33775803446769714
36958,0.30988645553588867
36959,0.27679359912872314
36960,0.19672910869121552
36961,0.26867979764938354
36962,0.28784674406051636
36963,0.40960803627967834
36964,0.18366944789886475
36965,0.3774203658103943
36966,0.5033053159713745
36967,0.36721718311309814
36968,0.34357520937919617
36969,0.493878036737442
36970,0.41753950715065
36971,0.2941133975982666
36972,0.24701760709285736
36973,0.21743181347846985
36974,0.2495705485343933
36975,0.3796876072883606
36976,0.31998124718666077
36977,0.18448682129383087
36978,0.30163341760635376
36979,0.3279637396335602
36980,0.2848280072212219
36981,0.2896299958229065
36982,0.3052811324596405
36983,0.34389764070510864
36984,0.22874729335308075
36985,0.4091719090938568
36986,0.44473427534103394
36987,0.31321895122528076
36988,0.3591727912425995
36989,0.28139016032218933
36990,0.33677658438682556
36991,0.1705973744392395
36992,0.271832138299942
36993,0.23876455426216125
36994,0.3704635500907898
36995,0.34297657012939453
36996,0.6465162038803101
36997,0.38235247135162354
36998,0.25480157136917114
36999,0.30742883682250977
37000,0.37406593561172485
37001,0.28088587522506714
37002,0.17299769818782806
37003,0.4865269660949707
37004,0.1663234829902649
37005,0.23148252069950104
37006,0.5256099700927734
37007,-0.0312490276992321
37008,-0.030706768855452538
37009,-0.031563740223646164
37010,0.30874842405319214
37011,0.2987098693847656
37012,0.17363928258419037
37013,0.40222278237342834
37014,0.343664288520813
37015,0.2264721542596817
37016,0.15729975700378418
37017,0.41970011591911316
37018,0.3521391749382019
37019,0.2538585066795349
37020,0.2422284632921219
37021,0.3280160129070282
37022,0.34726661443710327
37023,0.14945176243782043
37024,0.31220221519470215
37025,0.3932203948497772
37026,0.31850865483283997
37027,0.27538031339645386
37028,0.1703193634748459
37029,0.15746212005615234
37030,0.2809140980243683
37031,0.40576881170272827
37032,0.2612447142601013
37033,0.3763110935688019
37034,0.2610366940498352
37035,0.421571284532547
37036,0.3490769565105438
37037,0.3750479519367218
37038,0.20017004013061523
37039,0.2808910310268402
37040,0.28886866569519043
37041,0.2799863815307617
37042,0.23961590230464935
37043,0.20431649684906006
37044,0.3692742884159088
37045,0.3659403622150421
37046,0.325167179107666
37047,0.28803279995918274
37048,0.30722305178642273
37049,0.286882609128952
37050,0.36949622631073
37051,0.4150705635547638
37052,0.4207902252674103
37053,0.40609562397003174
37054,0.34970536828041077
37055,0.19460996985435486
37056,0.2247616946697235
37057,0.2122713029384613
37058,0.2036380171775818
37059,0.22889132797718048
37060,0.16870418190956116
37061,0.1731443554162979
37062,0.1515408158302307
37063,0.13332471251487732
37064,0.14465144276618958
37065,0.13816672563552856
37066,0.16218692064285278
37067,0.1555635929107666
37068,0.13478149473667145
37069,0.12359891831874847
37070,0.12821240723133087
37071,0.11831021308898926
37072,0.10427932441234589
37073,0.1668548732995987
37074,0.1346638798713684
37075,0.13945400714874268
37076,0.12623274326324463
37077,0.16210831701755524
37078,0.16880115866661072
37079,0.16116958856582642
37080,0.13855628669261932
37081,0.1337679773569107
37082,0.13256880640983582
37083,0.13306845724582672
37084,0.19408006966114044
37085,0.17815670371055603
37086,0.1789112538099289
37087,0.2234652042388916
37088,0.2121398150920868
37089,0.2217847853899002
37090,0.201680526137352
37091,0.26768940687179565
37092,0.23727132380008698
37093,0.2015133947134018
37094,0.18460720777511597
37095,0.21152275800704956
37096,0.22143621742725372
37097,0.22291956841945648
37098,0.19720298051834106
37099,0.19951845705509186
37100,0.1698470115661621
37101,0.19070875644683838
37102,0.20760659873485565
37103,0.19892378151416779
37104,0.19731752574443817
37105,0.2369842529296875
37106,0.25157132744789124
37107,0.21621407568454742
37108,0.2118769735097885
37109,0.2141161859035492
37110,0.23011991381645203
37111,0.23023992776870728
37112,0.2467595636844635
37113,0.24299976229667664
37114,0.2481238842010498
37115,0.24838252365589142
37116,0.23964326083660126
37117,0.2533947229385376
37118,0.23547972738742828
37119,0.19635754823684692
37120,0.13436460494995117
37121,0.15050330758094788
37122,0.2392074316740036
37123,0.29075387120246887
37124,0.15431897342205048
37125,0.20257431268692017
37126,0.241816908121109
37127,0.2947190999984741
37128,0.2976023852825165
37129,0.2984117567539215
37130,0.26646193861961365
37131,0.22440730035305023
37132,0.20626668632030487
37133,0.19370757043361664
37134,0.18543502688407898
37135,0.20713289082050323
37136,0.2310439944267273
37137,0.2294689565896988
37138,0.1595892757177353
37139,0.1441762000322342
37140,0.14237762987613678
37141,0.4054703116416931
37142,0.3234378695487976
37143,0.38478949666023254
37144,0.2206072211265564
37145,0.21985124051570892
37146,0.20562449097633362
37147,0.2227935940027237
37148,0.25082385540008545
37149,0.28767722845077515
37150,0.5742729306221008
37151,-0.032697033137083054
37152,-0.035052161663770676
37153,0.30095499753952026
37154,0.32131144404411316
37155,0.28804662823677063
37156,0.21852880716323853
37157,0.3850391209125519
37158,0.3677847683429718
37159,0.3550156056880951
37160,0.5743930339813232
37161,0.5200828313827515
37162,0.5058922171592712
37163,0.37916845083236694
37164,0.38538888096809387
37165,0.5252895951271057
37166,0.4545198976993561
37167,0.49798426032066345
37168,0.3298402726650238
37169,0.4342499077320099
37170,0.39949989318847656
37171,0.3662731945514679
37172,0.36807724833488464
37173,0.3464317321777344
37174,0.4080895185470581
37175,0.3428214192390442
37176,0.37255528569221497
37177,0.3756644129753113
37178,0.3299075961112976
37179,0.5101534128189087
37180,0.3525086045265198
37181,0.24952439963817596
37182,0.33154892921447754
37183,0.2784454822540283
37184,0.291460782289505
37185,0.3522247076034546
37186,0.32425856590270996
37187,0.31133389472961426
37188,-0.003634009975939989
37189,0.00014137450489215553
37190,0.0035496135242283344
37191,-0.023101314902305603
37192,-0.014890147373080254
37193,-0.012766091153025627
37194,-0.03446083143353462
37195,0.374936580657959
37196,0.46066099405288696
37197,0.471506267786026
37198,0.5658347606658936
37199,0.49810463190078735
37200,0.38499727845191956
37201,0.3815898001194
37202,0.4256986975669861
37203,0.3467954397201538
37204,0.35364508628845215
37205,0.43075186014175415
37206,0.4192134439945221
37207,0.5410816073417664
37208,0.5713256597518921
37209,0.47166624665260315
37210,0.4887480139732361
37211,0.43472304940223694
37212,0.43844470381736755
37213,0.4205378592014313
37214,0.3720575273036957
37215,0.4393409192562103
37216,0.389911025762558
37217,0.3692586421966553
37218,0.3006550967693329
37219,0.34237805008888245
37220,0.3560139238834381
37221,0.27853867411613464
37222,0.2517229914665222
37223,0.2814904451370239
37224,0.29716312885284424
37225,0.4469965100288391
37226,0.39158985018730164
37227,0.32375988364219666
37228,0.2611607015132904
37229,0.3159681558609009
37230,0.28919440507888794
37231,0.246751070022583
37232,0.23149454593658447
37233,0.38933855295181274
37234,0.4083745777606964
37235,0.25805237889289856
37236,0.31935369968414307
37237,0.3299330472946167
37238,0.2984235882759094
37239,0.3194829523563385
37240,0.2676604092121124
37241,0.2708698511123657
37242,0.23268042504787445
37243,0.32306399941444397
37244,0.38362929224967957
37245,0.32981541752815247
37246,0.3641630709171295
37247,0.2110816240310669
37248,0.2638004422187805
37249,0.29257723689079285
37250,0.3041309714317322
37251,0.2861385643482208
37252,0.3129838705062866
37253,0.31232014298439026
37254,0.2994200885295868
37255,0.32408756017684937
37256,0.4528898596763611
37257,0.41669437289237976
37258,0.2987806499004364
37259,0.34688377380371094
37260,0.4225253462791443
37261,0.195390984416008
37262,0.25543373823165894
37263,0.22367718815803528
37264,0.3468663692474365
37265,0.2981387972831726
37266,0.3857493996620178
37267,0.3296332061290741
37268,0.2984280586242676
37269,0.30119064450263977
37270,0.3102166950702667
37271,0.35204553604125977
37272,0.2233702540397644
37273,0.3939749002456665
37274,0.42173829674720764
37275,0.11576030403375626
37276,0.2700963616371155
37277,0.19407224655151367
37278,0.17180533707141876
37279,0.18474972248077393
37280,0.3314197063446045
37281,0.37619471549987793
37282,0.4320240616798401
37283,0.24037683010101318
37284,0.39136821031570435
37285,0.3497612774372101
37286,0.22228474915027618
37287,0.3141087591648102
37288,0.33163851499557495
37289,0.29712268710136414
37290,0.3252953588962555
37291,0.3149719536304474
37292,0.33718302845954895
37293,0.353213369846344
37294,0.2958066165447235
37295,0.2895791232585907
37296,0.25484606623649597
37297,0.3323681056499481
37298,0.24807500839233398
37299,0.3113813102245331
37300,0.42830270528793335
37301,0.37489691376686096
37302,0.3278551995754242
37303,0.32736843824386597
37304,0.39082685112953186
37305,0.48066383600234985
37306,0.4839428663253784
37307,0.4696727395057678
37308,0.4349198639392853
37309,0.4552128314971924
37310,0.4234061539173126
37311,0.3579762876033783
37312,0.35777920484542847
37313,0.31487837433815
37314,0.4489138424396515
37315,0.27042698860168457
37316,0.2974340617656708
37317,0.33776089549064636
37318,0.345917284488678
37319,0.31232404708862305
37320,0.34210944175720215
37321,0.36197710037231445
37322,0.40825462341308594
37323,0.47077620029449463
37324,0.42882010340690613
37325,0.3219675123691559
37326,0.2984428107738495
37327,0.3578599691390991
37328,0.35833972692489624
37329,0.40570008754730225
37330,0.48367273807525635
37331,0.3434680104255676
37332,0.36157676577568054
37333,0.35034477710723877
37334,0.31375277042388916
37335,0.2878587245941162
37336,0.31107139587402344
37337,0.3776049315929413
37338,0.35938337445259094
37339,0.28159868717193604
37340,0.31651780009269714
37341,0.3064025938510895
37342,0.28237035870552063
37343,0.33086854219436646
37344,0.39238423109054565
37345,0.31212061643600464
37346,0.3281404674053192
37347,0.42337682843208313
37348,0.47535932064056396
37349,0.38633111119270325
37350,0.427125483751297
37351,0.44484367966651917
37352,0.4277844727039337
37353,0.335680216550827
37354,0.4653429388999939
37355,0.41280630230903625
37356,0.34966346621513367
37357,0.3880070149898529
37358,0.3345174193382263
37359,0.26363810896873474
37360,0.3864758014678955
37361,0.33820804953575134
37362,0.319083571434021
37363,0.2933875024318695
37364,0.4258526563644409
37365,0.3190476894378662
37366,0.3735695481300354
37367,0.31169527769088745
37368,0.28911060094833374
37369,0.2713695466518402
37370,0.2515304684638977
37371,0.33762669563293457
37372,0.24224251508712769
37373,0.25628045201301575
37374,0.25132885575294495
37375,0.29543566703796387
37376,0.325900137424469
37377,0.35684311389923096
37378,0.41370630264282227
37379,0.4129588305950165
37380,0.440731018781662
37381,0.32084500789642334
37382,0.3672855496406555
37383,0.3593701422214508
37384,0.3928371071815491
37385,0.3020212948322296
37386,0.2682180106639862
37387,0.24967758357524872
37388,0.3195328414440155
37389,0.3137698471546173
37390,0.39238905906677246
37391,0.3217674493789673
37392,0.4005977511405945
37393,0.49954384565353394
37394,0.4796079695224762
37395,0.42664435505867004
37396,0.3219577372074127
37397,0.4111235737800598
37398,0.40058469772338867
37399,0.3602369427680969
37400,0.2845522463321686
37401,0.2616215944290161
37402,0.2857327461242676
37403,0.2623146176338196
37404,0.3359261155128479
37405,0.2939596176147461
37406,0.36165282130241394
37407,0.3804875910282135
37408,0.31671497225761414
37409,0.36195850372314453
37410,0.38536083698272705
37411,0.3746778666973114
37412,0.2952099144458771
37413,0.3271532356739044
37414,0.3861388862133026
37415,0.35707929730415344
37416,0.43115705251693726
37417,0.40215057134628296
37418,0.4281120300292969
37419,0.17590811848640442
37420,0.14134861528873444
37421,0.12741407752037048
37422,0.1549154371023178
37423,0.12493427097797394
37424,0.13156986236572266
37425,0.25407135486602783
37426,0.25407135486602783
37427,0.10851147770881653
37428,0.1444603055715561
37429,0.18985316157341003
37430,0.20062218606472015
37431,0.20062218606472015
37432,0.313825786113739
37433,0.13368676602840424
37434,0.11830447614192963
37435,0.11384714394807816
37436,0.11384714394807816
37437,0.11384714394807816
37438,0.11384714394807816
37439,0.11384714394807816
37440,0.1091853603720665
37441,0.10910865664482117
37442,0.11307965964078903
37443,0.08528365194797516
37444,0.11164319515228271
37445,0.1546749323606491
37446,0.11137156188488007
37447,0.11120401322841644
37448,0.08528365194797516
37449,0.37109461426734924
37450,0.27461254596710205
37451,0.1640162616968155
37452,0.2097807377576828
37453,0.2097807377576828
37454,0.24612957239151
37455,0.24612957239151
37456,0.31366974115371704
37457,0.4601892828941345
37458,0.34461525082588196
37459,0.5395314693450928
37460,0.5068027973175049
37461,0.5123900175094604
37462,0.3596177399158478
37463,0.29333189129829407
37464,0.45495477318763733
37465,0.35747721791267395
37466,0.49273526668548584
37467,0.2592872381210327
37468,0.2726456820964813
37469,0.2704389691352844
37470,0.36263927817344666
37471,0.2668517529964447
37472,0.28669872879981995
37473,0.3649686574935913
37474,0.18463502824306488
37475,0.12896788120269775
37476,0.28125137090682983
37477,0.3065321147441864
37478,0.27309471368789673
37479,0.12665823101997375
37480,0.3329898416996002
37481,0.3891972005367279
37482,0.4000474512577057
37483,0.40230464935302734
37484,0.3627581298351288
37485,0.3916131258010864
37486,0.3494799733161926
37487,0.3580671548843384
37488,0.34124720096588135
37489,0.3701514005661011
37490,0.3415013253688812
37491,0.335284948348999
37492,0.32413965463638306
37493,0.3616669774055481
37494,0.32843565940856934
37495,0.27247679233551025
37496,0.30955737829208374
37497,0.42537152767181396
37498,0.370552659034729
37499,0.37141555547714233
37500,0.3404220938682556
37501,0.3365524411201477
37502,0.38203495740890503
37503,0.3346242308616638
37504,0.3774776756763458
37505,0.29240918159484863
37506,0.29164156317710876
37507,0.27701669931411743
37508,0.30030786991119385
37509,0.3125145733356476
37510,0.3714987337589264
37511,0.3652070462703705
37512,0.445316344499588
37513,0.2949398159980774
37514,0.3002912998199463
37515,0.3004858195781708
37516,0.3420163691043854
37517,0.2023233324289322
37518,0.3949804902076721
37519,0.3706992268562317
37520,0.43326514959335327
37521,0.3559815585613251
37522,0.25332704186439514
37523,0.2600412964820862
37524,0.25236746668815613
37525,0.3117174804210663
37526,0.33819520473480225
37527,0.26410698890686035
37528,0.34016719460487366
37529,0.24284641444683075
37530,0.3349783718585968
37531,0.38078442215919495
37532,0.3196871280670166
37533,0.46078506112098694
37534,0.3379531502723694
37535,0.3649725914001465
37536,0.43388158082962036
37537,0.4130048453807831
37538,0.40437713265419006
37539,0.41280728578567505
37540,0.4528745710849762
37541,0.41159459948539734
37542,0.3619716465473175
37543,0.3542710542678833
37544,0.5593993067741394
37545,0.27279382944107056
37546,0.2959040105342865
37547,0.31563085317611694
37548,0.3402807414531708
37549,0.19542454183101654
37550,0.2914758324623108
37551,0.37700873613357544
37552,0.4706330895423889
37553,0.4662724733352661
37554,0.3956363797187805
37555,0.446319580078125
37556,0.3948458135128021
37557,0.392109215259552
37558,0.27285367250442505
37559,0.32727670669555664
37560,0.45751798152923584
37561,0.40659287571907043
37562,0.5171104669570923
37563,0.39619430899620056
37564,0.44202420115470886
37565,0.4374344050884247
37566,0.4172285795211792
37567,0.395649790763855
37568,0.3716217875480652
37569,0.39247751235961914
37570,0.38517260551452637
37571,0.36736181378364563
37572,0.37019166350364685
37573,0.3610161244869232
37574,0.38713350892066956
37575,0.38932594656944275
37576,0.40144047141075134
37577,0.4024546146392822
37578,0.4543784260749817
37579,0.4840783178806305
37580,0.48191651701927185
37581,0.36092278361320496
37582,0.5158903002738953
37583,0.4030769467353821
37584,0.504623532295227
37585,0.48588353395462036
37586,0.43081653118133545
37587,0.45281752943992615
37588,0.47254660725593567
37589,0.5051601529121399
37590,0.4953996241092682
37591,0.4444056749343872
37592,0.4111691117286682
37593,0.33373868465423584
37594,0.4784241020679474
37595,0.6117554306983948
37596,0.5568990111351013
37597,0.5082572102546692
37598,0.21999049186706543
37599,0.37314483523368835
37600,0.42262163758277893
37601,0.37250348925590515
37602,0.31731539964675903
37603,0.3928249180316925
37604,0.4281849265098572
37605,0.4253190755844116
37606,0.4293093979358673
37607,0.4099407494068146
37608,0.4093033969402313
37609,0.40170764923095703
37610,0.40596017241477966
37611,0.40095874667167664
37612,0.4061833620071411
37613,0.32156431674957275
37614,0.29375308752059937
37615,0.3592366874217987
37616,0.3952407240867615
37617,0.3420242667198181
37618,0.49867135286331177
37619,0.3906552195549011
37620,0.34542879462242126
37621,0.29831135272979736
37622,0.2904298007488251
37623,0.4042172431945801
37624,0.3591267466545105
37625,0.36749809980392456
37626,0.31649911403656006
37627,0.344240665435791
37628,0.358172744512558
37629,0.44350671768188477
37630,0.4257047474384308
37631,0.43100714683532715
37632,0.32936981320381165
37633,0.33972814679145813
37634,0.30619099736213684
37635,0.39247751235961914
37636,0.40380483865737915
37637,0.4923585057258606
37638,0.38988134264945984
37639,0.43660563230514526
37640,0.288331538438797
37641,0.3173341751098633
37642,0.3067338764667511
37643,0.26589006185531616
37644,0.21322092413902283
37645,0.2815176248550415
37646,0.2332792729139328
37647,0.26939621567726135
37648,0.28040918707847595
37649,0.2625429034233093
37650,0.27349165081977844
37651,0.2612912952899933
37652,0.2612912952899933
37653,0.23758378624916077
37654,0.2920270562171936
37655,0.31775468587875366
37656,0.36941656470298767
37657,0.29455652832984924
37658,0.32907071709632874
37659,0.4094080626964569
37660,0.353369802236557
37661,0.39873653650283813
37662,0.3694789707660675
37663,0.30750906467437744
37664,0.38718485832214355
37665,0.37502554059028625
37666,0.3433310091495514
37667,0.21406731009483337
37668,0.2557230591773987
37669,0.29118868708610535
37670,0.2565017640590668
37671,0.2571081817150116
37672,0.4741148054599762
37673,0.46332499384880066
37674,0.4525657892227173
37675,0.4734173119068146
37676,0.48321837186813354
37677,0.4298916757106781
37678,0.4294949471950531
37679,0.4931534230709076
37680,0.5077713131904602
37681,0.4538540542125702
37682,0.5083596706390381
37683,0.446391224861145
37684,0.4811568856239319
37685,0.5687156319618225
37686,0.5099368095397949
37687,0.4225293695926666
37688,0.41866999864578247
37689,0.3832664489746094
37690,0.3461003601551056
37691,0.4542311131954193
37692,0.39293164014816284
37693,0.3919178247451782
37694,0.3447636365890503
37695,0.39533424377441406
37696,0.3884640038013458
37697,0.48040756583213806
37698,0.4287528991699219
37699,0.40485018491744995
37700,0.44903725385665894
37701,0.5221722722053528
37702,0.5139683485031128
37703,0.4621833860874176
37704,0.4118368625640869
37705,0.37304452061653137
37706,0.3348073959350586
37707,0.38358771800994873
37708,0.4216724932193756
37709,0.4874858260154724
37710,0.4385938048362732
37711,0.4903342127799988
37712,0.45975261926651
37713,0.4248725473880768
37714,0.36929455399513245
37715,0.36292770504951477
37716,0.4641917049884796
37717,0.47415366768836975
37718,0.5696719884872437
37719,0.6194819211959839
37720,0.6114940643310547
37721,0.6030540466308594
37722,0.49246978759765625
37723,0.32812440395355225
37724,0.36664849519729614
37725,0.30729323625564575
37726,0.3632669746875763
37727,0.2974937856197357
37728,0.35205766558647156
37729,0.37506887316703796
37730,0.3493354916572571
37731,0.34763553738594055
37732,0.36359450221061707
37733,0.3075565993785858
37734,0.2536819279193878
37735,0.2887159287929535
37736,0.2360125035047531
37737,0.23646403849124908
37738,0.180519238114357
37739,0.18027421832084656
37740,0.1532827764749527
37741,0.2384233921766281
37742,0.4346052408218384
37743,0.4145512282848358
37744,0.39500659704208374
37745,0.21254993975162506
37746,0.5692327618598938
37747,0.3489447236061096
37748,0.37332314252853394
37749,0.29136714339256287
37750,0.354329913854599
37751,0.3092753291130066
37752,0.33300167322158813
37753,0.1817341446876526
37754,0.16744384169578552
37755,0.1817341446876526
37756,0.19054776430130005
37757,0.2306787073612213
37758,0.20866335928440094
37759,0.3283533751964569
37760,0.22352123260498047
37761,0.29035064578056335
37762,0.42613765597343445
37763,0.38547033071517944
37764,0.25656577944755554
37765,0.4772881269454956
37766,0.41590550541877747
37767,0.36688709259033203
37768,0.4026142954826355
37769,0.38794827461242676
37770,0.3896363079547882
37771,0.41701921820640564
37772,0.37462472915649414
37773,0.30493247509002686
37774,0.3446476459503174
37775,0.29700911045074463
37776,0.3818417191505432
37777,0.3282370865345001
37778,0.3835096061229706
37779,0.39069727063179016
37780,0.4155268669128418
37781,0.5167399048805237
37782,0.45335790514945984
37783,0.4063306450843811
37784,0.4850159287452698
37785,0.5375241041183472
37786,0.4720388650894165
37787,0.53992760181427
37788,0.413675457239151
37789,0.5410478711128235
37790,0.5001961588859558
37791,0.5649166703224182
37792,0.5800009369850159
37793,0.4728805720806122
37794,0.47151681780815125
37795,0.5884624719619751
37796,0.5343502163887024
37797,0.4163947105407715
37798,0.5541532039642334
37799,0.5394294857978821
37800,0.5421024560928345
37801,0.45730090141296387
37802,0.4600248336791992
37803,0.33040666580200195
37804,0.4361233115196228
37805,0.33917051553726196
37806,0.5617280602455139
37807,0.3220158815383911
37808,0.3261549770832062
37809,0.30568644404411316
37810,0.2819023132324219
37811,0.4030836224555969
37812,0.33508673310279846
37813,0.29453256726264954
37814,0.5074513554573059
37815,0.30291038751602173
37816,0.4382679760456085
37817,0.2304696887731552
37818,0.4571312367916107
37819,0.3236146867275238
37820,0.4058409333229065
37821,0.4110761284828186
37822,0.5383687019348145
37823,0.29427072405815125
37824,0.29606306552886963
37825,0.3140384256839752
37826,0.2872842252254486
37827,0.2599077820777893
37828,0.3383457362651825
37829,0.28310510516166687
37830,0.30123189091682434
37831,0.3203151226043701
37832,0.43971705436706543
37833,0.4437577426433563
37834,0.2517264187335968
37835,0.3157266080379486
37836,0.45926594734191895
37837,0.3381389081478119
37838,0.2414345145225525
37839,0.4372802972793579
37840,0.4679025113582611
37841,0.42580047249794006
37842,0.4121095538139343
37843,0.28388500213623047
37844,0.2554090917110443
37845,0.4842320680618286
37846,0.3355834484100342
37847,0.3058032691478729
37848,0.40221476554870605
37849,0.4511517584323883
37850,0.31442713737487793
37851,0.28320714831352234
37852,0.39561954140663147
37853,0.47074997425079346
37854,0.4524938762187958
37855,0.423823744058609
37856,0.46664196252822876
37857,0.3734598457813263
37858,0.32258954644203186
37859,0.37503424286842346
37860,0.4520687460899353
37861,0.4409143626689911
37862,0.45475494861602783
37863,0.5452136993408203
37864,0.46274054050445557
37865,0.3708416819572449
37866,0.381936639547348
37867,0.3553312420845032
37868,0.41887950897216797
37869,0.4271048903465271
37870,0.42147913575172424
37871,0.4166721701622009
37872,0.3339339792728424
37873,0.36044517159461975
37874,0.39515525102615356
37875,0.4071256220340729
37876,0.3567928075790405
37877,0.2956947386264801
37878,0.3204301595687866
37879,-0.032699570059776306
37880,0.5216668248176575
37881,0.2947026491165161
37882,0.29745447635650635
37883,0.4906584918498993
37884,0.4051710367202759
37885,0.3869919180870056
37886,0.39797350764274597
37887,0.44932442903518677
37888,0.4319753050804138
37889,0.4545574486255646
37890,0.4353039562702179
37891,0.378957062959671
37892,0.39509642124176025
37893,0.3208386301994324
37894,0.3854888379573822
37895,0.48904168605804443
37896,0.468321293592453
37897,0.3711881637573242
37898,0.3515545129776001
37899,0.3785417675971985
37900,0.3857521116733551
37901,0.4122235178947449
37902,0.40808701515197754
37903,0.4296394884586334
37904,0.35062530636787415
37905,0.2657651901245117
37906,0.3647479712963104
37907,0.4638992249965668
37908,0.4433469772338867
37909,0.44484958052635193
37910,0.3681441843509674
37911,0.2802489101886749
37912,0.2484273910522461
37913,0.4259073734283447
37914,0.2903780937194824
37915,0.3219795227050781
37916,0.33950096368789673
37917,0.32916259765625
37918,0.34759679436683655
37919,0.3723985552787781
37920,0.3823508322238922
37921,0.28910839557647705
37922,0.2782573699951172
37923,0.3709125220775604
37924,0.3831143081188202
37925,0.3663657307624817
37926,0.3476095199584961
37927,0.35713446140289307
37928,0.408424437046051
37929,0.3635190427303314
37930,0.3477523624897003
37931,0.2793559730052948
37932,0.27236661314964294
37933,0.3068869709968567
37934,0.32922396063804626
37935,0.3608819544315338
37936,0.37363898754119873
37937,0.3607962131500244
37938,0.39298364520072937
37939,0.3461223840713501
37940,0.32227805256843567
37941,0.31647735834121704
37942,0.3734089136123657
37943,0.3599885106086731
37944,0.360848993062973
37945,0.359616756439209
37946,0.3734104633331299
37947,0.4260810315608978
37948,0.3974011242389679
37949,0.44116875529289246
37950,0.35991033911705017
37951,0.355221152305603
37952,0.3832324743270874
37953,0.40321075916290283
37954,0.3145287334918976
37955,0.28500381112098694
37956,0.35264599323272705
37957,0.35662341117858887
37958,0.3448534607887268
37959,0.377280592918396
37960,0.36730843782424927
37961,0.3390539884567261
37962,0.28753161430358887
37963,0.33497607707977295
37964,0.37428826093673706
37965,0.433954656124115
37966,0.45128488540649414
37967,0.4514060616493225
37968,0.3707464039325714
37969,0.3891731798648834
37970,0.3591710329055786
37971,0.30713915824890137
37972,0.3633134067058563
37973,0.31514695286750793
37974,0.31636136770248413
37975,0.3452579379081726
37976,0.40477296710014343
37977,0.4091874063014984
37978,0.4079388380050659
37979,0.3640022873878479
37980,0.3554459810256958
37981,0.3442496359348297
37982,0.32056498527526855
37983,0.30479589104652405
37984,0.40564194321632385
37985,0.37673795223236084
37986,0.44954532384872437
37987,0.3620666265487671
37988,0.34871235489845276
37989,0.3576224148273468
37990,0.37603792548179626
37991,0.4057871401309967
37992,0.3642381429672241
37993,0.3356601595878601
37994,0.2892739176750183
37995,0.2612669765949249
37996,0.2522656321525574
37997,0.26611092686653137
37998,0.3466033935546875
37999,0.3808072805404663
38000,0.4131445586681366
38001,0.4599825143814087
38002,0.4005548357963562
38003,0.4326944053173065
38004,0.15514090657234192
38005,0.16284331679344177
38006,0.18087098002433777
38007,0.18656232953071594
38008,0.18218427896499634
38009,0.18574126064777374
38010,0.15541960299015045
38011,0.15008600056171417
38012,0.1370428502559662
38013,0.17338012158870697
38014,0.1392296403646469
38015,0.17197270691394806
38016,0.16116806864738464
38017,0.1596917361021042
38018,0.2050492763519287
38019,0.1878371238708496
38020,0.15530820190906525
38021,0.20749646425247192
38022,0.16590479016304016
38023,0.15361513197422028
38024,0.15404880046844482
38025,0.17122289538383484
38026,0.19204726815223694
38027,0.19781285524368286
38028,0.1877812147140503
38029,0.1989322453737259
38030,0.17366810142993927
38031,0.15356267988681793
38032,0.14283223450183868
38033,0.1376490741968155
38034,0.14045189321041107
38035,0.13444025814533234
38036,0.12249061465263367
38037,0.12965838611125946
38038,0.14720477163791656
38039,0.1420743614435196
38040,0.15236972272396088
38041,0.1386345773935318
38042,0.14009544253349304
38043,0.1349683552980423
38044,0.13321799039840698
38045,0.11752255260944366
38046,0.12658247351646423
38047,0.3655695915222168
38048,0.504814088344574
38049,0.3495851457118988
38050,0.4416501820087433
38051,0.4084000587463379
38052,0.3070172965526581
38053,0.3834957480430603
38054,0.5346391797065735
38055,0.3024256229400635
38056,0.2776275873184204
38057,0.40261998772621155
38058,0.3429727256298065
38059,0.35966673493385315
38060,0.3475639522075653
38061,0.34570133686065674
38062,0.3190470039844513
38063,0.3093360960483551
38064,0.3159857988357544
38065,0.3296123445034027
38066,0.45479121804237366
38067,0.5323814153671265
38068,0.5477807521820068
38069,0.5335891246795654
38070,0.5024878978729248
38071,0.49660396575927734
38072,0.49428150057792664
38073,0.4757862091064453
38074,0.3696126639842987
38075,0.42516589164733887
38076,0.34413963556289673
38077,0.3355938792228699
38078,0.3437008857727051
38079,0.3786989152431488
38080,0.4295834004878998
38081,0.3746468424797058
38082,0.34935083985328674
38083,0.5867722034454346
38084,0.427187442779541
38085,0.427187442779541
38086,0.3893328905105591
38087,0.3893328905105591
38088,0.4062030613422394
38089,0.4062030613422394
38090,0.4062030613422394
38091,0.4840955436229706
38092,0.49187397956848145
38093,0.4840955436229706
38094,0.4454888701438904
38095,0.4454888701438904
38096,0.5197126269340515
38097,0.5227713584899902
38098,0.5227713584899902
38099,0.5732346773147583
38100,0.5732346773147583
38101,0.5733441114425659
38102,0.5733441114425659
38103,0.6112523078918457
38104,0.6112523078918457
38105,0.5126485824584961
38106,0.47826963663101196
38107,0.47826963663101196
38108,0.47826963663101196
38109,0.47826963663101196
38110,0.47826963663101196
38111,0.5590794086456299
38112,0.5590794086456299
38113,0.5076841711997986
38114,0.5403252243995667
38115,0.5403252243995667
38116,0.4958990216255188
38117,0.4958990216255188
38118,0.5681803226470947
38119,0.5681803226470947
38120,0.575077474117279
38121,0.575077474117279
38122,0.5471526384353638
38123,0.5471526384353638
38124,0.5678607225418091
38125,0.5678607225418091
38126,0.5678607225418091
38127,0.4735335111618042
38128,0.4735335111618042
38129,0.4735335111618042
38130,0.4274151027202606
38131,0.40482085943222046
38132,0.4313722848892212
38133,0.4786126911640167
38134,0.45889338850975037
38135,0.3622501790523529
38136,0.2996208369731903
38137,0.32607322931289673
38138,0.42556247115135193
38139,0.25885388255119324
38140,0.3503836989402771
38141,0.39857205748558044
38142,0.36304137110710144
38143,0.3599177300930023
38144,0.3488461971282959
38145,0.35324034094810486
38146,0.364054799079895
38147,0.3777865469455719
38148,0.3426329493522644
38149,0.3054647743701935
38150,0.31884539127349854
38151,0.35213446617126465
38152,0.39931726455688477
38153,0.36140260100364685
38154,0.3488708436489105
38155,0.3577769100666046
38156,0.4229840934276581
38157,0.432665079832077
38158,0.41880741715431213
38159,0.4891384541988373
38160,0.5197048783302307
38161,0.5228712558746338
38162,0.5152963995933533
38163,0.48091691732406616
38164,0.40383192896842957
38165,0.39124801754951477
38166,0.36305442452430725
38167,0.3797069489955902
38168,0.3255313038825989
38169,0.3895292580127716
38170,0.003692429279908538
38171,0.5361241102218628
38172,0.1467573642730713
38173,0.16833779215812683
38174,0.3102763593196869
38175,0.20165947079658508
38176,0.2962755262851715
38177,0.5100538730621338
38178,0.23299811780452728
38179,0.33890384435653687
38180,0.3177620768547058
38181,0.28295987844467163
38182,0.2288544923067093
38183,0.221289724111557
38184,0.21752236783504486
38185,0.21603931486606598
38186,0.3158918619155884
38187,0.30758288502693176
38188,0.3128376603126526
38189,0.30975645780563354
38190,0.28813448548316956
38191,0.285959929227829
38192,0.25740596652030945
38193,0.31863030791282654
38194,0.35339903831481934
38195,0.3418942391872406
38196,0.32957422733306885
38197,0.3035089671611786
38198,0.3715488910675049
38199,0.2869761288166046
38200,0.34300923347473145
38201,0.34902119636535645
38202,0.39030972123146057
38203,0.3452875018119812
38204,0.37785643339157104
38205,0.3784678280353546
38206,0.36349523067474365
38207,0.3287818729877472
38208,0.3637903332710266
38209,0.3199518024921417
38210,0.3346446454524994
38211,0.31592535972595215
38212,0.4069787859916687
38213,0.4211253523826599
38214,0.3751242756843567
38215,0.3190036118030548
38216,0.44094932079315186
38217,0.3820662796497345
38218,0.40017572045326233
38219,0.4063488245010376
38220,0.31377163529396057
38221,0.3906112313270569
38222,0.5106863975524902
38223,0.4253266453742981
38224,0.46165063977241516
38225,0.4529445171356201
38226,0.5076842308044434
38227,0.5303270220756531
38228,0.5191183090209961
38229,0.5151785612106323
38230,0.5888425707817078
38231,0.5048595666885376
38232,0.527682900428772
38233,0.470090389251709
38234,0.5814676880836487
38235,0.4804566204547882
38236,0.41854041814804077
38237,0.4349614083766937
38238,0.4338393807411194
38239,0.4333527684211731
38240,0.4140508770942688
38241,0.5093649625778198
38242,0.5191100835800171
38243,0.4990904629230499
38244,0.4625871777534485
38245,0.516184389591217
38246,0.4920416474342346
38247,0.48166730999946594
38248,0.440937340259552
38249,0.46303167939186096
38250,0.46693313121795654
38251,0.46737369894981384
38252,0.5085473656654358
38253,0.5476358532905579
38254,0.45327427983283997
38255,0.527051568031311
38256,0.49084901809692383
38257,0.4150580167770386
38258,0.35981231927871704
38259,0.356340229511261
38260,0.4171280860900879
38261,0.3725256621837616
38262,0.3363608419895172
38263,0.33934202790260315
38264,0.36944642663002014
38265,0.417339563369751
38266,0.3541378378868103
38267,0.34827572107315063
38268,0.28470370173454285
38269,0.2853635847568512
38270,0.2922429144382477
38271,0.3180719316005707
38272,0.4012100398540497
38273,0.48268812894821167
38274,0.2895352244377136
38275,0.3243247866630554
38276,0.41493794322013855
38277,0.4743362367153168
38278,0.5143035650253296
38279,0.4186612367630005
38280,0.4406261146068573
38281,0.4709499180316925
38282,-0.012545233592391014
38283,0.46262452006340027
38284,0.6067688465118408
38285,0.51950603723526
38286,0.555810272693634
38287,0.3811938166618347
38288,0.3832560181617737
38289,0.642967164516449
38290,0.4577832520008087
38291,0.6091592311859131
38292,0.4881606101989746
38293,0.38598212599754333
38294,0.26061639189720154
38295,0.22435683012008667
38296,0.4056338369846344
38297,0.4330029785633087
38298,0.5459403395652771
38299,0.35313257575035095
38300,0.49697160720825195
38301,0.2865377962589264
38302,0.2767707109451294
38303,0.28731870651245117
38304,0.33280280232429504
38305,0.4571394920349121
38306,0.43483373522758484
38307,-0.033232398331165314
38308,-0.023187486454844475
38309,-0.018716059625148773
38310,-0.018877746537327766
38311,-0.017156627029180527
38312,-0.013548504561185837
38313,0.34936630725860596
38314,0.325806587934494
38315,0.3128134310245514
38316,0.32714128494262695
38317,0.34261950850486755
38318,0.11561772972345352
38319,0.16188377141952515
38320,0.22103245556354523
38321,0.30005645751953125
38322,0.22618785500526428
38323,0.19542038440704346
38324,0.18444319069385529
38325,0.1913585662841797
38326,0.21946054697036743
38327,0.24461594223976135
38328,0.2380092442035675
38329,0.24198852479457855
38330,0.2290375530719757
38331,0.2481093406677246
38332,0.27633991837501526
38333,0.2884089946746826
38334,0.253836452960968
38335,0.19718188047409058
38336,0.2157227247953415
38337,0.17746597528457642
38338,0.18879736959934235
38339,0.19057610630989075
38340,0.20304860174655914
38341,0.20260438323020935
38342,0.20682339370250702
38343,0.19248124957084656
38344,0.2071753740310669
38345,0.27074459195137024
38346,0.279523104429245
38347,0.22053518891334534
38348,0.21421143412590027
38349,0.24237771332263947
38350,0.2213730663061142
38351,0.2491801679134369
38352,0.2028460055589676
38353,0.6397169232368469
38354,0.3256870210170746
38355,0.32683831453323364
38356,0.4040831923484802
38357,0.5383251905441284
38358,0.5295138955116272
38359,0.3946123719215393
38360,0.5254414081573486
38361,0.5738755464553833
38362,0.3811461627483368
38363,0.5187647342681885
38364,0.2235138714313507
38365,0.4765506088733673
38366,0.2733856439590454
38367,0.35643470287323
38368,0.4713400900363922
38369,0.19609908759593964
38370,0.31259387731552124
38371,0.467025488615036
38372,0.33649200201034546
38373,0.5137959718704224
38374,0.565834105014801
38375,0.36562880873680115
38376,0.5837581753730774
38377,-0.03310150280594826
38378,0.6441594362258911
38379,-0.030587466433644295
38380,-0.03143325448036194
38381,-0.03188971057534218
38382,0.3518795073032379
38383,0.34044092893600464
38384,0.39194604754447937
38385,0.5435169339179993
38386,0.2514190971851349
38387,0.3209109306335449
38388,0.05009021610021591
38389,0.20423556864261627
38390,0.1617504060268402
38391,0.22921860218048096
38392,0.19787642359733582
38393,0.24471358954906464
38394,0.3129868805408478
38395,0.18735294044017792
38396,0.1585332155227661
38397,0.19159892201423645
38398,0.11297497153282166
38399,0.23540744185447693
38400,0.19457074999809265
38401,0.278860867023468
38402,0.28556710481643677
38403,0.2790193259716034
38404,0.28687259554862976
38405,0.3519664406776428
38406,0.36440280079841614
38407,0.34860026836395264
38408,0.338434100151062
38409,0.34989121556282043
38410,0.3622186481952667
38411,0.36065685749053955
38412,0.436790406703949
38413,0.41975799202919006
38414,0.43431058526039124
38415,0.41324374079704285
38416,0.3796747624874115
38417,0.4242001473903656
38418,0.24739447236061096
38419,0.2212144136428833
38420,0.2733241319656372
38421,0.2883402109146118
38422,0.32722288370132446
38423,0.32101958990097046
38424,0.32989341020584106
38425,0.31089770793914795
38426,0.28813377022743225
38427,0.2746537923812866
38428,0.21398839354515076
38429,0.2408953458070755
38430,0.2849196493625641
38431,0.3248884081840515
38432,0.3238156735897064
38433,0.3554670810699463
38434,0.31881052255630493
38435,0.27397677302360535
38436,0.2678597867488861
38437,0.2971470057964325
38438,0.30525532364845276
38439,0.3380463123321533
38440,0.31174781918525696
38441,0.2913278341293335
38442,0.2732560336589813
38443,0.24801598489284515
38444,0.26062673330307007
38445,0.2579041123390198
38446,0.29795917868614197
38447,0.3401663601398468
38448,0.28283947706222534
38449,0.33872362971305847
38450,0.3515644967556
38451,0.27030548453330994
38452,0.2720430791378021
38453,0.3228808641433716
38454,0.3399534523487091
38455,0.307992547750473
38456,0.30476927757263184
38457,0.3000066578388214
38458,0.26392900943756104
38459,0.25824013352394104
38460,0.2195158302783966
38461,0.2652610242366791
38462,0.2803514301776886
38463,0.3162401020526886
38464,0.29441413283348083
38465,0.20705372095108032
38466,0.2029416561126709
38467,0.21312381327152252
38468,0.24109946191310883
38469,0.23046880960464478
38470,0.23009487986564636
38471,0.19439581036567688
38472,0.22047756612300873
38473,0.2274632304906845
38474,0.24113419651985168
38475,0.26522865891456604
38476,0.2777494490146637
38477,0.2660020589828491
38478,0.2548644542694092
38479,0.20675639808177948
38480,0.23934468626976013
38481,0.23151442408561707
38482,0.261430948972702
38483,0.23526830971240997
38484,0.25497081875801086
38485,0.23691143095493317
38486,0.2410464584827423
38487,0.27527040243148804
38488,0.23157979547977448
38489,0.2816762626171112
38490,0.2674267888069153
38491,0.26561081409454346
38492,0.2539586126804352
38493,0.22948583960533142
38494,0.24407674372196198
38495,0.24129332602024078
38496,0.24933408200740814
38497,0.24827001988887787
38498,0.28216075897216797
38499,0.26073890924453735
38500,0.296827495098114
38501,0.2624207139015198
38502,0.24947646260261536
38503,0.25975897908210754
38504,0.254987508058548
38505,0.2647154927253723
38506,0.29149654507637024
38507,0.27711328864097595
38508,0.7313916087150574
38509,0.2131907343864441
38510,0.2334384024143219
38511,0.16284087300300598
38512,0.16970394551753998
38513,0.19328029453754425
38514,0.19244588911533356
38515,0.23071269690990448
38516,0.2352556735277176
38517,0.21072393655776978
38518,0.23449811339378357
38519,0.21188068389892578
38520,0.21636295318603516
38521,0.31459444761276245
38522,0.21636739373207092
38523,0.21707098186016083
38524,0.2419130951166153
38525,0.17252275347709656
38526,0.1862826943397522
38527,0.2200116217136383
38528,0.2281486839056015
38529,0.20290930569171906
38530,0.13822035491466522
38531,0.16444550454616547
38532,0.18392769992351532
38533,0.1835138201713562
38534,0.17735067009925842
38535,0.1784655898809433
38536,0.1394302248954773
38537,0.3661705553531647
38538,0.356863796710968
38539,0.31888556480407715
38540,0.21587906777858734
38541,0.22171540558338165
38542,0.17528927326202393
38543,0.18411624431610107
38544,0.19914288818836212
38545,0.20406988263130188
38546,0.1780284196138382
38547,0.18362191319465637
38548,0.18751461803913116
38549,0.19569498300552368
38550,0.19323714077472687
38551,0.2005663514137268
38552,0.20659302175045013
38553,0.19745583832263947
38554,0.19580158591270447
38555,0.1626126915216446
38556,0.1833532750606537
38557,0.21139611303806305
38558,0.1995229572057724
38559,0.20768745243549347
38560,0.20624308288097382
38561,0.1756318360567093
38562,0.16990526020526886
38563,0.1763257384300232
38564,0.19628410041332245
38565,0.1828695684671402
38566,0.17266248166561127
38567,0.169959157705307
38568,0.18785803020000458
38569,0.19016604125499725
38570,0.1333034485578537
38571,0.15895885229110718
38572,0.15462040901184082
38573,0.15545111894607544
38574,0.16534307599067688
38575,0.14399948716163635
38576,0.14951415359973907
38577,0.18056316673755646
38578,0.20005649328231812
38579,0.20058463513851166
38580,0.19590990245342255
38581,0.17761000990867615
38582,0.18682855367660522
38583,0.17507807910442352
38584,0.18686731159687042
38585,0.20338842272758484
38586,0.18421058356761932
38587,0.17294828593730927
38588,0.2056124359369278
38589,0.20927150547504425
38590,0.2180393934249878
38591,0.2234528660774231
38592,0.21551451086997986
38593,0.2187257558107376
38594,0.20797094702720642
38595,0.24157178401947021
38596,0.2656271755695343
38597,0.2673224210739136
38598,0.19373726844787598
38599,0.17908242344856262
38600,0.17918521165847778
38601,0.19074207544326782
38602,0.1929882913827896
38603,0.20821887254714966
38604,0.21811704337596893
38605,0.211456298828125
38606,0.20937728881835938
38607,0.2031203955411911
38608,0.21381622552871704
38609,0.19653873145580292
38610,0.1816379874944687
38611,0.18601784110069275
38612,0.18400336802005768
38613,0.17994776368141174
38614,0.19018353521823883
38615,0.19924764335155487
38616,0.20068389177322388
38617,0.2158345729112625
38618,0.2010023444890976
38619,0.19170527160167694
38620,0.18453827500343323
38621,0.18921247124671936
38622,0.19663946330547333
38623,0.2058107554912567
38624,0.21502605080604553
38625,0.1972169429063797
38626,0.19951854646205902
38627,0.1937093734741211
38628,0.17841589450836182
38629,0.17951756715774536
38630,0.18625162541866302
38631,0.18751460313796997
38632,0.1984860599040985
38633,0.19176074862480164
38634,0.20445743203163147
38635,0.21788930892944336
38636,0.18842437863349915
38637,0.21178920567035675
38638,0.24311946332454681
38639,0.2608967423439026
38640,0.2494969367980957
38641,0.2632327377796173
38642,0.2668655216693878
38643,0.25984904170036316
38644,0.14246971905231476
38645,0.15784931182861328
38646,0.17047525942325592
38647,0.17195844650268555
38648,0.19853466749191284
38649,0.19076883792877197
38650,0.17230047285556793
38651,0.24929404258728027
38652,0.23678436875343323
38653,0.22433611750602722
38654,0.25221872329711914
38655,0.1780516803264618
38656,0.24289043247699738
38657,0.2745479345321655
38658,0.2724553048610687
38659,0.2766045928001404
38660,0.2010682225227356
38661,0.24149873852729797
38662,0.2556777596473694
38663,0.2657276391983032
38664,0.26016658544540405
38665,0.23583292961120605
38666,0.2380826771259308
38667,0.23629233241081238
38668,0.23853185772895813
38669,0.22432292997837067
38670,0.19468770921230316
38671,0.23266491293907166
38672,0.265649676322937
38673,0.2706902325153351
38674,0.2761409878730774
38675,0.23651492595672607
38676,0.25547343492507935
38677,0.2218007743358612
38678,0.2937941253185272
38679,0.24561205506324768
38680,0.3694209158420563
38681,0.2323508858680725
38682,0.3084384500980377
38683,0.4705672264099121
38684,0.2701025605201721
38685,0.2628355920314789
38686,0.3384769558906555
38687,0.346717894077301
38688,0.35266146063804626
38689,0.3201195299625397
38690,0.48227977752685547
38691,0.40664154291152954
38692,0.3210042417049408
38693,0.35218343138694763
38694,0.36290958523750305
38695,0.3691212832927704
38696,0.3201915919780731
38697,0.37300431728363037
38698,0.34133172035217285
38699,0.3521651029586792
38700,0.4224041998386383
38701,0.4528495669364929
38702,0.43341732025146484
38703,0.4090452492237091
38704,0.4588477909564972
38705,0.4829258322715759
38706,0.4286841154098511
38707,0.3528327941894531
38708,0.4460863471031189
38709,0.4299356937408447
38710,0.419851690530777
38711,0.515689492225647
38712,0.39591383934020996
38713,0.3382892310619354
38714,0.6530575156211853
38715,0.7418441772460938
38716,0.6201148629188538
38717,0.6654984951019287
38718,0.5321557521820068
38719,0.4858528673648834
38720,0.3875395357608795
38721,0.36775052547454834
38722,0.3266777992248535
38723,-0.03242725878953934
38724,-0.03451722487807274
38725,-0.03458087518811226
38726,-0.033268410712480545
38727,-0.033019907772541046
38728,0.45572420954704285
38729,0.4152628481388092
38730,-0.03269370272755623
38731,-0.03206047788262367
38732,0.013130434788763523
38733,0.5171716213226318
38734,0.440146267414093
38735,0.34322869777679443
38736,0.051564134657382965
38737,-0.0006914301193319261
38738,0.2134619951248169
38739,0.3752337396144867
38740,0.3066423237323761
38741,0.2518402934074402
38742,0.22232741117477417
38743,0.24592287838459015
38744,0.005282938480377197
38745,0.004114959388971329
38746,0.016277501359581947
38747,0.024151496589183807
38748,0.39939409494400024
38749,-0.03217211365699768
38750,-0.032566722482442856
38751,-0.031543001532554626
38752,-0.03165862336754799
38753,0.36494070291519165
38754,-0.03365255147218704
38755,-0.03398313373327255
38756,-0.0328822024166584
38757,-0.03343436121940613
38758,-0.012520961463451385
38759,-0.008596276864409447
38760,-0.01646149903535843
38761,-0.020475182682275772
38762,-0.02151188999414444
38763,-0.0059119462966918945
38764,0.488733172416687
38765,0.4714772403240204
38766,-0.022407159209251404
38767,-0.011269248090684414
38768,-0.009161945432424545
38769,-0.012276921421289444
38770,-0.015415617264807224
38771,-0.013444727286696434
38772,-0.013185104355216026
38773,-0.015720980241894722
38774,-0.012543706223368645
38775,-0.01110850926488638
38776,-0.009999857284128666
38777,-0.021665941923856735
38778,-0.01834295131266117
38779,-0.01919974572956562
38780,-0.02022453211247921
38781,-0.019671469926834106
38782,-0.022824745625257492
38783,-0.016434915363788605
38784,0.011087827384471893
38785,-0.008007197640836239
38786,0.5302533507347107
38787,-0.03383321687579155
38788,-0.0334172397851944
38789,-0.03340965881943703
38790,-0.01705751195549965
38791,-0.033009570091962814
38792,-0.03347806632518768
38793,-0.03338850289583206
38794,-0.03327333554625511
38795,-0.033546414226293564
38796,-0.03410626947879791
38797,-0.03435549512505531
38798,-0.03304630517959595
38799,-0.03349677473306656
38800,-0.034269481897354126
38801,-0.03456706926226616
38802,-0.014862596057355404
38803,-0.01831490360200405
38804,-0.013803374022245407
38805,0.4951532185077667
38806,-0.011282222345471382
38807,-0.005173182114958763
38808,-0.011204301379621029
38809,-0.033689580857753754
38810,-0.03406278416514397
38811,-0.03412381187081337
38812,-0.033770833164453506
38813,-0.03427625447511673
38814,-0.03386186063289642
38815,-0.034087885171175
38816,-0.03464696928858757
38817,0.5916802883148193
38818,0.5411072373390198
38819,0.4753725826740265
38820,0.5237171649932861
38821,0.5694671869277954
38822,-0.03446200489997864
38823,0.3110763728618622
38824,0.3333956301212311
38825,0.32452160120010376
38826,0.3472616672515869
38827,0.2627706527709961
38828,0.3877464830875397
38829,0.36025264859199524
38830,0.3867310583591461
38831,0.28663718700408936
38832,0.40358173847198486
38833,0.35809090733528137
38834,0.35296350717544556
38835,0.3407640755176544
38836,0.3550620973110199
38837,0.35041022300720215
38838,0.3713720142841339
38839,0.3538447320461273
38840,0.26623860001564026
38841,0.2523835003376007
38842,0.312709242105484
38843,0.3113376796245575
38844,0.2993108332157135
38845,0.3652952015399933
38846,0.3714756369590759
38847,0.4301760494709015
38848,0.4059935212135315
38849,0.272710919380188
38850,0.36499670147895813
38851,0.29592007398605347
38852,0.36609381437301636
38853,0.35959362983703613
38854,0.3761107921600342
38855,0.4464323818683624
38856,0.32920366525650024
38857,0.33437585830688477
38858,0.5156453847885132
38859,0.5213457345962524
38860,0.38836726546287537
38861,0.43960878252983093
38862,0.4357932507991791
38863,0.43973109126091003
38864,0.4089222550392151
38865,0.35835427045822144
38866,0.33784931898117065
38867,0.5207629799842834
38868,0.3167683184146881
38869,0.27876949310302734
38870,-0.03492548316717148
38871,-0.034500766545534134
38872,-0.03449653089046478
38873,-0.034565750509500504
38874,-0.03394390270113945
38875,-0.03348680958151817
38876,-0.034590285271406174
38877,0.26724138855934143
38878,0.2735805809497833
38879,0.3305295407772064
38880,-0.03242725878953934
38881,-0.03222593292593956
38882,-0.03202410787343979
38883,0.6042665243148804
38884,0.23353219032287598
38885,-0.0054677375592291355
38886,0.42394405603408813
38887,-0.015331093221902847
38888,-0.015060522593557835
38889,-0.01974373310804367
38890,0.4184502363204956
38891,0.2717638313770294
38892,0.2543933093547821
38893,-0.0319153256714344
38894,-0.031559355556964874
38895,0.2997242212295532
38896,0.2958381772041321
38897,0.41773173213005066
38898,0.4638728201389313
38899,0.406919002532959
38900,0.4560084939002991
38901,0.3000040352344513
38902,0.3047526776790619
38903,0.46449023485183716
38904,0.4398054778575897
38905,-0.033994145691394806
38906,0.3474489748477936
38907,0.19370532035827637
38908,0.1360025703907013
38909,0.21042808890342712
38910,0.21000388264656067
38911,0.3668212592601776
38912,0.4144397974014282
38913,0.42284658551216125
38914,0.3142485022544861
38915,0.32480496168136597
38916,0.3079689145088196
38917,0.41450050473213196
38918,0.5538492798805237
38919,0.38885360956192017
38920,0.426106721162796
38921,0.5071872472763062
38922,0.18775391578674316
38923,0.3529280424118042
38924,0.33546504378318787
38925,0.584026575088501
38926,0.49232757091522217
38927,0.15906429290771484
38928,0.43346527218818665
38929,0.6777635216712952
38930,0.1654735952615738
38931,0.30520203709602356
38932,0.19910408556461334
38933,-0.034318916499614716
38934,0.47618094086647034
38935,0.24985165894031525
38936,0.43825599551200867
38937,0.43602168560028076
38938,0.4628150165081024
38939,0.35449567437171936
38940,0.30344223976135254
38941,0.4362151622772217
38942,0.401543527841568
38943,0.3007146716117859
38944,0.33280250430107117
38945,0.29629892110824585
38946,0.6900964379310608
38947,0.35417068004608154
38948,0.5160838961601257
38949,0.4646092355251312
38950,0.3522186875343323
38951,0.2942275404930115
38952,0.4809226393699646
38953,0.22330492734909058
38954,0.3166050314903259
38955,0.496450275182724
38956,0.4910653531551361
38957,0.44207265973091125
38958,0.5192424654960632
38959,0.24115273356437683
38960,0.434261679649353
38961,0.24190610647201538
38962,0.25969743728637695
38963,0.7703660726547241
38964,0.05744984373450279
38965,0.058014124631881714
38966,0.059035733342170715
38967,0.0650973692536354
38968,0.06767261028289795
38969,0.07461337000131607
38970,0.08093148469924927
38971,0.08801750838756561
38972,0.10801570862531662
38973,0.09396767616271973
38974,-0.02279040776193142
38975,-0.02212023362517357
38976,0.4925558269023895
38977,-0.021303119137883186
38978,-0.02005867473781109
38979,-0.02135580964386463
38980,-0.021802933886647224
38981,0.3311964273452759
38982,-0.02272157371044159
38983,-0.01985013298690319
38984,0.32420527935028076
38985,0.21256710588932037
38986,0.3477681875228882
38987,0.33916065096855164
38988,0.6550969481468201
38989,0.19939889013767242
38990,0.295138955116272
38991,0.5506154298782349
38992,0.2925519049167633
38993,0.40242573618888855
38994,0.5071708559989929
38995,0.3277572989463806
38996,0.29517656564712524
38997,0.29773208498954773
38998,0.20641547441482544
38999,-0.03719567134976387
39000,0.22719065845012665
39001,0.3354963958263397
39002,0.29727989435195923
39003,0.2178644984960556
39004,0.2940773665904999
39005,0.29851973056793213
39006,0.3021211326122284
39007,0.3182893693447113
39008,0.2936438322067261
39009,0.2751917839050293
39010,0.22759567201137543
39011,0.30791497230529785
39012,0.3010476529598236
39013,0.3100208342075348
39014,0.31550389528274536
39015,0.2691628634929657
39016,0.4045620262622833
39017,0.2776193618774414
39018,0.23912151157855988
39019,0.2758292555809021
39020,0.18086296319961548
39021,0.24240602552890778
39022,0.26551133394241333
39023,0.09751422703266144
39024,0.4076341688632965
39025,0.24678705632686615
39026,0.26202479004859924
39027,0.1786821037530899
39028,0.18356560170650482
39029,0.44563028216362
39030,0.2772746980190277
39031,0.2663407325744629
39032,0.2952510118484497
39033,0.4560622572898865
39034,0.3845723569393158
39035,0.361456036567688
39036,0.537371814250946
39037,0.4627666175365448
39038,0.3430606424808502
39039,0.5383984446525574
39040,0.3974386751651764
39041,0.22526900470256805
39042,0.6888644695281982
39043,0.5882028937339783
39044,0.6390044689178467
39045,0.6008279323577881
39046,0.6573680639266968
39047,0.39092642068862915
39048,0.1926451474428177
39049,0.23863621056079865
39050,0.20424120128154755
39051,0.21036341786384583
39052,0.1731366366147995
39053,0.45845070481300354
39054,0.42889758944511414
39055,0.4754646420478821
39056,0.46591028571128845
39057,0.36739757657051086
39058,0.36739757657051086
39059,0.36739757657051086
39060,0.3815881609916687
39061,0.3747400641441345
39062,0.43330833315849304
39063,0.23434385657310486
39064,0.1848376989364624
39065,0.3132099509239197
39066,0.43552809953689575
39067,0.35672837495803833
39068,0.33334046602249146
39069,0.2769632637500763
39070,0.25741368532180786
39071,0.31296655535697937
39072,0.31056007742881775
39073,0.2673203945159912
39074,0.323798805475235
39075,0.3919007480144501
39076,0.3729012608528137
39077,0.32881033420562744
39078,0.3539746403694153
39079,0.31469038128852844
39080,0.3773016929626465
39081,0.3843901455402374
39082,0.3715290427207947
39083,0.38435861468315125
39084,0.21416783332824707
39085,0.23375308513641357
39086,0.2794903516769409
39087,0.22128906846046448
39088,0.4899633526802063
39089,0.42185473442077637
39090,0.3384266793727875
39091,0.47330009937286377
39092,0.16695332527160645
39093,0.4400569498538971
39094,0.5700843930244446
39095,0.6729603409767151
39096,0.6156659126281738
39097,0.36897313594818115
39098,0.3652490973472595
39099,0.5152550339698792
39100,0.44698596000671387
39101,0.46875160932540894
39102,0.33392393589019775
39103,0.21622425317764282
39104,0.31573522090911865
39105,0.248946875333786
39106,0.2315993458032608
39107,0.4386883080005646
39108,0.24010616540908813
39109,0.29372960329055786
39110,0.272179514169693
39111,0.4288765490055084
39112,0.43015792965888977
39113,0.4848204553127289
39114,0.29892200231552124
39115,0.24437762796878815
39116,0.22080199420452118
39117,0.23744738101959229
39118,0.246454656124115
39119,0.2533951997756958
39120,0.1859225332736969
39121,0.3692294657230377
39122,0.6014435887336731
39123,0.4760925769805908
39124,0.5835442543029785
39125,0.5699377059936523
39126,0.27230799198150635
39127,0.2711382508277893
39128,0.39527642726898193
39129,0.254637211561203
39130,0.4327452480792999
39131,0.28073012828826904
39132,0.3079385459423065
39133,0.36903420090675354
39134,0.3095703423023224
39135,0.2725101113319397
39136,0.3506159484386444
39137,0.37192878127098083
39138,0.3375653326511383
39139,0.28265970945358276
39140,0.2499888837337494
39141,0.4286801218986511
39142,0.38965439796447754
39143,0.36449185013771057
39144,0.4745924770832062
39145,0.2253974974155426
39146,0.4609183967113495
39147,0.39928850531578064
39148,0.5314308404922485
39149,0.44128328561782837
39150,0.23765234649181366
39151,0.2980343699455261
39152,0.3230760395526886
39153,0.26807543635368347
39154,0.27285128831863403
39155,0.3010610044002533
39156,0.39691823720932007
39157,0.32676199078559875
39158,0.49089542031288147
39159,0.2841920554637909
39160,0.2280583530664444
39161,0.275863915681839
39162,0.22947579622268677
39163,0.35682711005210876
39164,0.2289835661649704
39165,0.2140183001756668
39166,0.1991785168647766
39167,0.15688283741474152
39168,0.18353591859340668
39169,0.6923454999923706
39170,0.28752413392066956
39171,0.3813806176185608
39172,0.560504138469696
39173,0.5017579793930054
39174,0.3035569489002228
39175,0.20142801105976105
39176,0.20980066061019897
39177,0.3058772385120392
39178,0.4838014245033264
39179,0.6795032024383545
39180,0.6972708702087402
39181,0.6330332159996033
39182,0.6490368247032166
39183,0.22957739233970642
39184,0.3563893437385559
39185,0.2779538333415985
39186,0.3577116131782532
39187,0.26625820994377136
39188,0.26225724816322327
39189,0.3246457576751709
39190,0.3269577920436859
39191,0.33996525406837463
39192,0.28002026677131653
39193,0.2676038444042206
39194,0.30653974413871765
39195,0.2523043155670166
39196,0.3353748321533203
39197,0.37390249967575073
39198,0.2017941027879715
39199,0.3486054241657257
39200,0.3076477646827698
39201,0.2626764178276062
39202,0.3919914960861206
39203,0.32540494203567505
39204,0.2741578221321106
39205,0.26748406887054443
39206,0.23701675236225128
39207,0.27906256914138794
39208,0.25513121485710144
39209,0.23533029854297638
39210,0.2698429226875305
39211,0.319755494594574
39212,0.4736070930957794
39213,0.4269958734512329
39214,0.27859097719192505
39215,0.21115973591804504
39216,0.5011616349220276
39217,0.24044103920459747
39218,0.2506170868873596
39219,0.25189778208732605
39220,0.2226705253124237
39221,0.33130186796188354
39222,0.4722048044204712
39223,0.31821098923683167
39224,0.3755437731742859
39225,0.3899495303630829
39226,0.3402044177055359
39227,0.41324758529663086
39228,0.3640395402908325
39229,0.35179010033607483
39230,0.22510501742362976
39231,0.24128611385822296
39232,0.4001580774784088
39233,0.33611172437667847
39234,0.1372823566198349
39235,0.2604764997959137
39236,0.5815485715866089
39237,0.42236536741256714
39238,0.37153905630111694
39239,0.4255734384059906
39240,0.43002787232398987
39241,0.5808095932006836
39242,0.7157247066497803
39243,0.5143383741378784
39244,0.4396025836467743
39245,0.4148137867450714
39246,0.33183521032333374
39247,0.20088733732700348
39248,0.3928776979446411
39249,0.41898903250694275
39250,0.5281184315681458
39251,0.29674023389816284
39252,0.289175808429718
39253,0.22689136862754822
39254,0.21234409511089325
39255,0.23451557755470276
39256,0.37766769528388977
39257,0.29104986786842346
39258,0.32933416962623596
39259,0.334170401096344
39260,0.39137545228004456
39261,0.3699120581150055
39262,0.4390747845172882
39263,0.2773086428642273
39264,0.2990242838859558
39265,0.2415103316307068
39266,0.43225425481796265
39267,0.446948379278183
39268,0.48873546719551086
39269,0.3142710328102112
39270,0.36012718081474304
39271,0.4585215747356415
39272,0.5380895137786865
39273,0.5091705322265625
39274,0.39785876870155334
39275,0.3641458749771118
39276,0.3845260441303253
39277,0.36787310242652893
39278,0.30452045798301697
39279,0.3255704641342163
39280,0.28900519013404846
39281,0.4513944089412689
39282,0.3862602710723877
39283,0.4192887842655182
39284,0.40842223167419434
39285,0.42977017164230347
39286,0.27524736523628235
39287,0.2205018252134323
39288,0.24236810207366943
39289,0.24999673664569855
39290,0.1936192512512207
39291,0.22600319981575012
39292,0.2792645990848541
39293,0.29735806584358215
39294,0.26015838980674744
39295,0.1927221268415451
39296,0.24034766852855682
39297,0.3442978262901306
39298,0.3625808358192444
39299,0.24942120909690857
39300,0.2190406322479248
39301,0.44038110971450806
39302,0.20009638369083405
39303,0.14907203614711761
39304,0.2711043953895569
39305,0.372504323720932
39306,0.43098175525665283
39307,0.42656630277633667
39308,0.5202927589416504
39309,0.2703076899051666
39310,0.3927266299724579
39311,0.36042320728302
39312,0.36911287903785706
39313,0.30798667669296265
39314,0.3522813618183136
39315,0.43860602378845215
39316,0.33012712001800537
39317,0.49355071783065796
39318,0.2716408967971802
39319,0.3027632534503937
39320,0.23971667885780334
39321,0.2252226322889328
39322,0.2351248562335968
39323,0.31357499957084656
39324,0.33921921253204346
39325,0.32317227125167847
39326,0.3131469488143921
39327,0.3521074056625366
39328,0.5380468964576721
39329,0.5466224551200867
39330,0.42048850655555725
39331,0.6064077615737915
39332,0.3750859200954437
39333,0.3506239652633667
39334,0.4123042821884155
39335,0.3786833584308624
39336,0.2757948338985443
39337,0.28444334864616394
39338,0.3623473644256592
39339,0.37044209241867065
39340,0.3629823625087738
39341,0.3623473644256592
39342,0.42132318019866943
39343,0.35870248079299927
39344,0.3820059895515442
39345,0.23387834429740906
39346,0.2695983052253723
39347,0.2387911081314087
39348,0.31775790452957153
39349,0.284272700548172
39350,0.27111709117889404
39351,0.2619951367378235
39352,0.46742376685142517
39353,0.3151106834411621
39354,0.23923641443252563
39355,0.20825760066509247
39356,0.1925312876701355
39357,0.15516386926174164
39358,0.21613991260528564
39359,0.266447514295578
39360,0.29223349690437317
39361,0.2515318989753723
39362,0.19129040837287903
39363,0.2335783988237381
39364,0.302558034658432
39365,0.4527854025363922
39366,0.36932411789894104
39367,0.3849564492702484
39368,0.3252074122428894
39369,0.4133230745792389
39370,0.42683175206184387
39371,0.3258900046348572
39372,0.3801251947879791
39373,0.3070859909057617
39374,0.2120259702205658
39375,0.34465521574020386
39376,0.39052194356918335
39377,0.3600466549396515
39378,0.3286207318305969
39379,0.36909303069114685
39380,0.4691053032875061
39381,0.2529115378856659
39382,0.2818169891834259
39383,0.32900217175483704
39384,0.27925845980644226
39385,0.2665086090564728
39386,0.2592128813266754
39387,0.2277122139930725
39388,0.4819874167442322
39389,0.3784589469432831
39390,0.3966255486011505
39391,0.317374050617218
39392,0.38159775733947754
39393,0.32087182998657227
39394,0.21280218660831451
39395,0.3229984641075134
39396,0.4713101089000702
39397,0.5084852576255798
39398,0.22731836140155792
39399,0.26158198714256287
39400,0.18594160676002502
39401,0.1988993138074875
39402,0.24613305926322937
39403,0.3284204602241516
39404,0.24641884863376617
39405,0.3710644543170929
39406,0.3095764219760895
39407,0.1891453117132187
39408,0.2871338725090027
39409,0.2486383020877838
39410,0.24732255935668945
39411,0.2561922073364258
39412,0.23633986711502075
39413,0.22304193675518036
39414,0.4193982779979706
39415,0.32393255829811096
39416,0.31925854086875916
39417,0.3697674870491028
39418,0.2576933205127716
39419,0.2759307026863098
39420,0.46509647369384766
39421,0.35834529995918274
39422,0.366504967212677
39423,0.4424939751625061
39424,0.2450220137834549
39425,0.331725537776947
39426,0.3911755084991455
39427,0.4026165306568146
39428,0.27210068702697754
39429,0.4883776307106018
39430,0.3356572091579437
39431,0.23725661635398865
39432,0.24054014682769775
39433,0.415465772151947
39434,0.31391552090644836
39435,0.47270965576171875
39436,0.4415718615055084
39437,0.393859326839447
39438,0.30729302763938904
39439,0.2088816612958908
39440,0.494368314743042
39441,0.5908246040344238
39442,0.47249478101730347
39443,0.32361146807670593
39444,0.19304466247558594
39445,0.39262959361076355
39446,0.4532216489315033
39447,0.364917516708374
39448,0.248254656791687
39449,0.7050696611404419
39450,0.6850628852844238
39451,0.34600532054901123
39452,0.3510693907737732
39453,0.19971568882465363
39454,0.2911282777786255
39455,0.3063918948173523
39456,0.26686474680900574
39457,0.5069262981414795
39458,0.5625249147415161
39459,0.3077944815158844
39460,0.20093970000743866
39461,0.2529045045375824
39462,0.32909324765205383
39463,0.26343128085136414
39464,0.2750594913959503
39465,0.27095288038253784
39466,0.3093714416027069
39467,0.2760571241378784
39468,0.5450502634048462
39469,0.497111976146698
39470,0.20542311668395996
39471,0.33963489532470703
39472,0.3978244662284851
39473,0.43577224016189575
39474,0.33034124970436096
39475,0.37418943643569946
39476,0.458722859621048
39477,0.42940378189086914
39478,0.21126334369182587
39479,0.4417961537837982
39480,0.4600788354873657
39481,0.3919532299041748
39482,0.3243332505226135
39483,0.26188620924949646
39484,0.2086685299873352
39485,0.16434942185878754
39486,0.35263094305992126
39487,0.3843519687652588
39488,0.4574441611766815
39489,0.2593957781791687
39490,0.3641417622566223
39491,0.4177701771259308
39492,0.36229372024536133
39493,0.5120647549629211
39494,0.39853569865226746
39495,0.7918558120727539
39496,0.47594359517097473
39497,0.3702732026576996
39498,0.4172883629798889
39499,0.4268658757209778
39500,0.3162027597427368
39501,0.32911252975463867
39502,0.3495907485485077
39503,0.3102821409702301
39504,0.37401318550109863
39505,0.24852672219276428
39506,0.452333003282547
39507,0.3825618624687195
39508,0.5013625621795654
39509,0.3098512291908264
39510,0.2718680202960968
39511,0.30214327573776245
39512,0.5876445770263672
39513,0.5797216892242432
39514,0.6115450859069824
39515,0.6638392210006714
39516,0.5866478085517883
39517,0.5960467457771301
39518,0.5542964935302734
39519,0.643566370010376
39520,0.5061787962913513
39521,0.4987262189388275
39522,0.7935963869094849
39523,0.7589113712310791
39524,0.7474302053451538
39525,0.36753398180007935
39526,0.34682998061180115
39527,0.34256595373153687
39528,0.29188016057014465
39529,0.2889857888221741
39530,0.22530978918075562
39531,0.22247129678726196
39532,0.22804918885231018
39533,0.2831242084503174
39534,0.26461049914360046
39535,0.28013235330581665
39536,0.28037941455841064
39537,0.28525954484939575
39538,0.37923145294189453
39539,0.43171682953834534
39540,0.2522408068180084
39541,0.34226715564727783
39542,0.42931726574897766
39543,0.3306545317173004
39544,0.332235723733902
39545,0.3929787874221802
39546,0.31614699959754944
39547,0.33475014567375183
39548,0.5540254712104797
39549,0.31049349904060364
39550,0.28627797961235046
39551,0.35921308398246765
39552,0.36664608120918274
39553,0.1989542543888092
39554,0.2555834650993347
39555,0.2298283725976944
39556,0.655796468257904
39557,0.5921759605407715
39558,0.7122843861579895
39559,0.7129676342010498
39560,0.6615651845932007
39561,0.33033695816993713
39562,0.35279715061187744
39563,0.25943896174430847
39564,0.26567551493644714
39565,0.21778246760368347
39566,0.31144481897354126
39567,0.6149461269378662
39568,0.6378627419471741
39569,0.6269022226333618
39570,0.6069371104240417
39571,0.3882349133491516
39572,0.3858104944229126
39573,0.38317540287971497
39574,0.48112136125564575
39575,0.48137128353118896
39576,0.3828241229057312
39577,0.32427042722702026
39578,0.7590067386627197
39579,0.38044992089271545
39580,0.16065236926078796
39581,0.22769874334335327
39582,0.28707316517829895
39583,0.336126446723938
39584,0.32762274146080017
39585,0.43337318301200867
39586,0.29157108068466187
39587,0.2676280736923218
39588,0.22300861775875092
39589,0.7629066705703735
39590,0.4372909963130951
39591,0.6051633954048157
39592,0.6236165165901184
39593,0.7177525758743286
39594,0.6725294589996338
39595,0.6725294589996338
39596,0.7103739380836487
39597,0.6780586242675781
39598,0.6696262955665588
39599,0.6853839159011841
39600,0.2854413390159607
39601,0.2325531244277954
39602,0.38718217611312866
39603,0.3156459331512451
39604,0.14277490973472595
39605,0.2196311205625534
39606,0.3300084173679352
39607,0.3099420368671417
39608,0.5564572215080261
39609,0.4450310468673706
39610,0.4160235822200775
39611,0.30093449354171753
39612,0.36091065406799316
39613,0.44071632623672485
39614,0.40372440218925476
39615,0.40414929389953613
39616,0.4332300126552582
39617,0.3631904125213623
39618,0.44562411308288574
39619,0.37904343008995056
39620,0.3460583984851837
39621,0.1414891481399536
39622,0.4394057095050812
39623,0.5070920586585999
39624,0.5841173529624939
39625,0.5239877700805664
39626,0.4977804720401764
39627,0.5096678137779236
39628,0.21261821687221527
39629,0.23792243003845215
39630,0.25353094935417175
39631,0.24602289497852325
39632,0.38107502460479736
39633,0.2405019849538803
39634,0.4177241623401642
39635,0.2757682800292969
39636,0.3224908709526062
39637,0.3803178369998932
39638,0.32911646366119385
39639,0.33512192964553833
39640,0.3012506067752838
39641,0.330219030380249
39642,0.3303418755531311
39643,0.20467400550842285
39644,0.5751046538352966
39645,0.36790287494659424
39646,0.32533517479896545
39647,0.20697399973869324
39648,0.3632359206676483
39649,0.1959896981716156
39650,0.20778769254684448
39651,0.22980894148349762
39652,0.27564385533332825
39653,0.2343747764825821
39654,0.2504584491252899
39655,0.2434556782245636
39656,0.458352655172348
39657,0.390428751707077
39658,0.45118170976638794
39659,0.5408090353012085
39660,0.495768666267395
39661,0.23699764907360077
39662,0.43937385082244873
39663,0.3268601894378662
39664,0.3846680521965027
39665,0.22139456868171692
39666,0.3605223000049591
39667,0.3675091862678528
39668,0.32033833861351013
39669,0.2798096239566803
39670,0.2689281105995178
39671,0.33023351430892944
39672,0.3223206698894501
39673,0.2547653317451477
39674,0.3091091215610504
39675,0.2200300395488739
39676,0.2978545129299164
39677,0.306501179933548
39678,0.3546629846096039
39679,0.46339327096939087
39680,0.414980411529541
39681,0.4283636510372162
39682,0.546126127243042
39683,0.09286166727542877
39684,0.08212798833847046
39685,0.010221384465694427
39686,0.016188310459256172
39687,0.0029676957055926323
39688,-2.6487616196391173e-05
39689,2.0164850866422057e-05
39690,0.44177308678627014
39691,0.3588027358055115
39692,0.2940293550491333
39693,0.47091564536094666
39694,0.28395703434944153
39695,0.23518624901771545
39696,0.3138691484928131
39697,0.35961174964904785
39698,0.38270384073257446
39699,-0.011607473716139793
39700,-0.014262559823691845
39701,-0.01564449816942215
39702,-0.010730430483818054
39703,-0.01160493865609169
39704,0.2771174907684326
39705,0.37440767884254456
39706,0.4126593768596649
39707,0.5160015821456909
39708,0.4520184099674225
39709,0.2656445801258087
39710,0.2518279552459717
39711,0.42374467849731445
39712,0.40767213702201843
39713,0.3932819366455078
39714,0.42854586243629456
39715,0.34080052375793457
39716,0.2473209798336029
39717,0.31568780541419983
39718,0.3525289297103882
39719,0.3081955015659332
39720,0.2237355262041092
39721,0.24091631174087524
39722,0.2807866632938385
39723,0.34724247455596924
39724,0.2567202150821686
39725,0.38881784677505493
39726,0.37635427713394165
39727,0.30853962898254395
39728,0.2958754599094391
39729,0.2929110825061798
39730,0.23877200484275818
39731,0.29503223299980164
39732,0.2881883680820465
39733,0.5084158182144165
39734,0.41930508613586426
39735,0.4468682110309601
39736,0.44028493762016296
39737,0.39107006788253784
39738,0.3040539622306824
39739,0.3439449071884155
39740,0.2653651535511017
39741,0.37896180152893066
39742,0.3016510307788849
39743,0.8064234852790833
39744,0.7223494648933411
39745,0.33679693937301636
39746,0.2799864709377289
39747,0.4188341200351715
39748,0.3134254217147827
39749,0.3834485411643982
39750,0.2987385094165802
39751,0.302284300327301
39752,0.3245067298412323
39753,0.3258056044578552
39754,0.32519376277923584
39755,0.27669012546539307
39756,0.249417245388031
39757,0.2818794250488281
39758,0.26923853158950806
39759,0.3091294467449188
39760,0.3013205826282501
39761,0.29842498898506165
39762,0.27846792340278625
39763,0.26732149720191956
39764,0.39401954412460327
39765,0.3582718074321747
39766,0.3871433436870575
39767,0.333551824092865
39768,0.29592809081077576
39769,0.3007032871246338
39770,0.3583790063858032
39771,0.3645777404308319
39772,0.20765100419521332
39773,0.2696676552295685
39774,0.22420531511306763
39775,0.2461879700422287
39776,0.2867025136947632
39777,0.26397261023521423
39778,0.22502656280994415
39779,0.17174583673477173
39780,0.10925572365522385
39781,0.11816056072711945
39782,0.3522341549396515
39783,0.40371280908584595
39784,0.36635351181030273
39785,0.4066891670227051
39786,0.3770514130592346
39787,0.29990726709365845
39788,0.4616965651512146
39789,0.37270644307136536
39790,0.41616931557655334
39791,0.4055146276950836
39792,0.2939617931842804
39793,-0.023461362347006798
39794,-0.012766161933541298
39795,0.5033083558082581
39796,0.21776525676250458
39797,0.32160717248916626
39798,0.2558571696281433
39799,0.28997641801834106
39800,0.26001664996147156
39801,0.3107973635196686
39802,0.37619471549987793
39803,0.4060264825820923
39804,0.3837108612060547
39805,0.32446134090423584
39806,0.4275131821632385
39807,0.4440256655216217
39808,0.3643689751625061
39809,0.31359148025512695
39810,0.30811911821365356
39811,0.23650918900966644
39812,0.2553367018699646
39813,0.334199994802475
39814,0.3302617371082306
39815,0.25861066579818726
39816,0.31679850816726685
39817,0.2537235915660858
39818,0.29742732644081116
39819,0.3534194529056549
39820,0.44413110613822937
39821,0.5478213429450989
39822,0.2911742627620697
39823,0.21589583158493042
39824,0.3542911410331726
39825,0.21756000816822052
39826,0.45935603976249695
39827,0.3210064172744751
39828,0.3262012004852295
39829,0.25449028611183167
39830,0.2572266757488251
39831,0.23410098254680634
39832,0.34685832262039185
39833,0.33765605092048645
39834,0.3266514241695404
39835,0.43408042192459106
39836,0.34468209743499756
39837,0.4544444680213928
39838,0.33302760124206543
39839,0.46024376153945923
39840,0.29579851031303406
39841,0.24085436761379242
39842,0.2642781138420105
39843,0.5025995969772339
39844,0.28202545642852783
39845,0.2869081497192383
39846,0.17877399921417236
39847,0.36097201704978943
39848,0.30332309007644653
39849,0.2732366621494293
39850,0.2598313093185425
39851,0.24975743889808655
39852,0.2675834000110626
39853,0.3445287048816681
39854,0.2979840040206909
39855,0.3612831234931946
39856,0.3653568625450134
39857,0.7105033993721008
39858,0.24860700964927673
39859,0.40373849868774414
39860,0.22923682630062103
39861,0.31996041536331177
39862,0.3381616175174713
39863,0.34141260385513306
39864,0.39374929666519165
39865,0.5174745917320251
39866,0.3129356801509857
39867,0.37820950150489807
39868,0.4464285969734192
39869,0.3686384856700897
39870,0.2888782024383545
39871,0.41739973425865173
39872,0.4649820327758789
39873,0.2523854374885559
39874,0.23954428732395172
39875,0.18659192323684692
39876,0.6073784828186035
39877,0.22943785786628723
39878,0.31728923320770264
39879,0.3433617353439331
39880,0.41156238317489624
39881,0.30504506826400757
39882,0.36336860060691833
39883,0.5495485067367554
39884,0.4341278076171875
39885,0.32270145416259766
39886,0.4271477162837982
39887,0.6353785395622253
39888,0.5327507257461548
39889,0.5718643665313721
39890,0.409015417098999
39891,0.41620492935180664
39892,0.3697386085987091
39893,0.41182848811149597
39894,0.40071773529052734
39895,0.28717896342277527
39896,0.32109785079956055
39897,0.5182458162307739
39898,0.394784152507782
39899,0.2798314392566681
39900,0.30331721901893616
39901,0.3728652596473694
39902,0.41612255573272705
39903,0.2828731834888458
39904,0.2813967764377594
39905,0.21784855425357819
39906,0.2479652315378189
39907,0.138674795627594
39908,0.3695743978023529
39909,0.2880745232105255
39910,0.4989054799079895
39911,0.4928514063358307
39912,0.380875825881958
39913,0.45088112354278564
39914,0.35901734232902527
39915,0.617292046546936
39916,0.5669997334480286
39917,0.6406365036964417
39918,0.5184580683708191
39919,0.47876879572868347
39920,0.6172993183135986
39921,0.631430447101593
39922,0.596146821975708
39923,0.6295823454856873
39924,0.6063337326049805
39925,0.6158270835876465
39926,0.5912670493125916
39927,0.5509244203567505
39928,0.5051065683364868
39929,0.5609958171844482
39930,0.5263997316360474
39931,0.593576192855835
39932,0.7118262648582458
39933,0.6475191116333008
39934,0.4793378710746765
39935,0.6091307401657104
39936,0.6016920804977417
39937,0.5126485824584961
39938,0.5076841711997986
39939,0.5590794086456299
39940,0.5590794086456299
39941,0.42991065979003906
39942,0.42991065979003906
39943,0.4840955436229706
39944,0.3893328905105591
39945,0.5647664666175842
39946,0.44411501288414
39947,0.49393928050994873
39948,0.22072024643421173
39949,0.36294040083885193
39950,0.36676719784736633
39951,0.41964852809906006
39952,0.34508422017097473
39953,0.3164520561695099
39954,0.2368880659341812
39955,0.529365062713623
39956,0.5462252497673035
39957,0.1914670169353485
39958,0.46960219740867615
39959,0.5117911696434021
39960,0.2074277698993683
39961,0.2871144413948059
39962,0.21111035346984863
39963,0.234612837433815
39964,0.24186266958713531
39965,0.3436879515647888
39966,0.4925161302089691
39967,0.3054637312889099
39968,0.26623067259788513
39969,0.45606347918510437
39970,0.37070196866989136
39971,0.28947335481643677
39972,0.4142964482307434
39973,0.4142964482307434
39974,0.5743930339813232
39975,0.5200828313827515
39976,0.3850391209125519
39977,0.3677847683429718
39978,0.3804789185523987
39979,0.5058922171592712
39980,0.5058922171592712
39981,0.5058922171592712
39982,0.4644044041633606
39983,0.4644044041633606
39984,0.49431970715522766
39985,0.49431970715522766
39986,0.49431970715522766
39987,0.4282650947570801
39988,0.4282650947570801
39989,0.3550156056880951
39990,0.37916845083236694
39991,0.37916845083236694
39992,0.37916845083236694
39993,0.4545198976993561
39994,0.5252895951271057
39995,0.5252895951271057
39996,0.5252895951271057
39997,0.49798426032066345
39998,0.4545198976993561
39999,0.38538888096809387
40000,0.38538888096809387
40001,0.38538888096809387
40002,0.44613534212112427
40003,0.4271092414855957
40004,0.3911307752132416
40005,0.5124939680099487
40006,0.5124939680099487
40007,0.5429017543792725
40008,0.5429017543792725
40009,0.5429017543792725
40010,0.5128021836280823
40011,0.5128021836280823
40012,0.5128021836280823
40013,0.5597687363624573
40014,0.6444165706634521
40015,0.5923672914505005
40016,0.5770042538642883
40017,0.5770042538642883
40018,0.6113296747207642
40019,0.40654656291007996
40020,0.40654656291007996
40021,0.46483591198921204
40022,0.46483591198921204
40023,0.46483591198921204
40024,0.5025258660316467
40025,0.5069339275360107
40026,0.5069339275360107
40027,0.5069339275360107
40028,0.5537416338920593
40029,0.29404783248901367
40030,0.26739344000816345
40031,0.7324846386909485
40032,0.6586591005325317
40033,0.45486706495285034
40034,0.5589547157287598
40035,0.343507319688797
40036,0.24731093645095825
40037,0.22344493865966797
40038,0.27004608511924744
40039,0.23519110679626465
40040,0.8285794258117676
40041,0.41338008642196655
40042,0.26135683059692383
40043,0.2528834939002991
40044,0.5137033462524414
40045,0.37815719842910767
40046,0.2976206839084625
40047,0.300394207239151
40048,0.3888663053512573
40049,0.49558329582214355
40050,0.35401323437690735
40051,0.2767361104488373
40052,0.25537583231925964
40053,0.24770689010620117
40054,0.29507333040237427
40055,0.27448663115501404
40056,0.22629991173744202
40057,0.17690956592559814
40058,0.2293653041124344
40059,0.47431817650794983
40060,0.39595675468444824
40061,0.23649820685386658
40062,0.2199850082397461
40063,0.1925966590642929
40064,0.3162422478199005
40065,0.24089199304580688
40066,0.20836153626441956
40067,0.19137920439243317
40068,0.21962065994739532
40069,0.21703921258449554
40070,0.17492683231830597
40071,0.1962892860174179
40072,0.17675113677978516
40073,0.15965215861797333
40074,0.1986330896615982
40075,0.2634273171424866
40076,0.238942489027977
40077,0.2285560965538025
40078,0.2861883342266083
40079,0.12464399635791779
40080,0.12522411346435547
40081,0.1598246544599533
40082,0.19144022464752197
40083,0.15802663564682007
40084,0.16609621047973633
40085,0.2323455512523651
40086,0.20157413184642792
40087,0.16350165009498596
40088,0.17573072016239166
40089,0.1820097267627716
40090,0.1900463104248047
40091,0.2301068902015686
40092,0.22001950442790985
40093,0.2813839614391327
40094,0.22170332074165344
40095,0.32313716411590576
40096,0.23698553442955017
40097,0.2753326892852783
40098,0.2694931924343109
40099,0.36671125888824463
40100,0.3390878438949585
40101,0.28304851055145264
40102,0.3467487394809723
40103,0.32546114921569824
40104,0.31845730543136597
40105,0.4290667474269867
40106,0.44508838653564453
40107,0.47690349817276
40108,0.4981071949005127
40109,0.49051588773727417
40110,0.31797724962234497
40111,0.24185891449451447
40112,0.3037307858467102
40113,0.194347083568573
40114,0.19460104405879974
40115,0.27059370279312134
40116,0.29943662881851196
40117,0.22002533078193665
40118,0.21487687528133392
40119,0.1729481816291809
40120,0.18600133061408997
40121,0.18756677210330963
40122,0.16254431009292603
40123,0.18625999987125397
40124,0.228632852435112
40125,0.20169733464717865
40126,0.2431909292936325
40127,0.42409393191337585
40128,0.3293503224849701
40129,0.3962983787059784
40130,0.4140249192714691
40131,0.40531444549560547
40132,0.35719868540763855
40133,0.3606734573841095
40134,0.3750093877315521
40135,0.31069135665893555
40136,0.2640765309333801
40137,0.27392879128456116
40138,0.433533638715744
40139,0.4376845955848694
40140,0.4348539412021637
40141,0.21140970289707184
40142,0.2006637156009674
40143,0.17127084732055664
40144,0.2376330941915512
40145,0.19703315198421478
40146,0.4807485044002533
40147,0.6291893124580383
40148,0.4272911846637726
40149,0.4035821855068207
40150,0.39502376317977905
40151,0.22546705603599548
40152,0.20034140348434448
40153,0.44401678442955017
40154,0.319418340921402
40155,0.7524141073226929
40156,0.7884054780006409
40157,0.4333568215370178
40158,0.6849285960197449
40159,0.5478605031967163
40160,0.33388495445251465
40161,0.3310352861881256
40162,0.2611744701862335
40163,0.3570651710033417
40164,0.3796643316745758
40165,0.37156376242637634
40166,0.32988420128822327
40167,0.31792372465133667
40168,0.16937102377414703
40169,0.40288108587265015
40170,0.14735594391822815
40171,0.08282025158405304
40172,0.4364888370037079
40173,0.5197616219520569
40174,0.42585742473602295
40175,0.44713884592056274
40176,0.28226637840270996
40177,-0.017673693597316742
40178,0.16986402869224548
40179,0.24488988518714905
40180,0.2896546423435211
40181,0.2683115005493164
40182,0.25845029950141907
40183,0.21674205362796783
40184,0.2287329137325287
40185,0.23977214097976685
40186,0.20498734712600708
40187,0.29006996750831604
40188,0.14458613097667694
40189,0.14918050169944763
40190,0.1401481330394745
40191,0.20237895846366882
40192,0.1981343924999237
40193,0.18587800860404968
40194,0.23629078269004822
40195,0.22185134887695312
40196,0.27155938744544983
40197,0.2889227569103241
40198,0.23951570689678192
40199,0.2341272532939911
40200,0.2205042839050293
40201,0.24115706980228424
40202,0.21244017779827118
40203,0.24631960690021515
40204,0.2457047700881958
40205,0.23400890827178955
40206,0.30227208137512207
40207,0.36517956852912903
40208,0.3519200086593628
40209,0.2975282371044159
40210,0.24852944910526276
40211,0.2932136356830597
40212,0.26593121886253357
40213,0.25557079911231995
40214,0.297094464302063
40215,0.3143951892852783
40216,0.3009338080883026
40217,0.3960590064525604
40218,0.3317321240901947
40219,0.47906482219696045
40220,0.43016815185546875
40221,0.3098432123661041
40222,0.18240979313850403
40223,0.1716463416814804
40224,0.1922021210193634
40225,0.1932981014251709
40226,0.2118561863899231
40227,0.18805840611457825
40228,0.22214584052562714
40229,0.2906143367290497
40230,0.29501545429229736
40231,0.21831442415714264
40232,0.36362990736961365
40233,0.3373979330062866
40234,0.10742773115634918
40235,0.11120401322841644
40236,0.34332314133644104
40237,0.17169728875160217
40238,0.17562370002269745
40239,0.23898161947727203
40240,0.21169699728488922
40241,0.2786461412906647
40242,0.508000373840332
40243,0.2809481918811798
40244,0.4991616904735565
40245,0.4383883476257324
40246,0.3290794789791107
40247,0.31730103492736816
40248,0.2620275318622589
40249,0.41277414560317993
40250,0.268996924161911
40251,0.377714604139328
40252,0.3020399212837219
40253,0.17163103818893433
40254,0.5774264931678772
40255,0.20467688143253326
40256,0.5285804271697998
40257,0.5842344760894775
40258,0.3848428428173065
40259,0.3505389094352722
40260,0.4660254716873169
40261,0.4441350996494293
40262,0.4826987683773041
40263,0.25932642817497253
40264,0.4149191677570343
40265,0.38994067907333374
40266,0.2912099063396454
40267,0.3777817189693451
40268,0.24481670558452606
40269,0.2852330803871155
40270,0.2268970012664795
40271,0.18647941946983337
40272,0.3276353180408478
40273,0.3854505717754364
40274,0.5010495185852051
40275,0.3587587773799896
40276,0.2743688225746155
40277,0.3092666268348694
40278,0.18766240775585175
40279,0.2687210440635681
40280,0.1772351861000061
40281,0.16114544868469238
40282,0.3458458185195923
40283,0.27103930711746216
40284,0.42698773741722107
40285,0.3018045127391815
40286,0.2076399028301239
40287,0.17291057109832764
40288,0.309321790933609
40289,0.2561092972755432
40290,0.3836372494697571
40291,0.2897771894931793
40292,0.28843942284584045
40293,0.2574886679649353
40294,0.3550385534763336
40295,0.3490026891231537
40296,-0.034010935574769974
40297,0.4657190144062042
40298,0.559806227684021
40299,-0.03397827222943306
40300,-0.03320039436221123
40301,-0.0340300127863884
40302,-0.035544104874134064
40303,-0.03406189754605293
40304,0.4018650949001312
40305,0.3234747648239136
40306,0.43114203214645386
40307,0.15237179398536682
40308,0.16949670016765594
40309,0.1668868511915207
40310,0.15314437448978424
40311,0.12256757915019989
40312,0.1290726661682129
40313,0.14061278104782104
40314,0.13374854624271393
40315,0.09314635396003723
40316,0.09614173322916031
40317,0.09298044443130493
40318,0.08493411540985107
40319,0.0856035128235817
40320,0.09037180989980698
40321,0.09545718878507614
40322,0.10010626912117004
40323,0.09596796333789825
40324,0.11650267243385315
40325,0.11832255870103836
40326,0.09009211510419846
40327,0.09899967908859253
40328,0.09098424017429352
40329,0.08502022922039032
40330,0.08735474199056625
40331,0.07162905484437943
40332,0.07007592916488647
40333,0.1599368005990982
40334,0.15448559820652008
40335,0.17532791197299957
40336,0.19841429591178894
40337,0.1566193550825119
40338,0.17202100157737732
40339,0.16134774684906006
40340,0.12744677066802979
40341,0.32982051372528076
40342,0.4187571108341217
40343,0.39989057183265686
40344,0.18551264703273773
40345,0.29008641839027405
40346,0.2782347500324249
40347,0.29020580649375916
40348,0.3003685176372528
40349,0.2543758451938629
40350,0.4303225874900818
40351,0.353071004152298
40352,0.30081918835639954
40353,0.2585310637950897
40354,
40355,0.3047916293144226
40356,0.362555593252182
40357,0.4020378589630127
40358,0.4113222360610962
40359,0.35030171275138855
40360,0.27343374490737915
40361,0.52024245262146
40362,0.28049594163894653
40363,0.3322908282279968
40364,0.3409777283668518
40365,0.32815244793891907
40366,0.3250391483306885
40367,0.31083250045776367
40368,0.24415825307369232
40369,0.17797474563121796
40370,0.268209844827652
40371,0.2113240510225296
40372,0.4397642910480499
40373,0.3712306022644043
40374,0.2887047231197357
40375,0.3526139557361603
40376,0.3710538446903229
40377,0.389946311712265
40378,0.4894813895225525
40379,0.36323270201683044
40380,0.3692903518676758
40381,0.3777632415294647
40382,0.29199230670928955
40383,0.2951662242412567
40384,0.3583304286003113
40385,0.3008212745189667
40386,0.36089378595352173
40387,0.3761865198612213
40388,0.40546566247940063
40389,0.6046532988548279
40390,0.2036600559949875
40391,0.5147099494934082
40392,0.3946651518344879
40393,-0.022811518982052803
40394,0.44576790928840637
40395,0.5549262166023254
40396,0.8906760811805725
40397,0.24245807528495789
40398,0.25675827264785767
40399,0.23029163479804993
40400,0.15768274664878845
40401,0.14054442942142487
40402,0.184059277176857
40403,0.19754016399383545
40404,0.11692438274621964
40405,0.2169179469347
40406,0.16287924349308014
40407,0.18212291598320007
40408,0.16831687092781067
40409,0.15351995825767517
40410,0.21669387817382812
40411,0.17344656586647034
40412,0.11892245709896088
40413,0.1926913559436798
40414,0.31993648409843445
40415,0.21312712132930756
40416,0.4052581489086151
40417,0.13375358283519745
40418,0.14987775683403015
40419,0.1740378439426422
40420,0.2821284830570221
40421,0.22275707125663757
40422,0.2905265688896179
40423,0.23175659775733948
40424,0.21889565885066986
40425,0.45055192708969116
40426,0.14189735054969788
40427,0.15465964376926422
40428,0.149078369140625
40429,0.15942487120628357
40430,0.16154760122299194
40431,0.1546345055103302
40432,0.11289027333259583
40433,0.06874948740005493
40434,0.07849682867527008
40435,0.08634693175554276
40436,0.11975689232349396
40437,0.16681571304798126
40438,0.1551213562488556
40439,0.15837624669075012
40440,0.14353984594345093
40441,0.10537979006767273
40442,0.09012071788311005
40443,0.09434825927019119
40444,0.09583267569541931
40445,0.15611933171749115
40446,0.1703437715768814
40447,0.10640694200992584
40448,0.1528748869895935
40449,0.13742507994174957
40450,0.13343489170074463
40451,0.19945229589939117
40452,0.11317109316587448
40453,0.19900986552238464
40454,0.12809813022613525
40455,0.1514156609773636
40456,0.08094187080860138
40457,0.08668836951255798
40458,0.13185779750347137
40459,0.0769168883562088
40460,0.08113653212785721
40461,0.08041857928037643
40462,0.1799253672361374
40463,0.1571122407913208
40464,0.1388244330883026
40465,0.07719736546278
40466,0.1591152399778366
40467,0.0591919980943203
40468,0.069364033639431
40469,0.08870959281921387
40470,0.07565192878246307
40471,0.07827890664339066
40472,0.0740957111120224
40473,0.07317103445529938
40474,0.0718931257724762
40475,0.0844474583864212
40476,0.0899633839726448
40477,0.08993318676948547
40478,0.10778416693210602
40479,0.12084200978279114
40480,0.14038655161857605
40481,0.09663881361484528
40482,0.09613252431154251
40483,0.09764857590198517
40484,0.14445528388023376
40485,0.13698764145374298
40486,0.12926550209522247
40487,0.1255875676870346
40488,0.12108241021633148
40489,0.11965671926736832
40490,0.10803849995136261
40491,0.07885979115962982
40492,0.0720495879650116
40493,0.07349903136491776
40494,0.08079349249601364
40495,0.07541809231042862
40496,0.0842965766787529
40497,0.09640977531671524
40498,0.12448810040950775
40499,0.14159917831420898
40500,0.14388129115104675
40501,0.2068476378917694
40502,0.17906121909618378
40503,0.09126193076372147
40504,0.07639521360397339
40505,0.10964900255203247
40506,0.12812325358390808
40507,0.12186738848686218
40508,0.10008427500724792
40509,0.1868344396352768
40510,0.12843012809753418
40511,0.13774611055850983
40512,0.13698609173297882
40513,0.13115034997463226
40514,0.12240354716777802
40515,0.13696950674057007
40516,0.13105730712413788
40517,0.16393142938613892
40518,0.154983252286911
40519,0.15801645815372467
40520,0.16632558405399323
40521,0.15357592701911926
40522,0.5045526027679443
40523,0.3638176918029785
40524,0.21938928961753845
40525,0.22984226047992706
40526,0.27259576320648193
40527,0.23439720273017883
40528,0.2957497239112854
40529,0.2918141186237335
40530,0.36272552609443665
40531,0.31787511706352234
40532,0.35035440325737
40533,0.4509532153606415
40534,0.3571214973926544
40535,0.3513268530368805
40536,0.5107041597366333
40537,0.294559121131897
40538,0.46491292119026184
40539,0.3358463943004608
40540,0.3172735273838043
40541,0.41679647564888
40542,0.2457205355167389
40543,0.2377210259437561
40544,0.2067899852991104
40545,0.09819599986076355
40546,0.3583625555038452
40547,0.1706911325454712
40548,0.11648942530155182
