inspection_id,mean_ndvi
54065,0.36338403820991516
54066,0.3079068958759308
54067,0.37208878993988037
54068,0.3513520359992981
54069,0.25959667563438416
54070,0.21612548828125
54071,0.1448284089565277
54072,0.20063988864421844
54073,0.23376567661762238
54074,0.24125990271568298
54075,0.1396685093641281
54076,0.2631341218948364
54077,0.15442530810832977
54078,0.15955406427383423
54079,0.14325572550296783
54080,0.13821932673454285
54081,0.30978572368621826
54082,0.3367602229118347
54083,0.23415933549404144
54084,0.3254958987236023
54085,0.1660652756690979
54086,0.18967178463935852
54087,0.16932792961597443
54088,0.2716190814971924
54089,0.18926408886909485
54090,0.11527666449546814
54091,0.1626220941543579
54092,0.1684529036283493
54093,0.166510671377182
54094,0.22250060737133026
54095,0.19920873641967773
54096,0.20661112666130066
54097,0.2254798263311386
54098,0.22056889533996582
54099,0.22523051500320435
54100,0.261112242937088
54101,0.27046865224838257
54102,0.27116885781288147
54103,0.25626739859580994
54104,0.22149336338043213
54105,0.20857779681682587
54106,0.2675316035747528
54107,0.2893374562263489
54108,0.24090072512626648
54109,0.26127275824546814
54110,0.2836649417877197
54111,0.23818868398666382
54112,0.24773548543453217
54113,0.2556045651435852
54114,0.21321932971477509
54115,0.19173532724380493
54116,0.20263364911079407
54117,0.20857779681682587
54118,0.1979362964630127
54119,0.20801162719726562
54120,0.1360742300748825
54121,0.1573934704065323
54122,0.16900724172592163
54123,0.2622968256473541
54124,0.2584231197834015
54125,0.1362421065568924
54126,0.16197820007801056
54127,0.12178660929203033
54128,0.1637440025806427
54129,0.1320265233516693
54130,0.16882064938545227
54131,0.13749711215496063
54132,0.20401312410831451
54133,0.18611915409564972
54134,0.2309826910495758
54135,0.18437857925891876
54136,0.12252430617809296
54137,0.2461506426334381
54138,0.20485301315784454
54139,0.2332131564617157
54140,0.13841606676578522
54141,0.22663572430610657
54142,0.29185834527015686
54143,0.17951229214668274
54144,0.2271779477596283
54145,0.17265845835208893
54146,0.17959168553352356
54147,0.2292604297399521
54148,0.1903841346502304
54149,0.24176950752735138
54150,0.1596067100763321
54151,0.2784770131111145
54152,0.22706684470176697
54153,0.19171243906021118
54154,0.2511819899082184
54155,0.20313939452171326
54156,0.19981394708156586
54157,0.18312948942184448
54158,0.1707167774438858
54159,0.1473097950220108
54160,0.2952812612056732
54161,0.40086957812309265
54162,0.15611253678798676
54163,0.24654294550418854
54164,0.25816506147384644
54165,0.35159653425216675
54166,0.41350218653678894
54167,0.3118361234664917
54168,0.4192192852497101
54169,0.2782008945941925
54170,0.2521396577358246
54171,0.3231547474861145
54172,0.31434547901153564
54173,0.29628613591194153
54174,0.18986748158931732
54175,0.3270835280418396
54176,0.18132804334163666
54177,0.16113492846488953
54178,0.19266004860401154
54179,0.21900078654289246
54180,0.2246728092432022
54181,0.2543678283691406
54182,0.22017242014408112
54183,0.2062433660030365
54184,0.1897132843732834
54185,0.15705245733261108
54186,0.09238061308860779
54187,0.18537846207618713
54188,0.3116950988769531
54189,0.19777891039848328
54190,0.13900093734264374
54191,0.1105194240808487
54192,0.10239528119564056
54193,0.07787679135799408
54194,0.11711202561855316
54195,0.1091049537062645
54196,0.07462211698293686
54197,0.19126497209072113
54198,0.08163774013519287
54199,0.08847290277481079
54200,0.1320912092924118
54201,0.363991379737854
54202,0.14992819726467133
54203,0.33834636211395264
54204,0.2960597574710846
54205,0.190813809633255
54206,0.1916947215795517
54207,0.1984698623418808
54208,0.27275940775871277
54209,0.22402770817279816
54210,0.19848741590976715
54211,0.16801318526268005
54212,0.21177509427070618
54213,0.19949328899383545
54214,0.2687181830406189
54215,0.1246027797460556
54216,0.112514428794384
54217,0.09743819385766983
54218,0.3759576976299286
54219,0.4560700058937073
54220,0.33134394884109497
54221,0.25753340125083923
54222,0.23965662717819214
54223,0.32394149899482727
54224,0.3185732960700989
54225,0.28251326084136963
54226,0.2943183481693268
54227,0.12627725303173065
54228,0.24633853137493134
54229,0.3569795787334442
54230,0.2011382281780243
54231,0.1460527628660202
54232,0.29464712738990784
54233,0.3182535767555237
54234,0.28562065958976746
54235,0.13321954011917114
54236,0.28027093410491943
54237,0.4031124413013458
54238,0.2959713637828827
54239,0.2901051938533783
54240,0.26739782094955444
54241,0.2627266049385071
54242,0.2259078025817871
54243,0.19342055916786194
54244,0.17802144587039948
54245,0.17857134342193604
54246,0.17129209637641907
54247,0.173173189163208
54248,0.1514783501625061
54249,0.19362987577915192
54250,0.16692869365215302
54251,0.15094304084777832
54252,0.21715086698532104
54253,0.11390747129917145
54254,0.15207262337207794
54255,0.11311636120080948
54256,0.11009420454502106
54257,0.14485223591327667
54258,0.1948792189359665
54259,0.27626317739486694
54260,0.13039879500865936
54261,0.1575373113155365
54262,0.13057160377502441
54263,0.22270706295967102
54264,0.2547013461589813
54265,0.25067347288131714
54266,0.11397399008274078
54267,0.21808680891990662
54268,0.12302172929048538
54269,0.14864464104175568
54270,0.17384062707424164
54271,0.16174153983592987
54272,0.13854318857192993
54273,0.39950454235076904
54274,0.431235134601593
54275,0.2466287463903427
54276,0.2414558082818985
54277,0.38489797711372375
54278,0.2846337556838989
54279,0.25536611676216125
54280,0.24304857850074768
54281,0.26784151792526245
54282,0.20617741346359253
54283,0.17961186170578003
54284,0.18075916171073914
54285,0.1592908501625061
54286,0.1240411102771759
54287,0.20563045144081116
54288,0.2340976893901825
54289,0.14886868000030518
54290,0.2117743343114853
54291,0.24587751924991608
54292,0.16377505660057068
54293,0.1991042047739029
54294,0.22354310750961304
54295,0.2486560195684433
54296,0.3273598551750183
54297,0.4379240870475769
54298,0.18294744193553925
54299,0.29040205478668213
54300,0.30419567227363586
54301,0.27166905999183655
54302,0.2328476756811142
54303,0.2930631637573242
54304,0.24192436039447784
54305,0.20189987123012543
54306,0.2218371480703354
54307,0.19486671686172485
54308,0.09633422642946243
54309,0.17639485001564026
54310,0.1574769765138626
54311,0.30961111187934875
54312,0.2928442060947418
54313,0.3499392867088318
54314,0.3520808517932892
54315,0.34684544801712036
54316,0.16711775958538055
54317,0.12098386138677597
54318,0.17356348037719727
54319,0.14131785929203033
54320,0.25970613956451416
54321,0.2622748911380768
54322,0.25179678201675415
54323,0.3293437063694
54324,0.19462160766124725
54325,0.19764086604118347
54326,0.19390426576137543
54327,0.27123767137527466
54328,0.3098748028278351
54329,0.34325429797172546
54330,0.21995629370212555
54331,0.24687156081199646
54332,0.20086370408535004
54333,0.28254449367523193
54334,0.2584523558616638
54335,0.23839060962200165
54336,0.19414952397346497
54337,0.19283446669578552
54338,0.36452820897102356
54339,0.2884776294231415
54340,0.2009344846010208
54341,0.2996557652950287
54342,0.25373899936676025
54343,0.2924148738384247
54344,0.2790380120277405
54345,0.3729915916919708
54346,0.36573144793510437
54347,0.21599224209785461
54348,0.28925982117652893
54349,0.2141203135251999
54350,0.29167357087135315
54351,0.2396744191646576
54352,0.2174626737833023
54353,0.2677009403705597
54354,0.24554574489593506
54355,0.3284268379211426
54356,0.3148757815361023
54357,0.37962257862091064
54358,0.34868693351745605
54359,0.3269839584827423
54360,0.24993868172168732
54361,0.2416340857744217
54362,0.31962892413139343
54363,0.33496153354644775
54364,0.2546922266483307
54365,0.28103646636009216
54366,0.2919647693634033
54367,0.27325576543807983
54368,0.3000125288963318
54369,0.3907966613769531
54370,0.2791106104850769
54371,0.3315478563308716
54372,0.2804216146469116
54373,0.27622509002685547
54374,0.2739619016647339
54375,0.30763882398605347
54376,0.2510582208633423
54377,0.27876007556915283
54378,0.368509441614151
54379,0.28465959429740906
54380,0.2906411588191986
54381,0.1584712564945221
54382,0.18057392537593842
54383,0.2532446086406708
54384,0.18595673143863678
54385,0.22060033679008484
54386,0.18931898474693298
54387,0.20339815318584442
54388,0.21028098464012146
54389,0.2221205085515976
54390,0.2814793884754181
54391,0.36813029646873474
54392,0.2936592698097229
54393,0.24782583117485046
54394,0.26916149258613586
54395,0.2612043619155884
54396,0.35332900285720825
54397,0.14144203066825867
54398,0.14159180223941803
54399,0.10652806609869003
54400,0.14621718227863312
54401,0.12701651453971863
54402,0.16049356758594513
54403,0.1495416909456253
54404,0.23181593418121338
54405,0.154962956905365
54406,0.1462104469537735
54407,0.1468488574028015
54408,0.13901104032993317
54409,0.21288368105888367
54410,0.2838813364505768
54411,0.4349559545516968
54412,0.25929155945777893
54413,0.3682202994823456
54414,0.31150126457214355
54415,0.28428927063941956
54416,0.35817739367485046
54417,0.18088184297084808
54418,0.11237578094005585
54419,0.13390278816223145
54420,0.10033375024795532
54421,0.19970697164535522
54422,0.3670230805873871
54423,0.4039824306964874
54424,0.16451483964920044
54425,0.16441847383975983
54426,0.1737414300441742
54427,0.18424107134342194
54428,0.18915343284606934
54429,0.18724675476551056
54430,0.18719042837619781
54431,0.16211311519145966
54432,0.1513245552778244
54433,0.16297180950641632
54434,0.19151923060417175
54435,0.19240078330039978
54436,0.18293936550617218
54437,0.19111110270023346
54438,0.1695958524942398
54439,0.14988426864147186
54440,0.20553989708423615
54441,0.1967121660709381
54442,0.19347095489501953
54443,0.3875890374183655
54444,0.4428359270095825
54445,0.3061459958553314
54446,0.1868811845779419
54447,0.23746071755886078
54448,0.251375675201416
54449,0.29178404808044434
54450,0.40636542439460754
54451,0.35742446780204773
54452,0.17246681451797485
54453,0.20401175320148468
54454,0.2240144908428192
54455,0.19890719652175903
54456,0.30201268196105957
54457,0.34057196974754333
54458,0.2035653293132782
54459,0.17023830115795135
54460,0.20736905932426453
54461,0.1593654751777649
54462,0.2809619903564453
54463,0.30967894196510315
54464,0.17142893373966217
54465,0.22708740830421448
54466,0.20933136343955994
54467,0.327364057302475
54468,0.26576298475265503
54469,0.25725725293159485
54470,0.32256630063056946
54471,0.22201204299926758
54472,0.2565079927444458
54473,0.29635146260261536
54474,0.16530568897724152
54475,0.20176590979099274
54476,0.21770446002483368
54477,0.29426994919776917
54478,0.28003573417663574
54479,0.2476276457309723
54480,0.24620823562145233
54481,0.2685000002384186
54482,0.32850053906440735
54483,0.3341768682003021
54484,0.2443327009677887
54485,0.28575876355171204
54486,0.3189954459667206
54487,0.2899376451969147
54488,0.36009055376052856
54489,0.324664443731308
54490,0.18372848629951477
54491,0.2646861970424652
54492,0.24867093563079834
54493,0.3299393355846405
54494,0.32877933979034424
54495,0.2812821865081787
54496,0.29836615920066833
54497,0.25535961985588074
54498,0.2519758641719818
54499,0.2586723864078522
54500,0.21862995624542236
54501,0.22081905603408813
54502,0.22676363587379456
54503,0.2488689422607422
54504,0.17839400470256805
54505,0.20110321044921875
54506,0.13430558145046234
54507,0.14041481912136078
54508,0.14588142931461334
54509,0.1522592455148697
54510,0.15534798800945282
54511,0.15403592586517334
54512,0.17530237138271332
54513,0.17748750746250153
54514,0.17491227388381958
54515,0.17841391265392303
54516,0.170261412858963
54517,0.14892461895942688
54518,0.13701879978179932
54519,0.14178627729415894
54520,0.15358813107013702
54521,0.2247740924358368
54522,0.21753425896167755
54523,0.22427016496658325
54524,0.20949608087539673
54525,0.20935659110546112
54526,0.20939165353775024
54527,0.1921323835849762
54528,0.1666449010372162
54529,0.1682146191596985
54530,0.13712343573570251
54531,0.14240331947803497
54532,0.14108465611934662
54533,0.16722729802131653
54534,0.19951385259628296
54535,0.21037521958351135
54536,0.18586750328540802
54537,0.17878679931163788
54538,0.14875666797161102
54539,0.1399892419576645
54540,0.17703291773796082
54541,0.1501891016960144
54542,0.15852753818035126
54543,0.15914873778820038
54544,0.16207221150398254
54545,0.1548018753528595
54546,0.14327004551887512
54547,0.15087318420410156
54548,0.16290885210037231
54549,0.17893968522548676
54550,0.19669397175312042
54551,0.17331159114837646
54552,0.1766737997531891
54553,0.17750734090805054
54554,0.19082292914390564
54555,0.21596659719944
54556,0.23890197277069092
54557,0.2278277426958084
54558,0.2246697098016739
54559,0.22650572657585144
54560,0.16169926524162292
54561,0.16458235681056976
54562,0.12785647809505463
54563,0.14778940379619598
54564,0.16362637281417847
54565,0.16895247995853424
54566,0.1875152587890625
54567,0.19186556339263916
54568,0.21358215808868408
54569,0.19478628039360046
54570,0.18244004249572754
54571,0.19700637459754944
54572,0.18500550091266632
54573,0.1802467554807663
54574,0.1710207313299179
54575,0.1361762136220932
54576,0.12864579260349274
54577,0.11932054907083511
54578,0.10105523467063904
54579,0.10377182066440582
54580,0.11410656571388245
54581,0.12418446689844131
54582,0.14203962683677673
54583,0.15814155340194702
54584,0.1702365279197693
54585,0.1766943484544754
54586,0.17719167470932007
54587,0.30873599648475647
54588,0.35894137620925903
54589,0.34507206082344055
54590,0.2853787839412689
54591,0.32109692692756653
54592,0.3602948784828186
54593,0.39067134261131287
54594,0.4081295430660248
54595,0.33848851919174194
54596,0.3484162986278534
54597,0.31736990809440613
54598,0.19943073391914368
54599,0.2594973146915436
54600,0.4448598325252533
54601,0.2160024791955948
54602,0.17150169610977173
54603,0.16541670262813568
54604,0.19971269369125366
54605,0.22967566549777985
54606,0.19268731772899628
54607,0.23890264332294464
54608,0.21076571941375732
54609,0.20995476841926575
54610,0.16110801696777344
54611,0.22954541444778442
54612,0.2082962989807129
54613,0.18072184920310974
54614,0.1833527684211731
54615,0.24222725629806519
54616,0.21119780838489532
54617,0.2997337579727173
54618,0.26343241333961487
54619,0.26290756464004517
54620,0.26465117931365967
54621,0.2585841715335846
54622,0.26331543922424316
54623,0.29766806960105896
54624,0.26772570610046387
54625,0.2359587848186493
54626,0.2147795557975769
54627,0.21775735914707184
54628,0.21211585402488708
54629,0.20813967287540436
54630,0.20557162165641785
54631,0.21101334691047668
54632,0.22410330176353455
54633,0.21980765461921692
54634,0.26006633043289185
54635,0.3479137122631073
54636,0.2165578156709671
54637,0.23760807514190674
54638,0.2558511197566986
54639,0.2558633089065552
54640,0.22775058448314667
54641,0.24478140473365784
54642,0.2634027600288391
54643,0.26343613862991333
54644,0.22533418238162994
54645,0.25429537892341614
54646,0.24741341173648834
54647,0.22058652341365814
54648,0.21118442714214325
54649,0.1767992526292801
54650,0.2064409703016281
54651,0.2134220004081726
54652,0.23947922885417938
54653,0.21558623015880585
54654,0.2009768784046173
54655,0.23363064229488373
54656,0.2715580463409424
54657,0.3386661112308502
54658,0.32012370228767395
54659,0.2955155074596405
54660,0.21022500097751617
54661,0.21802018582820892
54662,0.23577995598316193
54663,0.20718441903591156
54664,0.17102164030075073
54665,0.16978664696216583
54666,0.27816781401634216
54667,0.18890166282653809
54668,0.1675889641046524
54669,0.28644368052482605
54670,0.23874318599700928
54671,0.21353688836097717
54672,0.21055054664611816
54673,0.21955843269824982
54674,0.23562529683113098
54675,0.21149621903896332
54676,0.20943303406238556
54677,0.14137215912342072
54678,0.19494308531284332
54679,0.1955977976322174
54680,0.177056223154068
54681,0.17423078417778015
54682,0.15663288533687592
54683,0.2975813150405884
54684,0.3132433295249939
54685,0.12898766994476318
54686,0.19909138977527618
54687,0.2657938003540039
54688,0.2709415853023529
54689,0.37329909205436707
54690,0.31225842237472534
54691,0.3221657872200012
54692,0.27340948581695557
54693,0.27082329988479614
54694,0.23181027173995972
54695,0.20114897191524506
54696,0.1977551430463791
54697,0.20185519754886627
54698,0.16706272959709167
54699,0.19157420098781586
54700,0.15509602427482605
54701,0.13920029997825623
54702,0.15353037416934967
54703,0.14681106805801392
54704,0.14595329761505127
54705,0.13435593247413635
54706,0.1718561053276062
54707,0.21136225759983063
54708,0.22380979359149933
54709,0.2748255729675293
54710,0.17479471862316132
54711,0.18095925450325012
54712,0.2180575281381607
54713,0.26895707845687866
54714,0.20897041261196136
54715,0.33445900678634644
54716,0.25253888964653015
54717,0.2865150570869446
54718,0.18787217140197754
54719,0.34061580896377563
54720,0.2455131858587265
54721,0.27993425726890564
54722,0.3387146592140198
54723,0.33448973298072815
54724,0.3643081784248352
54725,0.1459580510854721
54726,0.3131154775619507
54727,0.04332312196493149
54728,0.347895085811615
54729,0.22525113821029663
54730,0.23337237536907196
54731,0.1952449381351471
54732,0.16204041242599487
54733,0.21904662251472473
54734,0.2963436543941498
54735,0.24152573943138123
54736,0.2047683298587799
54737,0.2389746904373169
54738,0.3111448884010315
54739,0.28893977403640747
54740,0.24256227910518646
54741,0.16427066922187805
54742,0.25592681765556335
54743,0.3004205524921417
54744,0.34283727407455444
54745,0.2262887805700302
54746,0.2831418812274933
54747,0.40105319023132324
54748,0.385057270526886
54749,0.22081208229064941
54750,0.26357585191726685
54751,0.26578018069267273
54752,0.12227024137973785
54753,0.2868669927120209
54754,0.21873822808265686
54755,0.26366499066352844
54756,0.23972100019454956
54757,0.23972100019454956
54758,0.16276894509792328
54759,0.17292845249176025
54760,0.2639247179031372
54761,0.28193414211273193
54762,0.2053672820329666
54763,0.19369599223136902
54764,0.27094703912734985
54765,0.2305835336446762
54766,0.3039991557598114
54767,0.2332983762025833
54768,0.1544910967350006
54769,0.3369051218032837
54770,0.35874056816101074
54771,0.25143104791641235
54772,0.2721821069717407
54773,0.2866538465023041
54774,0.24415883421897888
54775,0.2821940779685974
54776,0.2272237241268158
54777,0.15152733027935028
54778,0.17323541641235352
54779,0.30182182788848877
54780,0.2920739948749542
54781,0.344573438167572
54782,0.252206951379776
54783,0.19752441346645355
54784,0.2746991515159607
54785,0.2980729937553406
54786,0.2025272250175476
54787,0.21824002265930176
54788,0.4138031005859375
54789,0.3863351345062256
54790,0.29468974471092224
54791,0.2575349509716034
54792,0.1781260222196579
54793,0.15798364579677582
54794,0.21705229580402374
54795,0.38440194725990295
54796,0.2258918583393097
54797,0.32603174448013306
54798,0.47276046872138977
54799,0.22911560535430908
54800,0.3127996027469635
54801,0.2890391945838928
54802,0.22726406157016754
54803,0.24011163413524628
54804,0.266123503446579
54805,0.22785119712352753
54806,0.2322966605424881
54807,0.24795587360858917
54808,0.2332267016172409
54809,0.31184497475624084
54810,0.3506382405757904
54811,0.3444218039512634
54812,0.39045628905296326
54813,0.2545776665210724
54814,0.1833285689353943
54815,0.2844572365283966
54816,0.27903082966804504
54817,0.3410692811012268
54818,0.4132287800312042
54819,0.17331849038600922
54820,0.2076476663351059
54821,0.22935019433498383
54822,0.21854658424854279
54823,0.26205191016197205
54824,0.30863288044929504
54825,0.28545504808425903
54826,0.2893507182598114
54827,0.32226499915122986
54828,0.32739585638046265
54829,0.31781041622161865
54830,0.12358050048351288
54831,0.27493906021118164
54832,0.31164899468421936
54833,0.23196300864219666
54834,0.3189249038696289
54835,0.29015791416168213
54836,0.2433302402496338
54837,0.17821751534938812
54838,0.36252111196517944
54839,0.3884741961956024
54840,0.30128350853919983
54841,0.29622551798820496
54842,0.30762603878974915
54843,0.300518661737442
54844,0.24111708998680115
54845,0.29143884778022766
54846,0.23474669456481934
54847,0.2457362711429596
54848,0.25592073798179626
54849,0.21559278666973114
54850,0.2367319017648697
54851,0.21457535028457642
54852,0.22598791122436523
54853,0.2623753845691681
54854,0.1993134617805481
54855,0.1733018308877945
54856,0.22205565869808197
54857,0.23103438317775726
54858,0.14587761461734772
54859,0.3119533360004425
54860,0.17657886445522308
54861,0.26462429761886597
54862,0.17229752242565155
54863,0.1830424964427948
54864,0.27906543016433716
54865,0.25439217686653137
54866,0.24086380004882812
54867,0.19357669353485107
54868,0.30918315052986145
54869,0.3662731349468231
54870,0.19978076219558716
54871,0.22926171123981476
54872,0.2783646583557129
54873,0.1958271861076355
54874,0.22084899246692657
54875,0.23706763982772827
54876,0.19254262745380402
54877,0.21131426095962524
54878,0.2771906554698944
54879,0.47034895420074463
54880,0.3953718841075897
54881,0.1903647482395172
54882,0.23390090465545654
54883,0.3694990873336792
54884,0.3133268654346466
54885,0.31184878945350647
54886,0.2710808217525482
54887,0.29418498277664185
54888,0.2264532893896103
54889,0.24536925554275513
54890,0.2876790165901184
54891,0.23040001094341278
54892,0.3143969178199768
54893,0.17355217039585114
54894,0.20272132754325867
54895,0.19942094385623932
54896,0.1078660637140274
54897,0.29834309220314026
54898,0.18276074528694153
54899,0.23428060114383698
54900,0.24444179236888885
54901,0.18962472677230835
54902,0.13128076493740082
54903,0.22552470862865448
54904,0.16561447083950043
54905,0.2976968586444855
54906,0.25670942664146423
54907,0.202467679977417
54908,0.1974186897277832
54909,0.12703530490398407
54910,0.161858931183815
54911,0.27155566215515137
54912,0.17339785397052765
54913,0.13181129097938538
54914,0.24220097064971924
54915,0.25443100929260254
54916,0.30022507905960083
54917,0.22230882942676544
54918,0.21609525382518768
54919,0.18627339601516724
54920,0.24917083978652954
54921,0.30822646617889404
54922,0.30948901176452637
54923,0.23887687921524048
54924,0.22213086485862732
54925,0.21511310338974
54926,0.27362585067749023
54927,0.214387446641922
54928,0.20016619563102722
54929,0.246759295463562
54930,0.22117379307746887
54931,0.2374466061592102
54932,0.22304736077785492
54933,0.16612982749938965
54934,0.2207251489162445
54935,0.2714467942714691
54936,0.1644473820924759
54937,0.24318097531795502
54938,0.393423855304718
54939,0.27313053607940674
54940,0.18976804614067078
54941,0.2195635437965393
54942,0.2539081573486328
54943,0.31429609656333923
54944,0.37886738777160645
54945,0.2793917655944824
54946,0.3125742971897125
54947,0.36177513003349304
54948,0.26911622285842896
54949,0.27553826570510864
54950,0.2650807201862335
54951,0.26291346549987793
54952,0.31264883279800415
54953,0.29899853467941284
54954,0.2638356387615204
54955,0.2474234253168106
54956,0.2670127749443054
54957,0.30196571350097656
54958,0.41116759181022644
54959,0.26809656620025635
54960,0.2155933827161789
54961,0.34617510437965393
54962,0.3106350302696228
54963,0.2724609076976776
54964,0.17609186470508575
54965,0.24612310528755188
54966,0.2734833359718323
54967,0.372655987739563
54968,0.30859386920928955
54969,0.22552840411663055
54970,0.3314277231693268
54971,0.3310988247394562
54972,0.31278708577156067
54973,0.31333187222480774
54974,0.22739055752754211
54975,0.2639003396034241
54976,0.26522547006607056
54977,0.3542477488517761
54978,0.23763304948806763
54979,0.39333242177963257
54980,0.23292456567287445
54981,0.3455078601837158
54982,0.2450159341096878
54983,0.3262485861778259
54984,0.3334442675113678
54985,0.2836407423019409
54986,0.2745342552661896
54987,0.30775439739227295
54988,0.2840423882007599
54989,0.39534425735473633
54990,0.22888442873954773
54991,0.3723521828651428
54992,0.25392958521842957
54993,0.24929454922676086
54994,0.28595423698425293
54995,0.3164832890033722
54996,0.25821009278297424
54997,0.33748018741607666
54998,0.2355894148349762
54999,0.29029911756515503
55000,0.2734065055847168
55001,0.1689264327287674
55002,0.2669447362422943
55003,0.26579320430755615
55004,0.27010977268218994
55005,0.2635105848312378
55006,0.20195388793945312
55007,0.23144422471523285
55008,0.17339475452899933
55009,0.21802233159542084
55010,0.26926571130752563
55011,0.3664551079273224
55012,0.29807981848716736
55013,0.26260751485824585
55014,0.2566274404525757
55015,0.2729264199733734
55016,0.2919068932533264
55017,0.2604266107082367
55018,0.3362348675727844
55019,0.2954346239566803
55020,0.2530650496482849
55021,0.20685261487960815
55022,0.26725658774375916
55023,0.24371027946472168
55024,0.22244004905223846
55025,0.19096739590168
55026,0.15430746972560883
55027,0.23329631984233856
55028,0.23157243430614471
55029,0.2272014617919922
55030,0.11153504997491837
55031,0.2763682007789612
55032,0.3458232581615448
55033,0.20953594148159027
55034,0.24510788917541504
55035,0.2892976701259613
55036,0.2890295088291168
55037,0.18790322542190552
55038,0.20600329339504242
55039,0.19379040598869324
55040,0.19262196123600006
55041,0.2993541955947876
55042,0.22829671204090118
55043,0.1715388000011444
55044,0.22687885165214539
55045,0.25786831974983215
55046,0.20514801144599915
55047,0.20491863787174225
55048,0.2349981665611267
55049,0.19702808558940887
55050,0.21719934046268463
55051,0.2088649570941925
55052,0.2793412208557129
55053,0.2333444356918335
55054,0.21502791345119476
55055,0.2455173283815384
55056,0.1385839432477951
55057,0.2987561821937561
55058,0.251346617937088
55059,0.10350677371025085
55060,0.3798254132270813
55061,0.3338368833065033
55062,0.34188753366470337
55063,0.34587380290031433
55064,0.22375331819057465
55065,0.2289215624332428
55066,0.2794796824455261
55067,0.25562793016433716
55068,0.1045200452208519
55069,0.25563788414001465
55070,0.21966171264648438
55071,0.18943259119987488
55072,0.1732926219701767
55073,0.2424793243408203
55074,0.24730658531188965
55075,0.18029499053955078
55076,0.28691375255584717
55077,0.25948038697242737
55078,0.24305324256420135
55079,0.4654071033000946
55080,0.26870909333229065
55081,0.1360020786523819
55082,0.27036985754966736
55083,0.2499976009130478
55084,0.20538751780986786
55085,0.3088666498661041
55086,0.20252081751823425
55087,0.30144497752189636
55088,0.24931183457374573
55089,0.27419236302375793
55090,0.136542409658432
55091,0.17922855913639069
55092,0.18249362707138062
55093,0.17091597616672516
55094,0.15655502676963806
55095,0.13297973573207855
55096,0.24625684320926666
55097,0.2251720279455185
55098,0.20638275146484375
55099,0.17762993276119232
55100,0.2069331556558609
55101,0.20514792203903198
55102,0.24127516150474548
55103,0.26365792751312256
55104,0.25958117842674255
55105,0.2561391592025757
55106,0.2345222532749176
55107,0.13475829362869263
55108,0.16422110795974731
55109,0.1511923223733902
55110,0.13617850840091705
55111,0.16698025166988373
55112,0.11927006393671036
55113,0.12585429847240448
55114,0.11569017171859741
55115,0.10270645469427109
55116,0.11301540583372116
55117,0.10518459975719452
55118,0.11245270073413849
55119,0.11259585618972778
55120,0.09646370261907578
55121,0.08916691690683365
55122,0.09394380450248718
55123,0.08409201353788376
55124,0.07140243798494339
55125,0.10543017834424973
55126,0.09894473850727081
55127,0.10552247613668442
55128,0.09698660671710968
55129,0.10296954959630966
55130,0.10325140506029129
55131,0.09579607099294662
55132,0.07982692867517471
55133,0.08233937621116638
55134,0.08323433250188828
55135,0.08328069746494293
55136,0.1324976235628128
55137,0.12021239846944809
55138,0.11874642968177795
55139,0.15940816700458527
55140,0.14276432991027832
55141,0.15545734763145447
55142,0.1374310404062271
55143,0.19940339028835297
55144,0.1809251606464386
55145,0.15360891819000244
55146,0.13313882052898407
55147,0.14594636857509613
55148,0.13922694325447083
55149,0.14621701836585999
55150,0.14068463444709778
55151,0.13563410937786102
55152,0.11292935907840729
55153,0.12877346575260162
55154,0.1333477795124054
55155,0.1288669854402542
55156,0.12630942463874817
55157,0.16180360317230225
55158,0.176311194896698
55159,0.14283215999603271
55160,0.13773511350154877
55161,0.1356540024280548
55162,0.14533694088459015
55163,0.1496642529964447
55164,0.16571521759033203
55165,0.1682588905096054
55166,0.1744106262922287
55167,0.18092669546604156
55168,0.1751084178686142
55169,0.1806025207042694
55170,0.16239599883556366
55171,0.13362707197666168
55172,0.08085836470127106
55173,0.09134863317012787
55174,0.15994085371494293
55175,0.1946541666984558
55176,0.09578409045934677
55177,0.12900759279727936
55178,0.15344902873039246
55179,0.19629766047000885
55180,0.19948886334896088
55181,0.20272262394428253
55182,0.18493692576885223
55183,0.16093504428863525
55184,0.14759297668933868
55185,0.11712463200092316
55186,0.11392176151275635
55187,0.1288812756538391
55188,0.1425309181213379
55189,0.14267389476299286
55190,0.10603030771017075
55191,0.09874807298183441
55192,0.10191760957241058
55193,0.3240273594856262
55194,0.2456587851047516
55195,0.2997381091117859
55196,0.1601630449295044
55197,0.1629885584115982
55198,0.16220863163471222
55199,0.17428073287010193
55200,0.17826023697853088
55201,0.20825111865997314
55202,0.3438047766685486
55203,0.31858277320861816
55204,0.40960466861724854
55205,0.3122059106826782
55206,0.19737716019153595
55207,0.16677480936050415
55208,0.13538400828838348
55209,0.2284630388021469
55210,0.2249826341867447
55211,0.21849091351032257
55212,0.3290140926837921
55213,0.31664353609085083
55214,0.3045349717140198
55215,0.23210152983665466
55216,0.22624269127845764
55217,0.3054717779159546
55218,0.25470343232154846
55219,0.2682420015335083
55220,0.2194257378578186
55221,0.30568522214889526
55222,0.2805238366127014
55223,0.24044618010520935
55224,0.2692337930202484
55225,0.2398960441350937
55226,0.28285858035087585
55227,0.23854580521583557
55228,0.25579404830932617
55229,0.27405229210853577
55230,0.2619302272796631
55231,0.35340821743011475
55232,0.23662684857845306
55233,0.1719885766506195
55234,0.2373490333557129
55235,0.23267599940299988
55236,0.23672080039978027
55237,0.2865262031555176
55238,0.26454371213912964
55239,0.25324252247810364
55240,0.3162664473056793
55241,0.26678022742271423
55242,0.3456043601036072
55243,0.35426846146583557
55244,0.39604470133781433
55245,0.33203819394111633
55246,0.29788854718208313
55247,0.3687164783477783
55248,0.30690908432006836
55249,0.33017870783805847
55250,0.2767202854156494
55251,0.24105751514434814
55252,0.322330117225647
55253,0.3058607876300812
55254,0.37680181860923767
55255,0.3751720190048218
55256,0.3352276086807251
55257,0.35231801867485046
55258,0.2926734983921051
55259,0.2900508940219879
55260,0.28634729981422424
55261,0.27652251720428467
55262,0.2941339612007141
55263,0.3229970932006836
55264,0.32145485281944275
55265,0.2609946131706238
55266,0.2676331698894501
55267,0.2870822548866272
55268,0.22901801764965057
55269,0.20209364593029022
55270,0.2478601634502411
55271,0.23237651586532593
55272,0.33964821696281433
55273,0.313328355550766
55274,0.2818123698234558
55275,0.2222316414117813
55276,0.26431432366371155
55277,0.22604674100875854
55278,0.21581020951271057
55279,0.1939312070608139
55280,0.27902036905288696
55281,0.30707576870918274
55282,0.19828124344348907
55283,0.23090235888957977
55284,0.2584135830402374
55285,0.23779501020908356
55286,0.24951116740703583
55287,0.22719205915927887
55288,0.1845623403787613
55289,0.17233654856681824
55290,0.23840974271297455
55291,0.33084869384765625
55292,0.27461349964141846
55293,0.27174994349479675
55294,0.1576761156320572
55295,0.19424818456172943
55296,0.2030191868543625
55297,0.23370487987995148
55298,0.24361997842788696
55299,0.24546697735786438
55300,0.2676502466201782
55301,0.2299090474843979
55302,0.2708725035190582
55303,0.34666937589645386
55304,0.33166149258613586
55305,0.2517147362232208
55306,0.26321500539779663
55307,0.30716612935066223
55308,0.16184453666210175
55309,0.2047976404428482
55310,0.15610134601593018
55311,0.24663780629634857
55312,0.2434239685535431
55313,0.23824265599250793
55314,0.2595684230327606
55315,0.16605061292648315
55316,0.24500226974487305
55317,0.2957720458507538
55318,0.0930013656616211
55319,0.18789657950401306
55320,0.15424594283103943
55321,0.1450519561767578
55322,0.14885933697223663
55323,0.23157250881195068
55324,0.23775428533554077
55325,0.3369811177253723
55326,0.21166110038757324
55327,0.2804476320743561
55328,0.2193504124879837
55329,0.15483324229717255
55330,0.21280239522457123
55331,0.23604576289653778
55332,0.20582659542560577
55333,0.21821200847625732
55334,0.21379822492599487
55335,0.23734639585018158
55336,0.2367309182882309
55337,0.22714488208293915
55338,0.20535627007484436
55339,0.18091128766536713
55340,0.2585391104221344
55341,0.2106350213289261
55342,0.2658940255641937
55343,0.24463030695915222
55344,0.2297636866569519
55345,0.28786855936050415
55346,0.30814027786254883
55347,0.33856263756752014
55348,0.3301825225353241
55349,0.3161047697067261
55350,0.25891250371932983
55351,0.21922072768211365
55352,0.32510682940483093
55353,0.16698740422725677
55354,0.2222948521375656
55355,0.2289894074201584
55356,0.23187299072742462
55357,0.21606621146202087
55358,0.23842820525169373
55359,0.2590543329715729
55360,0.3258465826511383
55361,0.3663092255592346
55362,0.3063586354255676
55363,0.21254248917102814
55364,0.20435859262943268
55365,0.2503203749656677
55366,0.2512339949607849
55367,0.28212249279022217
55368,0.34752193093299866
55369,0.26228418946266174
55370,0.2598624527454376
55371,0.2533715069293976
55372,0.24250976741313934
55373,0.21221297979354858
55374,0.2559468448162079
55375,0.27438271045684814
55376,0.2481156289577484
55377,0.1862984597682953
55378,0.23551706969738007
55379,0.2351752519607544
55380,0.2036004215478897
55381,0.2587738037109375
55382,0.27072378993034363
55383,0.22825659811496735
55384,0.2782590389251709
55385,0.3033910393714905
55386,0.3441130220890045
55387,0.2843022644519806
55388,0.3200214207172394
55389,0.3516111671924591
55390,0.3384068012237549
55391,0.22372093796730042
55392,0.3423934578895569
55393,0.3260039687156677
55394,0.24963457882404327
55395,0.3014943599700928
55396,0.26606762409210205
55397,0.18920882046222687
55398,0.274606317281723
55399,0.24044589698314667
55400,0.2519182562828064
55401,0.2219272404909134
55402,0.28478583693504333
55403,0.21482382714748383
55404,0.25362151861190796
55405,0.214136004447937
55406,0.21891897916793823
55407,0.2187686562538147
55408,0.1951553374528885
55409,0.255715012550354
55410,0.12705715000629425
55411,0.19978739321231842
55412,0.19345612823963165
55413,0.22604584693908691
55414,0.2561555504798889
55415,0.2634974420070648
55416,0.3209022283554077
55417,0.3059784471988678
55418,0.33482688665390015
55419,0.25632569193840027
55420,0.29490000009536743
55421,0.2959820330142975
55422,0.29876795411109924
55423,0.22777767479419708
55424,0.2027616798877716
55425,0.20763246715068817
55426,0.24405986070632935
55427,0.23836271464824677
55428,0.312394380569458
55429,0.24730844795703888
55430,0.29729098081588745
55431,0.3624326288700104
55432,0.35509467124938965
55433,0.3224923610687256
55434,0.22965368628501892
55435,0.31487470865249634
55436,0.29771071672439575
55437,0.2763705849647522
55438,0.2145683616399765
55439,0.1949150711297989
55440,0.21728110313415527
55441,0.1979416459798813
55442,0.24597673118114471
55443,0.2286919355392456
55444,0.25889599323272705
55445,0.2762428820133209
55446,0.24144794046878815
55447,0.2836160659790039
55448,0.2930237948894501
55449,0.2922455072402954
55450,0.22053492069244385
55451,0.24546216428279877
55452,0.2738436460494995
55453,0.2746974229812622
55454,0.30640628933906555
55455,0.2781669795513153
55456,0.2980750799179077
55457,0.1284579336643219
55458,0.09740904718637466
55459,0.07080210000276566
55460,0.10565079003572464
55461,0.07961023598909378
55462,0.08982957899570465
55463,0.1859663426876068
55464,0.1859663426876068
55465,0.06732011586427689
55466,0.09422867745161057
55467,0.1295877993106842
55468,0.13475915789604187
55469,0.13475915789604187
55470,0.19599269330501556
55471,0.08545123040676117
55472,0.08235205709934235
55473,0.07227252423763275
55474,0.07227252423763275
55475,0.07227252423763275
55476,0.07227252423763275
55477,0.07227252423763275
55478,0.06537376344203949
55479,0.060019489377737045
55480,0.07141037285327911
55481,0.06560183316469193
55482,0.08160950243473053
55483,0.13669484853744507
55484,0.10012339800596237
55485,0.07509493827819824
55486,0.06560183316469193
55487,0.25933247804641724
55488,0.19661015272140503
55489,0.09295754134654999
55490,0.1430697739124298
55491,0.1430697739124298
55492,0.1859980821609497
55493,0.1859980821609497
55494,0.2173328995704651
55495,0.2934968173503876
55496,0.21711355447769165
55497,0.3365790545940399
55498,0.3578221797943115
55499,0.328980952501297
55500,0.24362751841545105
55501,0.23054474592208862
55502,0.3424939513206482
55503,0.28441548347473145
55504,0.32939577102661133
55505,0.20551708340644836
55506,0.21116259694099426
55507,0.19894883036613464
55508,0.23130209743976593
55509,0.1753409057855606
55510,0.20228606462478638
55511,0.24508008360862732
55512,0.124012790620327
55513,0.08998868614435196
55514,0.20083172619342804
55515,0.1871124655008316
55516,0.18767482042312622
55517,0.16288025677204132
55518,0.251472145318985
55519,0.2682352662086487
55520,0.2957156300544739
55521,0.27309590578079224
55522,0.24433118104934692
55523,0.2820219397544861
55524,0.2672116160392761
55525,0.27093106508255005
55526,0.22768542170524597
55527,0.2601432800292969
55528,0.24626296758651733
55529,0.23449654877185822
55530,0.2321511209011078
55531,0.26358067989349365
55532,0.2559865713119507
55533,0.2042364925146103
55534,0.21665306389331818
55535,0.290467768907547
55536,0.27633124589920044
55537,0.2612764239311218
55538,0.23598161339759827
55539,0.24125349521636963
55540,0.26929187774658203
55541,0.25339123606681824
55542,0.27003806829452515
55543,0.22974421083927155
55544,0.23517318069934845
55545,0.2200964093208313
55546,0.22249794006347656
55547,0.23141144216060638
55548,0.26073840260505676
55549,0.27200260758399963
55550,0.3544274568557739
55551,0.2089507132768631
55552,0.22726193070411682
55553,0.21005718410015106
55554,0.21397778391838074
55555,0.17132240533828735
55556,0.28399428725242615
55557,0.26576361060142517
55558,0.3511560559272766
55559,0.3062707483768463
55560,0.19734640419483185
55561,0.19651803374290466
55562,0.1826290488243103
55563,0.21847157180309296
55564,0.25070565938949585
55565,0.20349082350730896
55566,0.24661926925182343
55567,0.18629039824008942
55568,0.25054916739463806
55569,0.320110559463501
55570,0.26026296615600586
55571,0.32964837551116943
55572,0.28168702125549316
55573,0.289244681596756
55574,0.3294888734817505
55575,0.31247299909591675
55576,0.3131187856197357
55577,0.31006500124931335
55578,0.3604550361633301
55579,0.33015176653862
55580,0.27335888147354126
55581,0.26086702942848206
55582,0.40053287148475647
55583,0.21150104701519012
55584,0.20222394168376923
55585,0.2120630443096161
55586,0.240366131067276
55587,0.15767166018486023
55588,0.1966460645198822
55589,0.32808345556259155
55590,0.34009501338005066
55591,0.32931941747665405
55592,0.30351370573043823
55593,0.31811171770095825
55594,0.2954353094100952
55595,0.2812565267086029
55596,0.21731752157211304
55597,0.24322043359279633
55598,0.3204243779182434
55599,0.2812547981739044
55600,0.3402528464794159
55601,0.2617429196834564
55602,0.29886701703071594
55603,0.3004031181335449
55604,0.2784850001335144
55605,0.2630268931388855
55606,0.26056748628616333
55607,0.25140297412872314
55608,0.2718062996864319
55609,0.26012080907821655
55610,0.2747124433517456
55611,0.2715156674385071
55612,0.273080974817276
55613,0.26636049151420593
55614,0.26899969577789307
55615,0.269587904214859
55616,0.29200130701065063
55617,0.34466472268104553
55618,0.34392133355140686
55619,0.2781706750392914
55620,0.3573779761791229
55621,0.29340633749961853
55622,0.3905365467071533
55623,0.3382017910480499
55624,0.30408549308776855
55625,0.3110130727291107
55626,0.3182709813117981
55627,0.324631005525589
55628,0.32711851596832275
55629,0.30566003918647766
55630,0.32787781953811646
55631,0.24129825830459595
55632,0.30459439754486084
55633,0.41654452681541443
55634,0.31842899322509766
55635,0.3097391724586487
55636,0.20445935428142548
55637,0.2957788407802582
55638,0.3107134699821472
55639,0.2979217767715454
55640,0.24836814403533936
55641,0.3128245770931244
55642,0.3297554850578308
55643,0.29977911710739136
55644,0.3193551301956177
55645,0.32170426845550537
55646,0.2881986200809479
55647,0.285385400056839
55648,0.28027844429016113
55649,0.28180429339408875
55650,0.22962690889835358
55651,0.20518656075000763
55652,0.24768908321857452
55653,0.26795539259910583
55654,0.24820658564567566
55655,0.33772605657577515
55656,0.2609158158302307
55657,0.25217577815055847
55658,0.2281440645456314
55659,0.2204238772392273
55660,0.3038458526134491
55661,0.27483826875686646
55662,0.2660694122314453
55663,0.22205930948257446
55664,0.2620575726032257
55665,0.26158803701400757
55666,0.3109982907772064
55667,0.2903192639350891
55668,0.27370133996009827
55669,0.23202091455459595
55670,0.24189671874046326
55671,0.22712956368923187
55672,0.24081066250801086
55673,0.2746318578720093
55674,0.32272791862487793
55675,0.25871729850769043
55676,0.28289398550987244
55677,0.20440086722373962
55678,0.2328471839427948
55679,0.21075618267059326
55680,0.17798352241516113
55681,0.17366287112236023
55682,0.21063882112503052
55683,0.20099279284477234
55684,0.20846304297447205
55685,0.2172374725341797
55686,0.16322201490402222
55687,0.15956750512123108
55688,0.1797814518213272
55689,0.1797814518213272
55690,0.19426539540290833
55691,0.21327553689479828
55692,0.222316175699234
55693,0.26382699608802795
55694,0.20697523653507233
55695,0.21684154868125916
55696,0.2644827961921692
55697,0.2068808376789093
55698,0.2695435583591461
55699,0.25304731726646423
55700,0.2240494042634964
55701,0.25205448269844055
55702,0.2419990599155426
55703,0.23356549441814423
55704,0.15635693073272705
55705,0.18098728358745575
55706,0.20729537308216095
55707,0.2047128677368164
55708,0.18821507692337036
55709,0.3454478085041046
55710,0.3308093845844269
55711,0.30335167050361633
55712,0.3370826244354248
55713,0.34774163365364075
55714,0.31352901458740234
55715,0.32827556133270264
55716,0.36826395988464355
55717,0.3438849449157715
55718,0.31826990842819214
55719,0.36195045709609985
55720,0.32070454955101013
55721,0.31603145599365234
55722,0.36902210116386414
55723,0.3448207378387451
55724,0.2904735505580902
55725,0.2511569559574127
55726,0.24846148490905762
55727,0.24929414689540863
55728,0.3067275285720825
55729,0.2713671624660492
55730,0.28455492854118347
55731,0.25170397758483887
55732,0.2598103880882263
55733,0.2492479532957077
55734,0.3370288908481598
55735,0.2971118092536926
55736,0.271131694316864
55737,0.3165576756000519
55738,0.324628621339798
55739,0.3303843140602112
55740,0.3199339509010315
55741,0.2878715991973877
55742,0.27768898010253906
55743,0.24480563402175903
55744,0.27483421564102173
55745,0.31247496604919434
55746,0.34515219926834106
55747,0.33618083596229553
55748,0.3506704270839691
55749,0.3424491584300995
55750,0.29021960496902466
55751,0.2679675221443176
55752,0.26857420802116394
55753,0.27083733677864075
55754,0.32429203391075134
55755,0.3783508241176605
55756,0.3537375330924988
55757,0.32114914059638977
55758,0.3403002619743347
55759,0.349143385887146
55760,0.25116273760795593
55761,0.2400006353855133
55762,0.19932880997657776
55763,0.25872594118118286
55764,0.23344087600708008
55765,0.2709510624408722
55766,0.28468436002731323
55767,0.24759453535079956
55768,0.24997401237487793
55769,0.25471335649490356
55770,0.21023307740688324
55771,0.1746710240840912
55772,0.18971048295497894
55773,0.16274023056030273
55774,0.1557740569114685
55775,0.14086225628852844
55776,0.1894012838602066
55777,0.1771322786808014
55778,0.24535968899726868
55779,0.32711222767829895
55780,0.23047828674316406
55781,0.31267496943473816
55782,0.17895597219467163
55783,0.4077913761138916
55784,0.33478254079818726
55785,0.2677062153816223
55786,0.25433531403541565
55787,0.30465611815452576
55788,0.2495569884777069
55789,0.23691973090171814
55790,0.10678431391716003
55791,0.10396762192249298
55792,0.10678431391716003
55793,0.13095565140247345
55794,0.12418278306722641
55795,0.12635037302970886
55796,0.21415641903877258
55797,0.1505211442708969
55798,0.20740243792533875
55799,0.2551678419113159
55800,0.25727444887161255
55801,0.17737968266010284
55802,0.30978965759277344
55803,0.2794710695743561
55804,0.2603321671485901
55805,0.28616252541542053
55806,0.29569604992866516
55807,0.2780589163303375
55808,0.3143564462661743
55809,0.27990639209747314
55810,0.22477833926677704
55811,0.24838638305664062
55812,0.22061631083488464
55813,0.2862336039543152
55814,0.25909799337387085
55815,0.2617682218551636
55816,0.26484915614128113
55817,0.31287074089050293
55818,0.4111706614494324
55819,0.3206111192703247
55820,0.333578884601593
55821,0.36106637120246887
55822,0.3747400641441345
55823,0.34635913372039795
55824,0.3798287510871887
55825,0.3188264071941376
55826,0.4059517979621887
55827,0.3411848545074463
55828,0.357136994600296
55829,0.3761862814426422
55830,0.31290555000305176
55831,0.3091278076171875
55832,0.3841347098350525
55833,0.35187944769859314
55834,0.3235017657279968
55835,0.3814976215362549
55836,0.34895002841949463
55837,0.36122795939445496
55838,0.28054964542388916
55839,0.2801572382450104
55840,0.22909320890903473
55841,0.2969920337200165
55842,0.25248223543167114
55843,0.3660755455493927
55844,0.23731599748134613
55845,0.22494839131832123
55846,0.21046116948127747
55847,0.23364441096782684
55848,0.2942821979522705
55849,0.20075321197509766
55850,0.3133959174156189
55851,0.2009032517671585
55852,0.3424839675426483
55853,0.3231531083583832
55854,0.24526290595531464
55855,0.28850609064102173
55856,0.24880346655845642
55857,0.35882532596588135
55858,0.18193741142749786
55859,0.21108369529247284
55860,0.21443204581737518
55861,0.22015303373336792
55862,0.1883394867181778
55863,0.24984651803970337
55864,0.2136278748512268
55865,0.21745726466178894
55866,0.22962869703769684
55867,0.34010690450668335
55868,0.3493354320526123
55869,0.18260039389133453
55870,0.22994723916053772
55871,0.3478907346725464
55872,0.24218252301216125
55873,0.29412591457366943
55874,0.3722071051597595
55875,0.23591560125350952
55876,0.2081165611743927
55877,0.32613250613212585
55878,0.24594232439994812
55879,0.3427731990814209
55880,0.21592628955841064
55881,0.2191079705953598
55882,0.24713441729545593
55883,0.334433376789093
55884,0.2724573314189911
55885,0.2566348910331726
55886,0.3025287687778473
55887,0.24833346903324127
55888,0.20949584245681763
55889,0.2588708996772766
55890,0.2966235876083374
55891,0.28973284363746643
55892,0.30560562014579773
55893,0.35564538836479187
55894,0.31064900755882263
55895,0.25420066714286804
55896,0.2655531167984009
55897,0.23773221671581268
55898,0.29735130071640015
55899,0.31055739521980286
55900,0.2890564799308777
55901,0.28406816720962524
55902,0.2028816193342209
55903,0.21357160806655884
55904,0.28799328207969666
55905,0.2661101520061493
55906,0.234716534614563
55907,0.21413573622703552
55908,0.23279698193073273
55909,0.1845005750656128
55910,0.33391961455345154
55911,0.19458192586898804
55912,0.21570439636707306
55913,0.329094260931015
55914,0.2849954664707184
55915,0.2711184620857239
55916,0.28538382053375244
55917,0.3294302821159363
55918,0.294427752494812
55919,0.314992755651474
55920,0.29765504598617554
55921,0.25363993644714355
55922,0.27214062213897705
55923,0.22741368412971497
55924,0.252506822347641
55925,0.3311724364757538
55926,0.2983425259590149
55927,0.23571796715259552
55928,0.22688890993595123
55929,0.25540903210639954
55930,0.24956630170345306
55931,0.255012184381485
55932,0.2553297281265259
55933,0.2626398801803589
55934,0.23067232966423035
55935,0.2152625173330307
55936,0.2606460452079773
55937,0.3129555881023407
55938,0.2980591654777527
55939,0.3079509437084198
55940,0.287564754486084
55941,0.18294519186019897
55942,0.17484807968139648
55943,0.28846123814582825
55944,0.2138475477695465
55945,0.230400949716568
55946,0.2332661896944046
55947,0.22134895622730255
55948,0.23175778985023499
55949,0.25046268105506897
55950,0.263141393661499
55951,0.1977996975183487
55952,0.18656788766384125
55953,0.23348098993301392
55954,0.23240281641483307
55955,0.22275236248970032
55956,0.23783616721630096
55957,0.23779423534870148
55958,0.27269446849823
55959,0.22436076402664185
55960,0.21610088646411896
55961,0.1653832048177719
55962,0.17251302301883698
55963,0.20189568400382996
55964,0.22350236773490906
55965,0.2482690066099167
55966,0.2568398714065552
55967,0.23926350474357605
55968,0.2591698169708252
55969,0.22746075689792633
55970,0.204757958650589
55971,0.1972164809703827
55972,0.23422013223171234
55973,0.2218121588230133
55974,0.22876322269439697
55975,0.2264220118522644
55976,0.24184906482696533
55977,0.27162447571754456
55978,0.2555414140224457
55979,0.28340965509414673
55980,0.24783727526664734
55981,0.24546651542186737
55982,0.27164676785469055
55983,0.282166987657547
55984,0.21059855818748474
55985,0.18700988590717316
55986,0.2418627291917801
55987,0.2512587010860443
55988,0.2510444223880768
55989,0.26935502886772156
55990,0.2569347620010376
55991,0.23587937653064728
55992,0.18564918637275696
55993,0.22361470758914948
55994,0.24709410965442657
55995,0.2860737442970276
55996,0.3011568784713745
55997,0.28767889738082886
55998,0.25708287954330444
55999,0.27008146047592163
56000,0.23823951184749603
56001,0.2123841643333435
56002,0.2502444088459015
56003,0.22411200404167175
56004,0.223667711019516
56005,0.23723213374614716
56006,0.282962441444397
56007,0.28013962507247925
56008,0.27522411942481995
56009,0.2421133816242218
56010,0.235250324010849
56011,0.22641980648040771
56012,0.21810439229011536
56013,0.19722045958042145
56014,0.24606269598007202
56015,0.23001931607723236
56016,0.2988089919090271
56017,0.25800126791000366
56018,0.24723823368549347
56019,0.2596280574798584
56020,0.2781079411506653
56021,0.29861512780189514
56022,0.26604971289634705
56023,0.22836607694625854
56024,0.19580216705799103
56025,0.18244896829128265
56026,0.17087674140930176
56027,0.17864984273910522
56028,0.23329128324985504
56029,0.25588905811309814
56030,0.2964334189891815
56031,0.3414197564125061
56032,0.2985196113586426
56033,0.31966739892959595
56034,0.09669094532728195
56035,0.09877218306064606
56036,0.11018478870391846
56037,0.11451838910579681
56038,0.11527761071920395
56039,0.12204793095588684
56040,0.1005692407488823
56041,0.10050414502620697
56042,0.09331104159355164
56043,0.11650921404361725
56044,0.09184399992227554
56045,0.11323031038045883
56046,0.11137818545103073
56047,0.10671258717775345
56048,0.12646372616291046
56049,0.11672007292509079
56050,0.10070081800222397
56051,0.12348268181085587
56052,0.10143391042947769
56053,0.08919873833656311
56054,0.08505312353372574
56055,0.10009196400642395
56056,0.11682648211717606
56057,0.11657989025115967
56058,0.11870023608207703
56059,0.1259625107049942
56060,0.10348770767450333
56061,0.09481269121170044
56062,0.08836459368467331
56063,0.08651932328939438
56064,0.08818938583135605
56065,0.08378095179796219
56066,0.0757870152592659
56067,0.07274633646011353
56068,0.07854904234409332
56069,0.07770004123449326
56070,0.10225764662027359
56071,0.06692535430192947
56072,0.08511479943990707
56073,0.06986721605062485
56074,0.07093081623315811
56075,0.06671352684497833
56076,0.07430549710988998
56077,0.27861350774765015
56078,0.284055233001709
56079,0.180820032954216
56080,0.29203206300735474
56081,0.28466954827308655
56082,0.26011398434638977
56083,0.2666008770465851
56084,0.35110050439834595
56085,0.20178399980068207
56086,0.22277170419692993
56087,0.2283286303281784
56088,0.21104103326797485
56089,0.20636749267578125
56090,0.2102428376674652
56091,0.18122150003910065
56092,0.17767716944217682
56093,0.18707375228405
56094,0.192188560962677
56095,0.303595632314682
56096,0.35031282901763916
56097,0.3552893400192261
56098,0.32572075724601746
56099,0.2974981367588043
56100,0.2922176718711853
56101,0.2921296954154968
56102,0.2847079932689667
56103,0.22901853919029236
56104,0.24710208177566528
56105,0.20987088978290558
56106,0.2093062549829483
56107,0.21581284701824188
56108,0.22853754460811615
56109,0.2519485056400299
56110,0.2314235419034958
56111,0.2197154015302658
56112,0.37671518325805664
56113,0.26534175872802734
56114,0.26534175872802734
56115,0.24476805329322815
56116,0.24476805329322815
56117,0.24579809606075287
56118,0.24579809606075287
56119,0.24579809606075287
56120,0.2888455390930176
56121,0.2969498038291931
56122,0.2888455390930176
56123,0.26001760363578796
56124,0.26001760363578796
56125,0.3244802951812744
56126,0.30884525179862976
56127,0.30884525179862976
56128,0.37569621205329895
56129,0.37569621205329895
56130,0.3427644371986389
56131,0.3427644371986389
56132,0.40999823808670044
56133,0.40999823808670044
56134,0.35210371017456055
56135,0.350350946187973
56136,0.350350946187973
56137,0.350350946187973
56138,0.350350946187973
56139,0.350350946187973
56140,0.42211779952049255
56141,0.42211779952049255
56142,0.34538111090660095
56143,0.3587154448032379
56144,0.3587154448032379
56145,0.304610937833786
56146,0.304610937833786
56147,0.36976587772369385
56148,0.36976587772369385
56149,0.38307276368141174
56150,0.38307276368141174
56151,0.358973890542984
56152,0.358973890542984
56153,0.37107014656066895
56154,0.37107014656066895
56155,0.37107014656066895
56156,0.29965659976005554
56157,0.29965659976005554
56158,0.29965659976005554
56159,0.29234758019447327
56160,0.28152573108673096
56161,0.29556047916412354
56162,0.3286939859390259
56163,0.31779661774635315
56164,0.2639996409416199
56165,0.19892200827598572
56166,0.2253531664609909
56167,0.2884465157985687
56168,0.17985303699970245
56169,0.23051521182060242
56170,0.26448720693588257
56171,0.2437162548303604
56172,0.23900273442268372
56173,0.23315344750881195
56174,0.24442625045776367
56175,0.2542165219783783
56176,0.2598264217376709
56177,0.2289302498102188
56178,0.19947756826877594
56179,0.2098497599363327
56180,0.23353777825832367
56181,0.2619231045246124
56182,0.23712879419326782
56183,0.2484271079301834
56184,0.2499791532754898
56185,0.28237515687942505
56186,0.29033538699150085
56187,0.2830272614955902
56188,0.31508585810661316
56189,0.3314584791660309
56190,0.3360869884490967
56191,0.3481428623199463
56192,0.34668901562690735
56193,0.2871280312538147
56194,0.26942986249923706
56195,0.2503591775894165
56196,0.269010454416275
56197,0.22730669379234314
56198,0.27199989557266235
56199,0.12150301039218903
56200,0.12458496540784836
56201,0.22509078681468964
56202,0.16312053799629211
56203,0.23332394659519196
56204,0.22725750505924225
56205,0.19546154141426086
56206,0.2256205976009369
56207,0.24524103105068207
56208,0.20482154190540314
56209,0.30373960733413696
56210,0.21370641887187958
56211,0.22232326865196228
56212,0.2118222564458847
56213,0.21650022268295288
56214,0.2064526230096817
56215,0.19205865263938904
56216,0.19961169362068176
56217,0.18256378173828125
56218,0.21708561480045319
56219,0.2416495680809021
56220,0.22477689385414124
56221,0.2159276157617569
56222,0.20509618520736694
56223,0.23690447211265564
56224,0.1969003826379776
56225,0.2239011973142624
56226,0.2312733381986618
56227,0.2441592663526535
56228,0.22261850535869598
56229,0.23690958321094513
56230,0.23560366034507751
56231,0.23590977489948273
56232,0.21942250430583954
56233,0.2409306764602661
56234,0.21623088419437408
56235,0.2255334109067917
56236,0.21613948047161102
56237,0.2862851023674011
56238,0.30459854006767273
56239,0.2697312533855438
56240,0.23361772298812866
56241,0.3174528181552887
56242,0.27270203828811646
56243,0.28135719895362854
56244,0.2867068350315094
56245,0.2510528862476349
56246,0.3048911988735199
56247,0.3361262083053589
56248,0.2861391603946686
56249,0.2937028110027313
56250,0.28002026677131653
56251,0.33963680267333984
56252,0.3514053523540497
56253,0.3296300172805786
56254,0.34657472372055054
56255,0.3987879455089569
56256,0.3467983305454254
56257,0.3631489872932434
56258,0.32910770177841187
56259,0.4113346338272095
56260,0.34121477603912354
56261,0.2920817732810974
56262,0.30445316433906555
56263,0.30810558795928955
56264,0.30171748995780945
56265,0.2790919244289398
56266,0.34067901968955994
56267,0.35666632652282715
56268,0.3607938289642334
56269,0.3168216347694397
56270,0.3619750738143921
56271,0.3434031307697296
56272,0.34117791056632996
56273,0.30469441413879395
56274,0.334482878446579
56275,0.3272334337234497
56276,0.3142804503440857
56277,0.33996886014938354
56278,0.38460496068000793
56279,0.29851415753364563
56280,0.3656389117240906
56281,0.3394286334514618
56282,0.2861187160015106
56283,0.235911563038826
56284,0.23869739472866058
56285,0.26316407322883606
56286,0.2528287172317505
56287,0.2290465086698532
56288,0.22214750945568085
56289,0.224165678024292
56290,0.2548927068710327
56291,0.21104328334331512
56292,0.21430933475494385
56293,0.16896137595176697
56294,0.17136897146701813
56295,0.1834910660982132
56296,0.2092108130455017
56297,0.2588062882423401
56298,0.3163362741470337
56299,0.1915566623210907
56300,0.21335090696811676
56301,0.2816289961338043
56302,0.32573646306991577
56303,0.35263508558273315
56304,0.2714810371398926
56305,0.34177064895629883
56306,0.33989420533180237
56307,0.3129431903362274
56308,0.37765398621559143
56309,0.30956995487213135
56310,0.3849356174468994
56311,0.25075188279151917
56312,0.21295036375522614
56313,0.17978839576244354
56314,0.2889823913574219
56315,0.3187972903251648
56316,0.3591724634170532
56317,0.23001907765865326
56318,0.3359660804271698
56319,0.22405311465263367
56320,0.19169311225414276
56321,0.3485661447048187
56322,0.3092834949493408
56323,0.3256269693374634
56324,0.35994839668273926
56325,0.2123757004737854
56326,0.24619346857070923
56327,0.1841416358947754
56328,0.16439881920814514
56329,0.17725089192390442
56330,0.19018222391605377
56331,0.06745294481515884
56332,0.08641797304153442
56333,0.12822343409061432
56334,0.18237201869487762
56335,0.11796179413795471
56336,0.11378341168165207
56337,0.11817266047000885
56338,0.13915422558784485
56339,0.15786293148994446
56340,0.17455288767814636
56341,0.1650601625442505
56342,0.1672178953886032
56343,0.13032695651054382
56344,0.15492112934589386
56345,0.16534745693206787
56346,0.16592621803283691
56347,0.15004213154315948
56348,0.11064530164003372
56349,0.15733543038368225
56350,0.13900548219680786
56351,0.14990341663360596
56352,0.15277063846588135
56353,0.15058006346225739
56354,0.15030384063720703
56355,0.1510024070739746
56356,0.1429625302553177
56357,0.16369843482971191
56358,0.20539306104183197
56359,0.21391017735004425
56360,0.16303499042987823
56361,0.15147873759269714
56362,0.14842596650123596
56363,0.1745813637971878
56364,0.17981964349746704
56365,0.17136602103710175
56366,0.4365680515766144
56367,0.2724335789680481
56368,0.2618194818496704
56369,0.3175133466720581
56370,0.39164239168167114
56371,0.3205884099006653
56372,0.3977406620979309
56373,0.16043411195278168
56374,0.33824917674064636
56375,0.22985269129276276
56376,0.2687528729438782
56377,0.35863590240478516
56378,0.15354089438915253
56379,0.26367640495300293
56380,0.35920998454093933
56381,0.2491568773984909
56382,0.3629326820373535
56383,0.32140350341796875
56384,0.3057606518268585
56385,0.27452200651168823
56386,0.4084837734699249
56387,0.48931992053985596
56388,0.3459613025188446
56389,0.3095267713069916
56390,0.2857542037963867
56391,0.2137659341096878
56392,0.10899797081947327
56393,0.2684757709503174
56394,0.20316536724567413
56395,0.3033190071582794
56396,0.2897246778011322
56397,0.2359108328819275
56398,0.40329840779304504
56399,0.32190045714378357
56400,0.034973591566085815
56401,0.14242391288280487
56402,0.16325680911540985
56403,0.14262597262859344
56404,0.13529662787914276
56405,0.19093824923038483
56406,0.09551359713077545
56407,0.09203338623046875
56408,0.10641397535800934
56409,0.05420300364494324
56410,0.1298540234565735
56411,0.12491945922374725
56412,0.18183870613574982
56413,0.1830301433801651
56414,0.17433343827724457
56415,0.18154233694076538
56416,0.21352338790893555
56417,0.22121183574199677
56418,0.21507467329502106
56419,0.21405521035194397
56420,0.2206255942583084
56421,0.22861497104167938
56422,0.22949500381946564
56423,0.27418002486228943
56424,0.2692001163959503
56425,0.2761435806751251
56426,0.26730212569236755
56427,0.24406471848487854
56428,0.26275601983070374
56429,0.14696289598941803
56430,0.14164108037948608
56431,0.17370736598968506
56432,0.2022922933101654
56433,0.22831624746322632
56434,0.230974942445755
56435,0.2442014217376709
56436,0.2204923778772354
56437,0.20479092001914978
56438,0.19685006141662598
56439,0.15527555346488953
56440,0.17395664751529694
56441,0.20083747804164886
56442,0.22473259270191193
56443,0.2239152044057846
56444,0.2454986870288849
56445,0.19841313362121582
56446,0.17983585596084595
56447,0.17698979377746582
56448,0.19554123282432556
56449,0.20402522385120392
56450,0.2181777060031891
56451,0.19936980307102203
56452,0.18840187788009644
56453,0.18116328120231628
56454,0.16565081477165222
56455,0.1620820164680481
56456,0.16475731134414673
56457,0.18060529232025146
56458,0.2050892859697342
56459,0.17803937196731567
56460,0.2067330926656723
56461,0.21655316650867462
56462,0.17316561937332153
56463,0.17848488688468933
56464,0.19612951576709747
56465,0.2041112631559372
56466,0.18342457711696625
56467,0.1798626333475113
56468,0.18251609802246094
56469,0.1663954108953476
56470,0.15883652865886688
56471,0.13838982582092285
56472,0.158798485994339
56473,0.16305486857891083
56474,0.1757211685180664
56475,0.16929131746292114
56476,0.13588257133960724
56477,0.1284610778093338
56478,0.13532419502735138
56479,0.14649461209774017
56480,0.1410476565361023
56481,0.13880370557308197
56482,0.12498845160007477
56483,0.14112478494644165
56484,0.14568540453910828
56485,0.15453483164310455
56486,0.16640408337116241
56487,0.16858193278312683
56488,0.16547811031341553
56489,0.16175933182239532
56490,0.11057007312774658
56491,0.13123197853565216
56492,0.12675248086452484
56493,0.1577426642179489
56494,0.13420581817626953
56495,0.14040742814540863
56496,0.13490571081638336
56497,0.13954398036003113
56498,0.1609649658203125
56499,0.1312166452407837
56500,0.1542629599571228
56501,0.1471717804670334
56502,0.14340552687644958
56503,0.14243537187576294
56504,0.13673348724842072
56505,0.152510866522789
56506,0.15112192928791046
56507,0.14887487888336182
56508,0.1408906877040863
56509,0.17453594505786896
56510,0.16697801649570465
56511,0.17501546442508698
56512,0.15821371972560883
56513,0.1442726105451584
56514,0.15787699818611145
56515,0.14920364320278168
56516,0.15998175740242004
56517,0.16812840104103088
56518,0.16369058191776276
56519,0.1426512897014618
56520,0.15090548992156982
56521,0.10235334187746048
56522,0.10722099244594574
56523,0.12508729100227356
56524,0.12893341481685638
56525,0.14956796169281006
56526,0.14575091004371643
56527,0.13580814003944397
56528,0.1441781371831894
56529,0.13261276483535767
56530,0.1136794239282608
56531,0.1964348554611206
56532,0.14577820897102356
56533,0.14162664115428925
56534,0.13922180235385895
56535,0.1128048449754715
56536,0.12360259145498276
56537,0.13866496086120605
56538,0.14585115015506744
56539,0.12840436398983002
56540,0.09675560891628265
56541,0.11560535430908203
56542,0.12213563174009323
56543,0.11769693344831467
56544,0.12004519253969193
56545,0.11815822124481201
56546,0.10269782692193985
56547,0.2434876561164856
56548,0.22812888026237488
56549,0.203626349568367
56550,0.12596330046653748
56551,0.1329999566078186
56552,0.11357766389846802
56553,0.1256755292415619
56554,0.12527182698249817
56555,0.11781593412160873
56556,0.11188925802707672
56557,0.09805464744567871
56558,0.12088587135076523
56559,0.12743885815143585
56560,0.12645788490772247
56561,0.12608544528484344
56562,0.132892906665802
56563,0.12924474477767944
56564,0.12800438702106476
56565,0.10775978118181229
56566,0.12397918850183487
56567,0.13464447855949402
56568,0.12332481145858765
56569,0.125631183385849
56570,0.11790888756513596
56571,0.09807589650154114
56572,0.09617408365011215
56573,0.10074575245380402
56574,0.1125655248761177
56575,0.10480400174856186
56576,0.09671590477228165
56577,0.09789181500673294
56578,0.11354970186948776
56579,0.116661436855793
56580,0.09956145286560059
56581,0.1266852170228958
56582,0.10746151953935623
56583,0.12631598114967346
56584,0.12321184575557709
56585,0.09515596926212311
56586,0.09606211632490158
56587,0.11851713061332703
56588,0.1276007741689682
56589,0.12850694358348846
56590,0.12495696544647217
56591,0.10905493050813675
56592,0.11201053112745285
56593,0.10104656219482422
56594,0.1174069344997406
56595,0.12393778562545776
56596,0.11459334194660187
56597,0.10274827480316162
56598,0.14893415570259094
56599,0.14315040409564972
56600,0.14572861790657043
56601,0.14822055399417877
56602,0.14117322862148285
56603,0.1508549153804779
56604,0.13968481123447418
56605,0.1793980896472931
56606,0.1984224170446396
56607,0.19534975290298462
56608,0.133357971906662
56609,0.11836548149585724
56610,0.12040552496910095
56611,0.12757515907287598
56612,0.13004754483699799
56613,0.134962260723114
56614,0.14088769257068634
56615,0.13261321187019348
56616,0.13149940967559814
56617,0.13944071531295776
56618,0.15228061378002167
56619,0.14168255031108856
56620,0.12360378354787827
56621,0.12197288870811462
56622,0.11414244025945663
56623,0.10597805678844452
56624,0.12003306299448013
56625,0.13210217654705048
56626,0.13615188002586365
56627,0.15821745991706848
56628,0.14085723459720612
56629,0.13256385922431946
56630,0.12711094319820404
56631,0.1263156533241272
56632,0.12745274603366852
56633,0.13873328268527985
56634,0.14510974287986755
56635,0.13830912113189697
56636,0.14047741889953613
56637,0.13736025989055634
56638,0.11888309568166733
56639,0.1120915561914444
56640,0.11705093085765839
56641,0.11637827008962631
56642,0.12472998350858688
56643,0.12303144484758377
56644,0.12764637172222137
56645,0.14173400402069092
56646,0.12536314129829407
56647,0.12681815028190613
56648,0.14779140055179596
56649,0.15874095261096954
56650,0.14496564865112305
56651,0.15369990468025208
56652,0.15510712563991547
56653,0.16079957783222198
56654,0.10949379950761795
56655,0.11179304867982864
56656,0.10650544613599777
56657,0.1091233566403389
56658,0.12928639352321625
56659,0.14020878076553345
56660,0.13124431669712067
56661,0.15335404872894287
56662,0.15189671516418457
56663,0.15356162190437317
56664,0.15999287366867065
56665,0.12708458304405212
56666,0.16213250160217285
56667,0.19100023806095123
56668,0.18808060884475708
56669,0.17705602943897247
56670,0.13211871683597565
56671,0.14836633205413818
56672,0.1651308238506317
56673,0.1792694479227066
56674,0.17282511293888092
56675,0.15554524958133698
56676,0.15675075352191925
56677,0.16117361187934875
56678,0.15474718809127808
56679,0.13973821699619293
56680,0.12285420298576355
56681,0.14324542880058289
56682,0.1600181609392166
56683,0.16985175013542175
56684,0.1731691062450409
56685,0.1535603404045105
56686,0.16431868076324463
56687,0.14460133016109467
56688,0.1739334613084793
56689,0.19600516557693481
56690,0.24106056988239288
56691,0.2166818082332611
56692,0.24038304388523102
56693,0.3473495841026306
56694,0.21797920763492584
56695,0.1918848156929016
56696,0.2621326148509979
56697,0.26344019174575806
56698,0.27373048663139343
56699,0.2366379201412201
56700,0.24547386169433594
56701,0.30160093307495117
56702,0.2252548635005951
56703,0.23869051039218903
56704,0.2522062361240387
56705,0.27113455533981323
56706,0.2299491912126541
56707,0.2666389048099518
56708,0.25371772050857544
56709,0.2751000225543976
56710,0.30977416038513184
56711,0.30877673625946045
56712,0.34710562229156494
56713,0.3084343671798706
56714,0.30363497138023376
56715,0.333525151014328
56716,0.3029989004135132
56717,0.2780311107635498
56718,0.35151147842407227
56719,0.3700937032699585
56720,0.33932968974113464
56721,0.3954662084579468
56722,0.28639233112335205
56723,0.2583213150501251
56724,0.39570051431655884
56725,0.41195443272590637
56726,0.4388939440250397
56727,0.4187559187412262
56728,0.3952881693840027
56729,0.3770921528339386
56730,0.2947506904602051
56731,0.329317569732666
56732,0.2666497230529785
56733,0.28029316663742065
56734,0.28429239988327026
56735,0.27375683188438416
56736,0.3634862005710602
56737,0.2992490231990814
56738,0.27484020590782166
56739,0.2758989632129669
56740,0.26555711030960083
56741,0.2614293694496155
56742,0.2882191836833954
56743,0.37845948338508606
56744,0.3173063397407532
56745,0.2760484516620636
56746,0.2680820822715759
56747,0.27471473813056946
56748,0.3025738298892975
56749,0.25151896476745605
56750,0.2551489770412445
56751,0.20581772923469543
56752,0.05178670957684517
56753,0.11824007332324982
56754,0.33316925168037415
56755,0.3640138804912567
56756,0.3380126953125
56757,0.3124435842037201
56758,0.2560673952102661
56759,0.23901867866516113
56760,0.17857114970684052
56761,0.29393142461776733
56762,0.20169112086296082
56763,0.20474973320960999
56764,0.35936301946640015
56765,0.30113720893859863
56766,0.40244418382644653
56767,0.4742272198200226
56768,0.25970709323883057
56769,0.19430501759052277
56770,0.25906264781951904
56771,0.27746841311454773
56772,0.24609526991844177
56773,0.2573981285095215
56774,0.24240079522132874
56775,0.22914576530456543
56776,0.20648612082004547
56777,0.19619417190551758
56778,0.18178318440914154
56779,0.1906195878982544
56780,0.2273259460926056
56781,0.2505950927734375
56782,0.2661941647529602
56783,0.2163538932800293
56784,0.2230461984872818
56785,0.4505476653575897
56786,0.3432174324989319
56787,0.3622116148471832
56788,0.11962959915399551
56789,0.19325682520866394
56790,0.2959606647491455
56791,0.34274983406066895
56792,0.29433324933052063
56793,0.28954848647117615
56794,0.33501672744750977
56795,0.3191456198692322
56796,0.2502800524234772
56797,0.2331862598657608
56798,0.3384133577346802
56799,0.3089451193809509
56800,0.2532586455345154
56801,0.2875136137008667
56802,0.3187650740146637
56803,0.23004043102264404
56804,0.22741596400737762
56805,0.23970462381839752
56806,0.23513542115688324
56807,0.2322026640176773
56808,0.1756489872932434
56809,0.22828635573387146
56810,0.23117995262145996
56811,0.2818849980831146
56812,0.2161027044057846
56813,0.3141137957572937
56814,0.2577908933162689
56815,0.27791744470596313
56816,0.24127987027168274
56817,0.271481454372406
56818,0.25013771653175354
56819,0.27695128321647644
56820,0.264052152633667
56821,0.2054605633020401
56822,0.21716715395450592
56823,0.23946331441402435
56824,0.2444637566804886
56825,0.21264153718948364
56826,0.2711917459964752
56827,0.29604819416999817
56828,0.3122522830963135
56829,0.31813883781433105
56830,0.2270083874464035
56831,0.2932424247264862
56832,0.24195751547813416
56833,0.2882055640220642
56834,0.2817061245441437
56835,0.2777714431285858
56836,0.3262938857078552
56837,0.2575620114803314
56838,0.27155211567878723
56839,0.3634580373764038
56840,0.3658752739429474
56841,0.28033632040023804
56842,0.31752243638038635
56843,0.3228539526462555
56844,0.29696711897850037
56845,0.2130746841430664
56846,0.36655017733573914
56847,0.2043076604604721
56848,0.24626502394676208
56849,0.2700241804122925
56850,0.25727587938308716
56851,0.2077808380126953
56852,0.17108428478240967
56853,0.15015216171741486
56854,0.18863274157047272
56855,0.21687641739845276
56856,0.19631798565387726
56857,0.23488236963748932
56858,0.277876079082489
56859,0.38204675912857056
56860,0.33492791652679443
56861,0.27383890748023987
56862,0.17623181641101837
56863,0.20152553915977478
56864,0.3018813133239746
56865,0.26170051097869873
56866,0.3409443795681
56867,0.3372025787830353
56868,0.2730925679206848
56869,0.26632067561149597
56870,0.20258648693561554
56871,0.3633882403373718
56872,0.20184572041034698
56873,0.23410217463970184
56874,0.2859056293964386
56875,0.21356432139873505
56876,0.24651311337947845
56877,0.26550087332725525
56878,0.32092204689979553
56879,0.30274733901023865
56880,0.2740453779697418
56881,0.3708382546901703
56882,0.36207956075668335
56883,0.25662341713905334
56884,0.12645788490772247
56885,0.09530016034841537
56886,0.11505727469921112
56887,0.14948676526546478
56888,0.23430991172790527
56889,0.2555513381958008
56890,0.21900156140327454
56891,0.26743337512016296
56892,0.3753492832183838
56893,0.28041309118270874
56894,0.3075467646121979
56895,0.3861825466156006
56896,0.1286938488483429
56897,0.2122505009174347
56898,0.26553240418434143
56899,0.4323997497558594
56900,0.3132992386817932
56901,0.14603492617607117
56902,0.31916019320487976
56903,0.3958694040775299
56904,0.11152555048465729
56905,0.22859197854995728
56906,0.15840820968151093
56907,0.3341261148452759
56908,0.34815502166748047
56909,0.18561223149299622
56910,0.2755132019519806
56911,0.2913513481616974
56912,0.380692720413208
56913,0.34136253595352173
56914,0.36041101813316345
56915,0.3029989004135132
56916,0.25790679454803467
56917,0.3628891110420227
56918,0.34436532855033875
56919,0.22518004477024078
56920,0.24477078020572662
56921,0.2252088338136673
56922,0.18853996694087982
56923,0.3021763563156128
56924,0.2794950008392334
56925,0.2250237911939621
56926,0.24647469818592072
56927,0.2813023328781128
56928,0.17492015659809113
56929,0.2488270252943039
56930,0.25587591528892517
56931,0.33384209871292114
56932,0.29947546124458313
56933,0.37926819920539856
56934,0.18167631328105927
56935,0.32364848256111145
56936,0.4498811364173889
56937,0.4235207140445709
56938,0.42564842104911804
56939,0.4205450713634491
56940,0.4118901789188385
56941,0.4100070297718048
56942,0.3873390853404999
56943,0.3776266276836395
56944,0.3602115511894226
56945,0.3687984049320221
56946,0.3698842227458954
56947,0.24276193976402283
56948,0.36684054136276245
56949,0.2835036814212799
56950,0.3200635015964508
56951,0.26114600896835327
56952,0.2914349436759949
56953,0.38682323694229126
56954,0.25130343437194824
56955,0.23632456362247467
56956,0.32252514362335205
56957,0.22004111111164093
56958,0.16371090710163116
56959,0.20888268947601318
56960,0.36148378252983093
56961,0.18733592331409454
56962,0.2731572389602661
56963,0.2084823101758957
56964,0.3478262722492218
56965,0.25445446372032166
56966,0.21525071561336517
56967,0.2152605503797531
56968,0.2343108355998993
56969,0.37085598707199097
56970,0.1671137660741806
56971,0.2403365522623062
56972,0.2431182563304901
56973,0.18136677145957947
56974,0.1767711192369461
56975,0.2486400604248047
56976,0.2313556969165802
56977,0.22955965995788574
56978,0.21134629845619202
56979,0.20942115783691406
56980,0.14000771939754486
56981,0.2326086312532425
56982,0.22699560225009918
56983,0.2337123304605484
56984,0.22875459492206573
56985,0.23638148605823517
56986,0.20018605887889862
56987,0.18512237071990967
56988,0.19268465042114258
56989,0.1590401977300644
56990,0.18319354951381683
56991,0.1554090827703476
56992,0.19797302782535553
56993,0.20281019806861877
56994,0.09073793888092041
56995,0.27494877576828003
56996,0.16065996885299683
56997,0.17408481240272522
56998,0.14927145838737488
56999,0.15241406857967377
57000,0.3351902663707733
57001,0.192505344748497
57002,0.19340595602989197
57003,0.20977842807769775
57004,0.33189690113067627
57005,0.27456700801849365
57006,0.2460639476776123
57007,0.37706899642944336
57008,0.3063099682331085
57009,0.25628745555877686
57010,0.36608487367630005
57011,0.29604363441467285
57012,0.4010653793811798
57013,0.3737315237522125
57014,0.38028183579444885
57015,0.35787081718444824
57016,0.40784716606140137
57017,0.2770521342754364
57018,0.1851501762866974
57019,0.17837558686733246
57020,0.1699940264225006
57021,0.16772504150867462
57022,0.12791575491428375
57023,0.3042333722114563
57024,0.34341222047805786
57025,0.19280962646007538
57026,0.1605834811925888
57027,0.20229291915893555
57028,0.33666643500328064
57029,0.3201238811016083
57030,0.2511512339115143
57031,0.21410039067268372
57032,0.19587917625904083
57033,0.26026687026023865
57034,0.24363164603710175
57035,0.18911010026931763
57036,0.24330353736877441
57037,0.3097258508205414
57038,0.28379324078559875
57039,0.2441076934337616
57040,0.24162009358406067
57041,0.23071861267089844
57042,0.24915409088134766
57043,0.2585926353931427
57044,0.2619851231575012
57045,0.25710242986679077
57046,0.1699558049440384
57047,0.17847490310668945
57048,0.19837023317813873
57049,0.17535355687141418
57050,0.2952802777290344
57051,0.2755880057811737
57052,0.35376155376434326
57053,0.1380380392074585
57054,0.2629152536392212
57055,0.40342098474502563
57056,0.47893214225769043
57057,0.4459560513496399
57058,0.4228566884994507
57059,0.29154080152511597
57060,0.26691821217536926
57061,0.27556779980659485
57062,0.19985023140907288
57063,0.23816561698913574
57064,0.20222298800945282
57065,0.1786803901195526
57066,0.31479403376579285
57067,0.21523337066173553
57068,0.22269891202449799
57069,0.1956663876771927
57070,0.33572065830230713
57071,0.32189422845840454
57072,0.3507649302482605
57073,0.22895397245883942
57074,0.18117620050907135
57075,0.2278895527124405
57076,0.1897672861814499
57077,0.15966825187206268
57078,0.13758046925067902
57079,0.2023131400346756
57080,0.32168903946876526
57081,0.2910093069076538
57082,0.3424402177333832
57083,0.345048189163208
57084,0.2242310494184494
57085,0.188301682472229
57086,0.2892932891845703
57087,0.1847747266292572
57088,0.3221637010574341
57089,0.21315719187259674
57090,0.22679540514945984
57091,0.25690457224845886
57092,0.20299148559570312
57093,0.1893884688615799
57094,0.2293563038110733
57095,0.24797436594963074
57096,0.2471311241388321
57097,0.21950383484363556
57098,0.17655828595161438
57099,0.37040695548057556
57100,0.28998863697052
57101,0.2678716778755188
57102,0.3240007162094116
57103,0.1841777265071869
57104,0.2632647454738617
57105,0.20910565555095673
57106,0.3631629943847656
57107,0.21702468395233154
57108,0.22705478966236115
57109,0.18845604360103607
57110,0.19620274007320404
57111,0.21599191427230835
57112,0.2915666997432709
57113,0.29465973377227783
57114,0.3534875512123108
57115,0.22092072665691376
57116,0.17252692580223083
57117,0.19396059215068817
57118,0.17849057912826538
57119,0.2641850411891937
57120,0.16630543768405914
57121,0.16371633112430573
57122,0.18122920393943787
57123,0.11825525015592575
57124,0.1373579055070877
57125,0.4146648645401001
57126,0.31004098057746887
57127,0.21841394901275635
57128,0.17290161550045013
57129,0.18491479754447937
57130,0.21684011816978455
57131,0.33606281876564026
57132,0.4633095860481262
57133,0.4649559259414673
57134,0.42300689220428467
57135,0.43367743492126465
57136,0.1787954717874527
57137,0.2601162791252136
57138,0.20411810278892517
57139,0.26191532611846924
57140,0.20932555198669434
57141,0.1940864622592926
57142,0.2302735596895218
57143,0.2063901424407959
57144,0.2077207863330841
57145,0.19989292323589325
57146,0.21961253881454468
57147,0.16886934638023376
57148,0.2551892399787903
57149,0.25230085849761963
57150,0.14633527398109436
57151,0.22132235765457153
57152,0.23174838721752167
57153,0.18461549282073975
57154,0.2568177580833435
57155,0.19912807643413544
57156,0.20770835876464844
57157,0.1965750902891159
57158,0.17361988127231598
57159,0.20814964175224304
57160,0.18137946724891663
57161,0.191502645611763
57162,0.20764608681201935
57163,0.23182716965675354
57164,0.3299989700317383
57165,0.30144715309143066
57166,0.20844583213329315
57167,0.14863131940364838
57168,0.34770622849464417
57169,0.16087399423122406
57170,0.1831035614013672
57171,0.18045464158058167
57172,0.186919167637825
57173,0.21651479601860046
57174,0.3448505401611328
57175,0.23157930374145508
57176,0.26705512404441833
57177,0.2667649984359741
57178,0.2465933859348297
57179,0.2852177917957306
57180,0.2662523090839386
57181,0.23898747563362122
57182,0.15390199422836304
57183,0.14433443546295166
57184,0.27292415499687195
57185,0.25503045320510864
57186,0.20788772404193878
57187,0.2443944215774536
57188,0.24491345882415771
57189,0.36143922805786133
57190,0.40080884099006653
57191,0.24249158799648285
57192,0.25915735960006714
57193,0.2384328842163086
57194,0.12906387448310852
57195,0.2625711262226105
57196,0.305223673582077
57197,0.3775387704372406
57198,0.21355609595775604
57199,0.21537430584430695
57200,0.1871889978647232
57201,0.18032494187355042
57202,0.195331871509552
57203,0.2345554232597351
57204,0.21930746734142303
57205,0.235455721616745
57206,0.23170039057731628
57207,0.19004888832569122
57208,0.2561030089855194
57209,0.21102145314216614
57210,0.23352602124214172
57211,0.3126262426376343
57212,0.3241220712661743
57213,0.26474809646606445
57214,0.23135507106781006
57215,0.29582348465919495
57216,0.2805061638355255
57217,0.2185191810131073
57218,0.21129877865314484
57219,0.20588460564613342
57220,0.32704049348831177
57221,0.26820802688598633
57222,0.3002377450466156
57223,0.27162694931030273
57224,0.28510063886642456
57225,0.16585053503513336
57226,0.15205617249011993
57227,0.17032088339328766
57228,0.1831464171409607
57229,0.143063485622406
57230,0.16567198932170868
57231,0.23744426667690277
57232,0.15409500896930695
57233,0.20023052394390106
57234,0.15858134627342224
57235,0.18870051205158234
57236,0.18137964606285095
57237,0.2360188364982605
57238,0.17303918302059174
57239,0.14624851942062378
57240,0.28201544284820557
57241,0.14610610902309418
57242,0.11270105093717575
57243,0.1773148775100708
57244,0.2834785580635071
57245,0.329806387424469
57246,0.31683841347694397
57247,0.3675592541694641
57248,0.305915892124176
57249,0.2323087900876999
57250,0.2465861439704895
57251,0.20872576534748077
57252,0.2464568316936493
57253,0.2945462167263031
57254,0.2173519879579544
57255,0.337881863117218
57256,0.1830936223268509
57257,0.25334054231643677
57258,0.19854088127613068
57259,0.1952083706855774
57260,0.23570436239242554
57261,0.224822998046875
57262,0.23472481966018677
57263,0.221796452999115
57264,0.2235669493675232
57265,0.284942090511322
57266,0.32358911633491516
57267,0.33191221952438354
57268,0.23348233103752136
57269,0.4098501205444336
57270,0.2610028088092804
57271,0.21064192056655884
57272,0.17698825895786285
57273,0.17698825895786285
57274,0.30352628231048584
57275,0.2392580807209015
57276,0.23444487154483795
57277,0.21893039345741272
57278,0.2392580807209015
57279,0.3175911009311676
57280,0.2921615242958069
57281,0.2789009213447571
57282,0.23135673999786377
57283,0.19246213138103485
57284,0.17132744193077087
57285,0.22469209134578705
57286,0.20440593361854553
57287,0.2170371115207672
57288,0.18469378352165222
57289,0.2759644091129303
57290,0.24708056449890137
57291,0.20023111999034882
57292,0.19482868909835815
57293,0.14192236959934235
57294,0.1176837831735611
57295,0.14816732704639435
57296,0.1870930939912796
57297,0.22232133150100708
57298,0.18819467723369598
57299,0.12824411690235138
57300,0.17047102749347687
57301,0.24316507577896118
57302,0.27359047532081604
57303,0.30242326855659485
57304,0.29368704557418823
57305,0.25047269463539124
57306,0.16675786674022675
57307,0.24018031358718872
57308,0.2640208601951599
57309,0.2369507998228073
57310,0.2752307057380676
57311,0.22620168328285217
57312,0.30520540475845337
57313,0.18180395662784576
57314,0.24284271895885468
57315,0.16902118921279907
57316,0.33978578448295593
57317,0.23846149444580078
57318,0.24557310342788696
57319,0.2530137300491333
57320,0.23430399596691132
57321,0.17328135669231415
57322,0.22468002140522003
57323,0.3251307010650635
57324,0.3757326006889343
57325,0.16185882687568665
57326,0.19186386466026306
57327,0.11494886875152588
57328,0.18892797827720642
57329,0.2210981845855713
57330,0.16318325698375702
57331,0.1976068764925003
57332,0.1513414978981018
57333,0.13776712119579315
57334,0.20980513095855713
57335,0.16411830484867096
57336,0.18316859006881714
57337,0.1857641339302063
57338,0.1679314821958542
57339,0.19492784142494202
57340,0.28738656640052795
57341,0.237944096326828
57342,0.248881533741951
57343,0.27121636271476746
57344,0.22145205736160278
57345,0.22589880228042603
57346,0.3797975182533264
57347,0.27201831340789795
57348,0.27891281247138977
57349,0.3017435073852539
57350,0.1812487095594406
57351,0.22244365513324738
57352,0.2741023898124695
57353,0.29191234707832336
57354,0.21011142432689667
57355,0.3327387869358063
57356,0.2359897345304489
57357,0.3097284138202667
57358,0.24705426394939423
57359,0.22023481130599976
57360,0.13947711884975433
57361,0.3285408914089203
57362,0.3470330238342285
57363,0.31091272830963135
57364,0.24870221316814423
57365,0.15914107859134674
57366,0.2900332808494568
57367,0.301565557718277
57368,0.25599294900894165
57369,0.18912528455257416
57370,0.3510858416557312
57371,0.3219035267829895
57372,0.4316704273223877
57373,0.38964658975601196
57374,0.14809741079807281
57375,0.19142797589302063
57376,0.26192817091941833
57377,0.25876325368881226
57378,0.1995270997285843
57379,0.134668231010437
57380,0.37854430079460144
57381,0.34940627217292786
57382,0.15201614797115326
57383,0.2447792887687683
57384,0.3130403459072113
57385,0.3422847092151642
57386,0.2596522569656372
57387,0.2397114634513855
57388,0.3456036150455475
57389,0.26206326484680176
57390,0.3599942922592163
57391,0.27738335728645325
57392,0.26228129863739014
57393,0.29821160435676575
57394,0.24478593468666077
57395,0.3454921543598175
57396,0.27520376443862915
57397,0.484372615814209
57398,0.27706649899482727
57399,0.19540615379810333
57400,0.18771927058696747
57401,0.22974909842014313
57402,0.23443439602851868
57403,0.22774425148963928
57404,0.17957840859889984
57405,0.28367576003074646
57406,0.2423422634601593
57407,0.30734381079673767
57408,0.21662262082099915
57409,0.18754348158836365
57410,0.20132264494895935
57411,0.2897574007511139
57412,0.28981590270996094
57413,0.3070659935474396
57414,0.3708589971065521
57415,0.34853583574295044
57416,0.30205750465393066
57417,0.3036055564880371
57418,0.2612192630767822
57419,0.284089595079422
57420,0.2391805648803711
57421,0.2529582679271698
57422,0.242847740650177
57423,0.2613674998283386
57424,0.20989453792572021
57425,0.2070726603269577
57426,0.20446263253688812
57427,0.1701086461544037
57428,0.15216417610645294
57429,0.18137478828430176
57430,0.1912386417388916
57431,0.22269625961780548
57432,0.21031787991523743
57433,0.20717503130435944
57434,0.25329989194869995
57435,0.2815692722797394
57436,0.2038644701242447
57437,0.2584412097930908
57438,0.28499385714530945
57439,0.23373517394065857
57440,0.2403944432735443
57441,0.23760806024074554
57442,0.24180135130882263
57443,0.24931547045707703
57444,0.28746554255485535
57445,0.24388551712036133
57446,0.19999051094055176
57447,0.2402239888906479
57448,0.23927584290504456
57449,0.17647923529148102
57450,0.17849664390087128
57451,0.1412675380706787
57452,0.21069875359535217
57453,0.24813909828662872
57454,0.274853378534317
57455,0.29619553685188293
57456,0.3134983777999878
57457,0.2689957022666931
57458,0.1913871169090271
57459,0.4450596272945404
57460,0.45103558897972107
57461,0.28177961707115173
57462,0.309695303440094
57463,0.4053846299648285
57464,0.3686771094799042
57465,0.3686771094799042
57466,0.3964560329914093
57467,0.3780413568019867
57468,0.37531089782714844
57469,0.4068319797515869
57470,0.20244614779949188
57471,0.164699986577034
57472,0.27710872888565063
57473,0.22226811945438385
57474,0.06845531612634659
57475,0.1487232744693756
57476,0.2307477742433548
57477,0.2284625768661499
57478,0.33007586002349854
57479,0.29871100187301636
57480,0.28423258662223816
57481,0.2232380211353302
57482,0.2645423710346222
57483,0.22226481139659882
57484,0.23347030580043793
57485,0.2534520626068115
57486,0.27821648120880127
57487,0.25975140929222107
57488,0.29780617356300354
57489,0.25035709142684937
57490,0.23101626336574554
57491,0.09738633036613464
57492,0.2420099526643753
57493,0.2828156054019928
57494,0.3304707407951355
57495,0.28642481565475464
57496,0.2835732400417328
57497,0.3011854887008667
57498,0.16796985268592834
57499,0.35906320810317993
57500,0.25371241569519043
57501,0.1986747533082962
57502,0.21015802025794983
57503,0.24812032282352448
57504,0.22460100054740906
57505,0.2433030903339386
57506,0.2149602323770523
57507,0.21218594908714294
57508,0.23140448331832886
57509,0.14508137106895447
57510,0.3616103529930115
57511,0.26716604828834534
57512,0.24495485424995422
57513,0.1382243037223816
57514,0.23016509413719177
57515,0.09459206461906433
57516,0.12999673187732697
57517,0.15582844614982605
57518,0.15625157952308655
57519,0.14525556564331055
57520,0.16292202472686768
57521,0.1687140017747879
57522,0.2855244278907776
57523,0.2934485077857971
57524,0.26375216245651245
57525,0.35441818833351135
57526,0.25209036469459534
57527,0.2737845480442047
57528,0.17153070867061615
57529,0.27238112688064575
57530,0.2795514166355133
57531,0.22615720331668854
57532,0.2038550227880478
57533,0.2051432877779007
57534,0.22642512619495392
57535,0.25931549072265625
57536,0.19811615347862244
57537,0.2075715810060501
57538,0.17339475452899933
57539,0.1885245144367218
57540,0.19652259349822998
57541,0.24309323728084564
57542,0.3318820595741272
57543,0.23228688538074493
57544,0.2511364221572876
57545,0.3504352271556854
57546,0.26005175709724426
57547,0.26533883810043335
57548,0.222395122051239
57549,0.36260366439819336
57550,0.21864864230155945
57551,0.18693910539150238
57552,0.23997972905635834
57553,0.289682000875473
57554,0.2823111414909363
57555,0.2868858277797699
57556,0.20423375070095062
57557,0.29870036244392395
57558,0.2820367217063904
57559,0.3271893560886383
57560,0.36112093925476074
57561,0.16391891241073608
57562,0.16243281960487366
57563,0.31772175431251526
57564,0.3214884102344513
57565,0.2796773910522461
57566,0.3135264217853546
57567,0.24744093418121338
57568,0.193508580327034
57569,0.22166971862316132
57570,0.26546359062194824
57571,0.23855642974376678
57572,0.16635985672473907
57573,0.21042045950889587
57574,0.17905516922473907
57575,0.2599364221096039
57576,0.17989251017570496
57577,0.26839226484298706
57578,0.24523480236530304
57579,0.21437330543994904
57580,0.20224523544311523
57581,0.18455234169960022
57582,0.18732240796089172
57583,0.21315865218639374
57584,0.20447690784931183
57585,0.3515164852142334
57586,0.2655744254589081
57587,0.3012659549713135
57588,0.29753994941711426
57589,0.3137306869029999
57590,0.23947055637836456
57591,0.24166899919509888
57592,0.24570202827453613
57593,0.3050667941570282
57594,0.24455656111240387
57595,0.5038478970527649
57596,0.4593566656112671
57597,0.27282190322875977
57598,0.23232950270175934
57599,0.32034286856651306
57600,0.26649707555770874
57601,0.31032341718673706
57602,0.24614949524402618
57603,0.2326652705669403
57604,0.2522211968898773
57605,0.26357319951057434
57606,0.2644733190536499
57607,0.22179755568504333
57608,0.18637627363204956
57609,0.21954160928726196
57610,0.23078490793704987
57611,0.2431267648935318
57612,0.22470137476921082
57613,0.23505820333957672
57614,0.24097469449043274
57615,0.19263629615306854
57616,0.2476188838481903
57617,0.2720312774181366
57618,0.33896392583847046
57619,0.25703924894332886
57620,0.2510450780391693
57621,0.24019089341163635
57622,0.26548436284065247
57623,0.27316057682037354
57624,0.1553002893924713
57625,0.20630209147930145
57626,0.1653820276260376
57627,0.20311188697814941
57628,0.2316296398639679
57629,0.19554944336414337
57630,0.18789175152778625
57631,0.1538744568824768
57632,0.09066508710384369
57633,0.12326622009277344
57634,0.2692466378211975
57635,0.2707928419113159
57636,0.26218995451927185
57637,0.31986919045448303
57638,0.2839886546134949
57639,0.22072912752628326
57640,0.33799147605895996
57641,0.3336786925792694
57642,0.3071058690547943
57643,0.34441617131233215
57644,0.15933874249458313
57645,0.24622546136379242
57646,0.26781803369522095
57647,0.15727119147777557
57648,0.21388362348079681
57649,0.2070161998271942
57650,0.23870405554771423
57651,0.2170843929052353
57652,0.2632385194301605
57653,0.24285537004470825
57654,0.27690738439559937
57655,0.25335708260536194
57656,0.2279437780380249
57657,0.28724032640457153
57658,0.2643375098705292
57659,0.25972992181777954
57660,0.15736915171146393
57661,0.24643713235855103
57662,0.31595277786254883
57663,0.3037911355495453
57664,0.21999748051166534
57665,0.253307580947876
57666,0.19295817613601685
57667,0.18575161695480347
57668,0.26303982734680176
57669,0.3033013641834259
57670,0.35139384865760803
57671,0.2184256762266159
57672,0.1521945744752884
57673,0.2623361051082611
57674,0.18909363448619843
57675,0.3072494864463806
57676,0.1868830770254135
57677,0.2433973103761673
57678,0.18708547949790955
57679,0.1852937787771225
57680,0.17411041259765625
57681,0.26072952151298523
57682,0.25193554162979126
57683,0.24122987687587738
57684,0.36549776792526245
57685,0.14779719710350037
57686,0.1832972764968872
57687,0.3041715621948242
57688,0.2408272624015808
57689,0.1873955875635147
57690,0.22459550201892853
57691,0.3509034514427185
57692,0.26133599877357483
57693,0.2238035947084427
57694,0.1422363817691803
57695,0.27101069688796997
57696,0.2262522578239441
57697,0.16505970060825348
57698,0.17527411878108978
57699,0.1708388775587082
57700,0.19875966012477875
57701,0.2614467144012451
57702,0.22893200814723969
57703,0.2633843719959259
57704,0.23979294300079346
57705,0.1978423297405243
57706,0.2750290632247925
57707,0.1799655556678772
57708,0.2084236890077591
57709,0.23128247261047363
57710,0.2612474858760834
57711,0.30125707387924194
57712,0.3308391571044922
57713,0.22151748836040497
57714,0.2691357433795929
57715,0.312704861164093
57716,0.2535492777824402
57717,0.21393126249313354
57718,0.2931375205516815
57719,0.3275519907474518
57720,0.14630398154258728
57721,0.16052618622779846
57722,0.12674258649349213
57723,0.30876073241233826
57724,0.1963350474834442
57725,0.23863761126995087
57726,0.24082207679748535
57727,0.21604710817337036
57728,0.26378530263900757
57729,0.31825047731399536
57730,0.2696574628353119
57731,0.2649857699871063
57732,0.29872652888298035
57733,0.3596882224082947
57734,0.3013862669467926
57735,0.36389315128326416
57736,0.2729330360889435
57737,0.3202197253704071
57738,0.2819144129753113
57739,0.2931709587574005
57740,0.19582873582839966
57741,0.23099397122859955
57742,0.372199147939682
57743,0.28095126152038574
57744,0.18833693861961365
57745,0.21167613565921783
57746,0.2554314136505127
57747,0.301908403635025
57748,0.27011194825172424
57749,0.2330256849527359
57750,0.2387138456106186
57751,0.16340434551239014
57752,0.0984642282128334
57753,0.27251335978507996
57754,0.16986776888370514
57755,0.33198222517967224
57756,0.35210371017456055
57757,0.34538111090660095
57758,0.42211779952049255
57759,0.42211779952049255
57760,0.26054489612579346
57761,0.26054489612579346
57762,0.2888455390930176
57763,0.24476805329322815
57764,0.38058289885520935
57765,0.2969415783882141
57766,0.31770241260528564
57767,0.1523776352405548
57768,0.20709171891212463
57769,0.20991164445877075
57770,0.24127158522605896
57771,0.21573656797409058
57772,0.19223397970199585
57773,0.16359467804431915
57774,0.41906049847602844
57775,0.4406244456768036
57776,0.13581213355064392
57777,0.3604731559753418
57778,0.40272125601768494
57779,0.1836615651845932
57780,0.2317916303873062
57781,0.1568875014781952
57782,0.17666560411453247
57783,0.19172032177448273
57784,0.21654818952083588
57785,0.2639777958393097
57786,0.3251306414604187
57787,0.19231478869915009
57788,0.28758004307746887
57789,0.3424533009529114
57790,0.23712986707687378
57791,0.23510129749774933
57792,0.23510129749774933
57793,0.3290140926837921
57794,0.31664353609085083
57795,0.2284630388021469
57796,0.2249826341867447
57797,0.22491152584552765
57798,0.3045349717140198
57799,0.3045349717140198
57800,0.3045349717140198
57801,0.2768218219280243
57802,0.2768218219280243
57803,0.2954222857952118
57804,0.2954222857952118
57805,0.2954222857952118
57806,0.2521420121192932
57807,0.2521420121192932
57808,0.21849091351032257
57809,0.23210152983665466
57810,0.23210152983665466
57811,0.23210152983665466
57812,0.25470343232154846
57813,0.3054717779159546
57814,0.3054717779159546
57815,0.3054717779159546
57816,0.2682420015335083
57817,0.25470343232154846
57818,0.22624269127845764
57819,0.22624269127845764
57820,0.22624269127845764
57821,0.25756293535232544
57822,0.24966473877429962
57823,0.2274581789970398
57824,0.2904258966445923
57825,0.2904258966445923
57826,0.3222213685512543
57827,0.3222213685512543
57828,0.3222213685512543
57829,0.2974511682987213
57830,0.2974511682987213
57831,0.2974511682987213
57832,0.34203040599823
57833,0.40954840183258057
57834,0.34612607955932617
57835,0.3393675982952118
57836,0.3393675982952118
57837,0.3787785768508911
57838,0.2374844253063202
57839,0.2374844253063202
57840,0.255901038646698
57841,0.255901038646698
57842,0.255901038646698
57843,0.3238352835178375
57844,0.32906508445739746
57845,0.32906508445739746
57846,0.32906508445739746
57847,0.3172418773174286
57848,0.19445137679576874
57849,0.16983230412006378
57850,0.4282464385032654
57851,0.3137139081954956
57852,0.3172503411769867
57853,0.2145252525806427
57854,0.1556897908449173
57855,0.14110711216926575
57856,0.15978854894638062
57857,0.16216084361076355
57858,0.4974314272403717
57859,0.22811336815357208
57860,0.1674574911594391
57861,0.1476878523826599
57862,0.2223385125398636
57863,0.24749262630939484
57864,0.24161770939826965
57865,0.27756014466285706
57866,0.28318288922309875
57867,0.1912701427936554
57868,0.2701844274997711
57869,0.16567717492580414
57870,0.1695745289325714
57871,0.17574119567871094
57872,0.15477870404720306
57873,0.12096620351076126
57874,0.10052904486656189
57875,0.13226236402988434
57876,0.35772761702537537
57877,0.2753881812095642
57878,0.1690930426120758
57879,0.1412445455789566
57880,0.1292956918478012
57881,0.20626236498355865
57882,0.14799995720386505
57883,0.1389341652393341
57884,0.1261833906173706
57885,0.13825401663780212
57886,0.12878552079200745
57887,0.10261428356170654
57888,0.12275848537683487
57889,0.10238056629896164
57890,0.09522926062345505
57891,0.12495189160108566
57892,0.14816869795322418
57893,0.12905074656009674
57894,0.11466357111930847
57895,0.19672761857509613
57896,0.09322264790534973
57897,0.08903160691261292
57898,0.11608289182186127
57899,0.1318291425704956
57900,0.09951769560575485
57901,0.11361366510391235
57902,0.14134590327739716
57903,0.12719717621803284
57904,0.10163883864879608
57905,0.11564521491527557
57906,0.12284865975379944
57907,0.12747177481651306
57908,0.1577787846326828
57909,0.16133743524551392
57910,0.20553195476531982
57911,0.16688168048858643
57912,0.24436256289482117
57913,0.17970871925354004
57914,0.2076626867055893
57915,0.14400386810302734
57916,0.23270690441131592
57917,0.20336860418319702
57918,0.16572701930999756
57919,0.19281838834285736
57920,0.18833190202713013
57921,0.19990116357803345
57922,0.2971886694431305
57923,0.3029486835002899
57924,0.31164348125457764
57925,0.3514329791069031
57926,0.3307836353778839
57927,0.35368096828460693
57928,0.26379427313804626
57929,0.14270494878292084
57930,0.16507098078727722
57931,0.135231614112854
57932,0.12473291158676147
57933,0.18465200066566467
57934,0.2359614372253418
57935,0.11884085088968277
57936,0.10717964172363281
57937,0.0871051549911499
57938,0.1255563199520111
57939,0.1231435239315033
57940,0.1092674732208252
57941,0.1040157750248909
57942,0.14723604917526245
57943,0.13495713472366333
57944,0.1395241618156433
57945,0.3052491843700409
57946,0.26387009024620056
57947,0.27781063318252563
57948,0.27540475130081177
57949,0.25767022371292114
57950,0.29043489694595337
57951,0.2551001012325287
57952,0.2547515034675598
57953,0.28425151109695435
57954,0.23175844550132751
57955,0.16718789935112
57956,0.15624527633190155
57957,0.32267674803733826
57958,0.32538262009620667
57959,0.3262617886066437
57960,0.21957693994045258
57961,0.18109750747680664
57962,0.1573060303926468
57963,0.22764547169208527
57964,0.197448268532753
57965,0.32412946224212646
57966,0.4192050099372864
57967,0.2673322260379791
57968,0.2633577883243561
57969,0.31462928652763367
57970,0.21688362956047058
57971,0.20187412202358246
57972,0.39310887455940247
57973,0.25435709953308105
57974,0.263790100812912
57975,0.17323368787765503
57976,0.28061047196388245
57977,0.2896924316883087
57978,0.2921440005302429
57979,0.2465033382177353
57980,0.23465685546398163
57981,0.11653680354356766
57982,0.28420016169548035
57983,0.09834674745798111
57984,0.06232856214046478
57985,0.28271484375
57986,0.3729415237903595
57987,0.2973361909389496
57988,0.352572500705719
57989,0.2025453746318817
57990,0.006519954185932875
57991,0.1012692004442215
57992,0.16227766871452332
57993,0.18010912835597992
57994,0.16921839118003845
57995,0.15899182856082916
57996,0.14183339476585388
57997,0.14725761115550995
57998,0.1460506021976471
57999,0.13975514471530914
58000,0.18225833773612976
58001,0.09618021547794342
58002,0.09714703261852264
58003,0.09223677217960358
58004,0.12390442192554474
58005,0.11428062617778778
58006,0.13034136593341827
58007,0.1445656269788742
58008,0.13716411590576172
58009,0.1796264946460724
58010,0.17650623619556427
58011,0.15768003463745117
58012,0.15839728713035583
58013,0.13658097386360168
58014,0.16095420718193054
58015,0.13797731697559357
58016,0.16593696177005768
58017,0.15506622195243835
58018,0.15080824494361877
58019,0.192842036485672
58020,0.24223759770393372
58021,0.23717334866523743
58022,0.17971239984035492
58023,0.15589794516563416
58024,0.1837216317653656
58025,0.16677498817443848
58026,0.15728479623794556
58027,0.17524655163288116
58028,0.18886207044124603
58029,0.19361227750778198
58030,0.2659131586551666
58031,0.21435563266277313
58032,0.31602227687835693
58033,0.2595421373844147
58034,0.20604977011680603
58035,0.10560844838619232
58036,0.10326316207647324
58037,0.12047414481639862
58038,0.1253032088279724
58039,0.14243625104427338
58040,0.12853631377220154
58041,0.15009574592113495
58042,0.1867845207452774
58043,0.18997448682785034
58044,0.17085523903369904
58045,0.25154146552085876
58046,0.05915391072630882
58047,0.07509493827819824
58048,0.2623600959777832
58049,0.12466230243444443
58050,0.11536213010549545
58051,0.1654304713010788
58052,0.13887697458267212
58053,0.2509535551071167
58054,0.33093923330307007
58055,0.22461667656898499
58056,0.3669981360435486
58057,0.3009214401245117
58058,0.39145156741142273
58059,0.2823299765586853
58060,0.2816182076931
58061,0.32778382301330566
58062,0.33300065994262695
58063,0.28025108575820923
58064,0.3489193320274353
58065,0.2445024996995926
58066,0.19694441556930542
58067,0.14622069895267487
58068,0.42503291368484497
58069,0.16813236474990845
58070,0.34551680088043213
58071,0.3571651875972748
58072,0.3538338840007782
58073,0.32046109437942505
58074,0.21459046006202698
58075,0.3252618610858917
58076,0.270789235830307
58077,0.19687114655971527
58078,0.21022596955299377
58079,0.2278938889503479
58080,0.25378525257110596
58081,0.18331119418144226
58082,0.19146451354026794
58083,0.19954684376716614
58084,0.23851452767848969
58085,0.2293962836265564
58086,0.20649105310440063
58087,0.15573659539222717
58088,0.12517806887626648
58089,0.2117900401353836
58090,0.2268393635749817
58091,0.3037838339805603
58092,0.257739782333374
58093,0.14372973144054413
58094,0.13279950618743896
58095,0.22578595578670502
58096,0.1775263547897339
58097,0.27168896794319153
58098,0.25681614875793457
58099,0.2657424211502075
58100,0.21276651322841644
58101,0.29282811284065247
58102,0.25393903255462646
58103,0.29337775707244873
58104,0.2786947786808014
58105,0.3598341941833496
58106,0.1955503225326538
58107,0.21101520955562592
58108,0.21403948962688446
58109,0.18954548239707947
58110,0.11941806972026825
58111,0.22068104147911072
58112,0.26523807644844055
58113,0.07828125357627869
58114,0.08814575523138046
58115,0.10053008794784546
58116,0.08769965171813965
58117,0.0764358788728714
58118,0.08032587170600891
58119,0.0915289893746376
58120,0.08046137541532516
58121,0.07248640060424805
58122,0.07543399930000305
58123,0.07803134620189667
58124,0.07649852335453033
58125,0.07671009004116058
58126,0.07601994276046753
58127,0.08179405331611633
58128,0.0798252746462822
58129,0.07583675533533096
58130,0.0899662971496582
58131,0.10400095582008362
58132,0.08999983966350555
58133,0.08805858343839645
58134,0.08399268984794617
58135,0.07944813370704651
58136,0.07287811487913132
58137,0.06125039607286453
58138,0.05275396257638931
58139,0.11838063597679138
58140,0.13817407190799713
58141,0.1253228783607483
58142,0.15203741192817688
58143,0.09181912988424301
58144,0.1237388327717781
58145,0.13366758823394775
58146,0.05725101754069328
58147,0.20960597693920135
58148,0.27882158756256104
58149,0.2939106523990631
58150,0.11124206334352493
58151,0.23039618134498596
58152,0.2178627997636795
58153,0.1779867708683014
58154,0.1986098736524582
58155,0.20306538045406342
58156,0.2995150089263916
58157,0.26422321796417236
58158,0.2341931015253067
58159,0.23377472162246704
58160,
58161,0.31592056155204773
58162,0.249281108379364
58163,0.24656610190868378
58164,0.28894367814064026
58165,0.2144831120967865
58166,0.24514564871788025
58167,0.25071829557418823
58168,0.14242196083068848
58169,0.18823520839214325
58170,0.16552114486694336
58171,0.3121783137321472
58172,0.2748900353908539
58173,0.20275276899337769
58174,0.24038608372211456
58175,0.24369056522846222
58176,0.3017573654651642
58177,0.23606526851654053
58178,0.25124385952949524
58179,0.2545512020587921
58180,0.16811469197273254
58181,0.1922696828842163
58182,0.2107129693031311
58183,0.19553589820861816
58184,0.23059390485286713
58185,0.2336612492799759
58186,0.24674324691295624
58187,0.2225487232208252
58188,0.1644410938024521
58189,0.37722247838974
58190,0.3760755658149719
58191,0.3543650209903717
58192,0.02554306946694851
58193,0.054602477699518204
58194,0.5288875102996826
58195,0.1722729504108429
58196,0.17443707585334778
58197,0.16585887968540192
58198,0.11536480486392975
58199,0.10099408775568008
58200,0.12110523134469986
58201,0.13694624602794647
58202,0.09058976173400879
58203,0.1658269315958023
58204,0.09966662526130676
58205,0.1292239874601364
58206,0.1418563276529312
58207,0.11726293712854385
58208,0.15096797049045563
58209,0.10263441503047943
58210,0.08893837034702301
58211,0.13120529055595398
58212,0.2093065232038498
58213,0.1451190710067749
58214,0.27790236473083496
58215,0.07885968685150146
58216,0.09423072636127472
58217,0.11173343658447266
58218,0.16922341287136078
58219,0.1285974085330963
58220,0.1884140968322754
58221,0.1472020447254181
58222,0.14092522859573364
58223,0.29169097542762756
58224,0.11242219805717468
58225,0.09004290401935577
58226,0.10502428561449051
58227,0.10953646153211594
58228,0.12039825320243835
58229,0.1395159512758255
58230,0.11391149461269379
58231,0.07262586057186127
58232,0.049102120101451874
58233,0.050421133637428284
58234,0.06386534869670868
58235,0.07631079852581024
58236,0.10202901065349579
58237,0.10444829612970352
58238,0.10588473826646805
58239,0.0923822894692421
58240,0.08292753249406815
58241,0.06233406811952591
58242,0.06349372863769531
58243,0.06767204403877258
58244,0.12612390518188477
58245,0.13743571937084198
58246,0.09233510494232178
58247,0.06623408943414688
58248,0.06481418758630753
58249,0.1373310536146164
58250,0.07753049582242966
58251,0.07904639095067978
58252,0.07847557961940765
58253,0.0728006586432457
58254,0.07064591348171234
58255,0.04669617488980293
58256,0.08060331642627716
58257,0.14563845098018646
58258,0.08503265678882599
58259,0.14143511652946472
58260,0.11821261048316956
58261,0.12603338062763214
58262,0.06270744651556015
58263,0.0712471529841423
58264,0.09755923599004745
58265,0.06453456729650497
58266,0.03809274733066559
58267,0.0461941696703434
58268,0.05584889277815819
58269,0.10433696210384369
58270,0.13704070448875427
58271,0.14898118376731873
58272,0.13172759115695953
58273,0.09253932535648346
58274,0.06053687632083893
58275,0.09997712075710297
58276,0.046616081148386
58277,0.052308883517980576
58278,0.07432540506124496
58279,0.0782712996006012
58280,0.0832929015159607
58281,0.0721525102853775
58282,0.07806896418333054
58283,0.07771064341068268
58284,0.06323504447937012
58285,0.06287454068660736
58286,0.05449690669775009
58287,0.061448097229003906
58288,0.06333470344543457
58289,0.06476686149835587
58290,0.0697091817855835
58291,0.06736788898706436
58292,0.05698356777429581
58293,0.050978731364011765
58294,0.0448286235332489
58295,0.040593452751636505
58296,0.03641817718744278
58297,0.03654539957642555
58298,0.041953232139348984
58299,0.03567950800061226
58300,0.08674342185258865
58301,0.10176324844360352
58302,0.1049361377954483
58303,0.06817342340946198
58304,0.07309706509113312
58305,0.07242430001497269
58306,0.06628622859716415
58307,0.07191453129053116
58308,0.07596804201602936
58309,0.08619679510593414
58310,0.08604229241609573
58311,0.0827232077717781
58312,0.08601284772157669
58313,0.08064188063144684
58314,0.08465828001499176
58315,0.07415899634361267
58316,0.05719690024852753
58317,0.06850229948759079
58318,0.07699243724346161
58319,0.07555452734231949
58320,0.07232176512479782
58321,0.054707661271095276
58322,0.04461420699954033
58323,0.0959339290857315
58324,0.07969454675912857
58325,0.07313236594200134
58326,0.046611446887254715
58327,0.1760956048965454
58328,0.12489739805459976
58329,0.10723090171813965
58330,0.07223687320947647
58331,0.14105072617530823
58332,0.14230190217494965
58333,0.1824023723602295
58334,0.16741684079170227
58335,0.16718216240406036
58336,0.1444498896598816
58337,0.10480019450187683
58338,0.0680156871676445
58339,0.06792157143354416
58340,0.0570034459233284
58341,0.05685364082455635
58342,0.1061258316040039
58343,0.09000851213932037
58344,0.08780708909034729
58345,0.10133177042007446
58346,0.10504201799631119
58347,0.15675479173660278
58348,0.12443883717060089
58349,0.050617583096027374
58350,0.03446551412343979
58351,0.05102522671222687
58352,0.05982333421707153
58353,0.05912453308701515
58354,0.0750577375292778
58355,0.11507675051689148
58356,0.1664930284023285
58357,0.07802866399288177
58358,0.1104804202914238
58359,0.11206451803445816
58360,0.10316231101751328
58361,0.10373417288064957
58362,0.09644297510385513
58363,0.10793465375900269
58364,0.10565423220396042
58365,0.11680062115192413
58366,0.12093748897314072
58367,0.060328830033540726
58368,0.06347610056400299
58369,0.09982847422361374
58370,0.08025422692298889
58371,0.1736910194158554
58372,0.1869579702615738
58373,0.14265023171901703
58374,0.20186567306518555
58375,0.20441624522209167
58376,0.1778354048728943
58377,0.18504633009433746
58378,0.1972201019525528
58379,0.24889998137950897
58380,0.19618427753448486
58381,0.24973443150520325
58382,0.3594909906387329
58383,0.27773812413215637
58384,0.36770471930503845
58385,0.23656496405601501
58386,0.3191147744655609
58387,0.16607828438282013
58388,0.2552952170372009
58389,0.28003573417663574
58390,0.12784871459007263
58391,0.22593972086906433
58392,0.10529731959104538
58393,0.12904518842697144
58394,0.19234730303287506
58395,0.21774566173553467
58396,0.32782039046287537
58397,0.1807142049074173
58398,0.16156265139579773
58399,0.21507006883621216
58400,0.28697729110717773
58401,0.2624482214450836
58402,0.18086524307727814
58403,0.284446656703949
58404,0.25940483808517456
58405,0.46150803565979004
58406,0.3234070837497711
58407,0.28833267092704773
58408,0.20225723087787628
58409,0.31233924627304077
58410,0.23522239923477173
58411,0.30200934410095215
58412,0.27710431814193726
58413,0.23772935569286346
58414,0.26746058464050293
58415,0.3404211103916168
58416,0.26257237792015076
58417,0.1574714630842209
58418,0.27949830889701843
58419,0.26199138164520264
58420,0.25482386350631714
58421,
58422,0.2346305251121521
58423,0.2181815207004547
58424,0.2666604518890381
58425,0.2144036740064621
58426,0.31389713287353516
58427,0.24673502147197723
58428,0.19821596145629883
58429,0.22331133484840393
58430,0.25443050265312195
58431,0.19058318436145782
58432,0.19972363114356995
58433,0.1724497228860855
58434,0.21409370005130768
58435,0.22544634342193604
58436,0.23762978613376617
58437,0.24136261641979218
58438,0.3317297399044037
58439,0.23459593951702118
58440,0.30748486518859863
58441,0.24388433992862701
58442,0.27251631021499634
58443,0.3649498224258423
58444,0.3235276937484741
58445,0.29169270396232605
58446,0.21334610879421234
58447,0.231673464179039
58448,0.2506261169910431
58449,0.19765637814998627
58450,0.25207069516181946
58451,0.18733665347099304
58452,0.22757408022880554
58453,0.2136927992105484
58454,0.1929972618818283
58455,0.1920740306377411
58456,0.2508918344974518
58457,0.18329204618930817
58458,0.2283756136894226
58459,0.17594072222709656
58460,0.20790985226631165
58461,0.1782260537147522
58462,0.2762596011161804
58463,0.2008078545331955
58464,0.29883667826652527
58465,0.1823194921016693
58466,0.44049665331840515
58467,0.2526422441005707
58468,0.3106047213077545
58469,0.20148244500160217
58470,0.2503588795661926
58471,0.23405498266220093
58472,0.21100714802742004
58473,0.25338125228881836
58474,0.2937353551387787
58475,0.27856433391571045
58476,0.28533485531806946
58477,0.18282616138458252
58478,0.24271565675735474
58479,0.17545446753501892
58480,0.22077834606170654
58481,0.20150817930698395
58482,0.297819584608078
58483,0.24602217972278595
58484,0.18127162754535675
58485,0.19902561604976654
58486,0.18501563370227814
58487,0.2791517376899719
58488,0.29880231618881226
58489,0.2176632285118103
58490,0.26059868931770325
58491,0.19063791632652283
58492,0.3417050540447235
58493,0.27508389949798584
58494,0.16462863981723785
58495,0.2289196401834488
58496,0.24275489151477814
58497,0.29682111740112305
58498,0.18600840866565704
58499,0.3442332446575165
58500,0.3187735974788666
58501,0.18533700704574585
58502,0.22123894095420837
58503,0.17479845881462097
58504,0.14651364088058472
58505,0.20478050410747528
58506,0.20687292516231537
58507,0.18205568194389343
58508,0.15317030251026154
58509,0.18620546162128448
58510,0.2676908075809479
58511,0.15511491894721985
58512,0.3223067820072174
58513,0.45545756816864014
58514,0.2423805594444275
58515,0.14507348835468292
58516,0.2513316571712494
58517,0.2556361258029938
58518,0.2119213342666626
58519,0.27001988887786865
58520,0.1956302970647812
58521,0.2021552324295044
58522,0.229689359664917
58523,0.21182948350906372
58524,0.21426309645175934
58525,0.23309701681137085
58526,0.2241218537092209
58527,0.26528510451316833
58528,0.28569337725639343
58529,0.2039221227169037
58530,0.19057609140872955
58531,0.2703653573989868
58532,0.23972859978675842
58533,0.23373085260391235
58534,0.2545695900917053
58535,0.3401734232902527
58536,0.1618650257587433
58537,0.1755008101463318
58538,0.14225663244724274
58539,0.1754688173532486
58540,0.24882836639881134
58541,0.16312582790851593
58542,0.27026236057281494
58543,0.20215725898742676
58544,0.22271788120269775
58545,0.14290356636047363
58546,0.27502989768981934
58547,0.2167537957429886
58548,0.2825782299041748
58549,0.13653668761253357
58550,0.2959701716899872
58551,0.25192180275917053
58552,0.1948261260986328
58553,0.3377898931503296
58554,0.19172406196594238
58555,0.24543830752372742
58556,0.23776501417160034
58557,0.2507680654525757
58558,0.1739143431186676
58559,0.1590254306793213
58560,0.2693251073360443
58561,0.21898680925369263
58562,0.22075174748897552
58563,0.3190241754055023
58564,0.36227232217788696
58565,0.43749311566352844
58566,0.27657660841941833
58567,0.25409606099128723
58568,0.28202930092811584
58569,0.3106473386287689
58570,0.20090417563915253
58571,0.24897898733615875
58572,0.22613704204559326
58573,0.28127288818359375
58574,0.22937209904193878
58575,0.2272329479455948
58576,0.3058817982673645
58577,0.24985384941101074
58578,0.185905322432518
58579,0.2322673350572586
58580,0.23622116446495056
58581,0.2984704375267029
58582,0.2413138598203659
58583,0.2629825472831726
58584,0.1865827888250351
58585,0.21688176691532135
58586,0.21015028655529022
58587,0.21059240400791168
58588,0.28914397954940796
58589,0.22231164574623108
58590,0.23326915502548218
58591,0.3333604335784912
58592,0.2345486879348755
58593,0.2585434317588806
58594,0.22778956592082977
58595,0.2532176673412323
58596,0.2132492959499359
58597,0.20114445686340332
58598,0.286059707403183
58599,0.20694087445735931
58600,0.2020619958639145
58601,0.24773122370243073
58602,0.2011377513408661
58603,0.2575053572654724
58604,0.2652773857116699
58605,0.3068852722644806
58606,0.2905348837375641
58607,0.21008415520191193
58608,0.28028014302253723
58609,0.1736094206571579
58610,0.23772145807743073
58611,0.16671881079673767
58612,0.1692294180393219
58613,0.21835799515247345
58614,0.2018456608057022
58615,0.1984015554189682
58616,0.18522247672080994
58617,0.1074598878622055
58618,0.2614929676055908
58619,0.28941360116004944
58620,0.24984019994735718
58621,0.33632713556289673
58622,0.17571094632148743
58623,0.19921740889549255
58624,0.2716657519340515
58625,0.24827329814434052
58626,0.2217114418745041
58627,0.16405490040779114
58628,0.18326346576213837
58629,0.17219117283821106
58630,0.16982953250408173
58631,0.35718974471092224
58632,0.22348889708518982
58633,0.30839458107948303
58634,0.1992742270231247
58635,0.19560398161411285
58636,0.33805620670318604
58637,0.37667521834373474
58638,0.22372570633888245
58639,0.2273360639810562
58640,0.2363513708114624
58641,0.30094948410987854
58642,0.28690797090530396
58643,0.34457433223724365
58644,0.2176181823015213
58645,0.31563153862953186
58646,0.22891196608543396
58647,0.23307789862155914
58648,0.18085432052612305
58649,0.19571802020072937
58650,0.19569537043571472
58651,0.23675620555877686
58652,0.32115620374679565
58653,0.21575957536697388
58654,0.40528982877731323
58655,0.25072181224823
58656,0.22385883331298828
58657,0.1960897445678711
58658,0.3685435950756073
58659,0.31414148211479187
58660,0.20221836864948273
58661,0.21073627471923828
58662,0.16608698666095734
58663,0.23392578959465027
58664,0.24440330266952515
58665,0.24508757889270782
58666,0.27012673020362854
58667,0.21541911363601685
58668,0.21544218063354492
58669,0.16913600265979767
58670,0.21521279215812683
58671,0.2454218715429306
58672,0.23279550671577454
58673,0.22002814710140228
58674,0.2656114995479584
58675,0.2695508301258087
58676,0.2987656593322754
58677,0.24581779539585114
58678,0.22031383216381073
58679,0.21268926560878754
58680,0.2358870655298233
58681,0.2601398527622223
58682,0.27293577790260315
58683,0.23494473099708557
58684,0.18583127856254578
58685,0.21116670966148376
58686,0.27143388986587524
58687,0.2668401598930359
58688,0.2522519826889038
58689,0.22254768013954163
58690,0.22309106588363647
58691,0.33631712198257446
58692,0.24853388965129852
58693,0.20656628906726837
58694,0.14552843570709229
58695,0.2574457824230194
58696,0.16936026513576508
58697,0.19960975646972656
58698,0.190070241689682
58699,0.21011634171009064
58700,0.2601363956928253
58701,0.22811388969421387
58702,0.17554670572280884
58703,0.171747624874115
58704,0.2994692325592041
58705,0.3576050400733948
58706,0.21877306699752808
58707,0.24781902134418488
58708,0.21025343239307404
58709,0.22872507572174072
58710,0.23657800257205963
58711,0.22388695180416107
58712,0.27097731828689575
58713,0.2611962556838989
58714,0.25759464502334595
58715,0.2448522299528122
58716,0.3267524838447571
58717,0.25301623344421387
58718,0.3269955515861511
58719,0.3842315375804901
58720,0.23249252140522003
58721,0.234760582447052
58722,0.20454232394695282
58723,0.1679355502128601
58724,0.2830279469490051
58725,0.20123210549354553
58726,0.23974677920341492
58727,0.21768663823604584
58728,0.138037770986557
58729,0.2614800035953522
58730,0.2124336212873459
58731,0.2838231921195984
58732,0.23708313703536987
58733,0.2421775460243225
58734,0.2858951687812805
58735,0.19573795795440674
58736,0.22854378819465637
58737,0.22526665031909943
58738,0.20638558268547058
58739,0.22585716843605042
58740,0.1629483550786972
58741,0.28198960423469543
58742,0.27222737669944763
58743,0.19887904822826385
58744,0.2778806686401367
58745,0.2303905487060547
58746,0.18189626932144165
58747,0.19691506028175354
58748,0.28563088178634644
58749,0.2043018490076065
58750,0.2843584418296814
58751,0.24668098986148834
58752,0.22108323872089386
58753,0.19026117026805878
58754,0.16863644123077393
58755,0.16574764251708984
58756,0.16531486809253693
58757,0.12249632924795151
58758,0.2663261890411377
58759,0.21723408997058868
58760,0.19926080107688904
58761,0.22107891738414764
58762,0.2138514518737793
58763,0.16264177858829498
58764,0.23328140377998352
58765,0.2321520894765854
58766,0.13963080942630768
58767,0.23468732833862305
58768,0.41629964113235474
58769,0.4257179796695709
58770,0.4346744120121002
58771,0.3399388790130615
58772,0.2795443832874298
58773,0.38651227951049805
58774,0.2402065247297287
58775,0.23937556147575378
58776,0.2546877861022949
58777,0.17748680710792542
58778,0.2047911137342453
58779,0.2907547056674957
58780,0.20759254693984985
58781,0.19665667414665222
58782,0.1733156144618988
58783,0.22570748627185822
58784,0.279423326253891
58785,0.26467379927635193
58786,0.17883633077144623
58787,0.3817172646522522
58788,0.16262488067150116
58789,0.23269696533679962
58790,0.29632940888404846
58791,0.23344537615776062
58792,0.27720800042152405
58793,0.34986039996147156
58794,0.24451673030853271
58795,0.27897557616233826
58796,0.22947821021080017
58797,0.33858612179756165
58798,0.21352916955947876
58799,0.20330651104450226
58800,0.3052373230457306
58801,0.1950898915529251
58802,0.23896656930446625
58803,0.13612481951713562
58804,0.21501444280147552
58805,0.19463400542736053
58806,0.20460627973079681
58807,0.24431894719600677
58808,0.1546546369791031
58809,0.21290583908557892
58810,0.24637530744075775
58811,0.19015201926231384
58812,0.24797341227531433
58813,0.3067895174026489
58814,0.24386799335479736
58815,0.2568831145763397
58816,0.2780148983001709
58817,0.2559219002723694
58818,0.2895410656929016
58819,0.22648805379867554
58820,0.24318194389343262
58821,0.36194556951522827
58822,0.3901130259037018
58823,0.3170277774333954
58824,0.34885668754577637
58825,0.3094129264354706
58826,0.2754646837711334
58827,0.28301307559013367
58828,0.41806915402412415
58829,0.35398629307746887
58830,0.23683778941631317
58831,0.3018186092376709
58832,0.27311617136001587
58833,0.27598097920417786
58834,0.28812649846076965
58835,0.20574678480625153
58836,0.12064103782176971
58837,0.16338485479354858
58838,0.1512606143951416
58839,0.11186382174491882
58840,0.13419030606746674
58841,0.22366085648536682
58842,0.12469204515218735
58843,0.25097185373306274
58844,0.2550429701805115
58845,0.2423982322216034
58846,0.1649811565876007
58847,0.36684152483940125
58848,0.26716282963752747
58849,0.36166614294052124
58850,0.44351762533187866
58851,0.3406568765640259
58852,0.2235964983701706
58853,0.39115437865257263
58854,0.4612983465194702
58855,0.1712460219860077
58856,0.256538450717926
58857,0.3729839622974396
58858,0.2842848300933838
58859,0.2743260860443115
58860,0.46154913306236267
58861,0.3919324576854706
58862,0.31437623500823975
58863,0.22332221269607544
58864,0.39056694507598877
58865,0.16748842597007751
58866,0.23724207282066345
58867,0.15400230884552002
58868,0.3124452531337738
58869,0.20086240768432617
58870,0.19850271940231323
58871,0.45193910598754883
58872,0.31645920872688293
58873,0.2631821632385254
58874,0.38789764046669006
58875,0.451729416847229
58876,0.24416613578796387
58877,0.2506810128688812
58878,0.2849177122116089
58879,0.29314449429512024
58880,0.2178715318441391
58881,0.30297496914863586
58882,0.31668055057525635
58883,0.3301428556442261
58884,0.24257861077785492
58885,0.26211056113243103
58886,0.27821865677833557
58887,0.278690367937088
58888,0.3004513382911682
58889,0.27367278933525085
58890,0.28512510657310486
58891,0.2669864594936371
58892,0.25657767057418823
58893,0.26766499876976013
58894,0.31110090017318726
58895,0.3480605483055115
58896,0.33797338604927063
58897,0.3300366997718811
58898,0.33286052942276
58899,0.37275466322898865
58900,0.3008902966976166
58901,0.3297191858291626
58902,0.3056810200214386
58903,0.30272963643074036
58904,0.3087126910686493
58905,0.3223366439342499
58906,0.30854058265686035
58907,0.3249697685241699
58908,0.32144927978515625
58909,0.3099168837070465
58910,0.2876102328300476
58911,0.28507643938064575
58912,0.26511067152023315
58913,0.3034912943840027
58914,0.30193057656288147
58915,0.30181512236595154
58916,0.24604786932468414
58917,0.24704566597938538
58918,0.261899471282959
58919,0.28048667311668396
58920,0.2909344732761383
58921,0.28536519408226013
58922,0.29202455282211304
58923,0.27673766016960144
58924,0.2757817208766937
58925,0.299529105424881
58926,0.2118019014596939
58927,0.20249179005622864
58928,0.23941393196582794
58929,0.23616158962249756
58930,0.23058655858039856
58931,0.28411245346069336
58932,0.3043563663959503
58933,0.31356996297836304
58934,0.3031018376350403
58935,0.2851220369338989
58936,0.2281501144170761
58937,0.24772948026657104
58938,0.29193878173828125
58939,0.314866840839386
58940,0.31309449672698975
58941,0.3305882513523102
58942,0.27238428592681885
58943,0.28702932596206665
58944,0.26852095127105713
58945,0.2730449140071869
58946,0.2552309036254883
58947,0.2386312484741211
58948,0.2286783754825592
58949,0.2345399409532547
58950,0.2166062742471695
58951,0.2264147698879242
58952,0.2461826652288437
58953,0.26675137877464294
58954,0.24394568800926208
58955,0.2256365269422531
58956,0.2637598514556885
58957,0.2756180465221405
58958,0.26232194900512695
58959,0.276010125875473
58960,0.30540210008621216
58961,0.31155237555503845
58962,0.3091154396533966
58963,0.2934947907924652
58964,0.3098226487636566
58965,0.26179298758506775
58966,0.30823060870170593
58967,0.2988174557685852
58968,0.34125691652297974
58969,0.3418290317058563
58970,0.27621594071388245
58971,0.2796461582183838
58972,0.28016334772109985
58973,0.252190500497818
58974,0.31408873200416565
58975,0.23134590685367584
58976,0.30237483978271484
58977,0.288888543844223
58978,0.3863297402858734
58979,0.34982579946517944
58980,0.3261987268924713
58981,0.32398682832717896
58982,0.3127151429653168
58983,0.31028690934181213
58984,0.2944863438606262
58985,0.24971184134483337
58986,0.2388383448123932
58987,0.2351505309343338
58988,0.20818957686424255
58989,0.23701441287994385
58990,0.23822492361068726
58991,0.22398240864276886
58992,0.22293564677238464
58993,0.22220712900161743
58994,0.2813035845756531
58995,0.206013485789299
58996,0.21333153545856476
58997,0.2149081975221634
58998,0.2108641415834427
58999,0.22494156658649445
59000,0.25222840905189514
59001,0.2740716338157654
59002,0.290127158164978
59003,0.28249266743659973
59004,0.24533714354038239
59005,0.26007080078125
59006,0.2619774043560028
59007,0.18853268027305603
59008,0.1758321076631546
59009,0.2166522592306137
59010,0.1778329759836197
59011,0.3182477056980133
59012,0.32865357398986816
59013,0.20049239695072174
59014,0.2211712896823883
59015,0.2187441736459732
59016,0.20954380929470062
59017,0.18839359283447266
59018,0.1953975409269333
59019,0.20403273403644562
59020,0.20854462683200836
59021,0.21712692081928253
59022,0.2038591206073761
59023,0.19006279110908508
59024,0.2030124068260193
59025,0.22323499619960785
59026,0.2148468941450119
59027,0.2091292291879654
59028,0.21948985755443573
59029,0.2737704813480377
59030,0.34054890275001526
59031,0.21722030639648438
59032,0.40004268288612366
59033,0.41138702630996704
59034,0.3940257132053375
59035,0.4036259651184082
59036,0.3294961452484131
59037,0.17670118808746338
59038,0.4322695732116699
59039,0.23410548269748688
59040,0.2573910653591156
59041,0.24186013638973236
59042,0.2429012954235077
59043,0.22132718563079834
59044,0.2514443099498749
59045,0.3009146451950073
59046,0.35335949063301086
59047,0.34087085723876953
59048,0.27245187759399414
59049,0.3603917956352234
59050,0.41769206523895264
59051,0.4227345883846283
59052,0.22031797468662262
59053,0.23433621227741241
59054,0.344583123922348
59055,0.2602927088737488
59056,0.26990121603012085
59057,0.3224051892757416
59058,0.27978232502937317
59059,0.35323721170425415
59060,0.3935084044933319
59061,0.39503902196884155
59062,0.20123107731342316
59063,0.29726678133010864
59064,0.29116326570510864
59065,0.22286345064640045
59066,0.22561496496200562
59067,0.48029693961143494
59068,0.24599528312683105
59069,0.37535810470581055
59070,0.4745909571647644
59071,0.3920220732688904
59072,0.418422669172287
59073,0.3994176685810089
59074,0.5040761232376099
59075,0.5545602440834045
59076,0.453505277633667
59077,0.5278239846229553
59078,0.5462284088134766
59079,0.3637603223323822
59080,0.4684491455554962
59081,0.5441980957984924
59082,0.5053993463516235
59083,0.3721076250076294
59084,0.31319573521614075
59085,0.33536550402641296
59086,0.3351280987262726
59087,0.4010710120201111
59088,0.3723575174808502
59089,0.2935895621776581
59090,0.22936870157718658
59091,0.2436472624540329
59092,0.2750266194343567
59093,0.3014536201953888
59094,0.28111836314201355
59095,0.27737417817115784
59096,0.27061909437179565
59097,0.2568137049674988
59098,0.4226836860179901
59099,0.27240872383117676
59100,0.28607919812202454
59101,0.2823275029659271
59102,0.37197303771972656
59103,0.31226056814193726
59104,0.304877370595932
59105,0.2815518081188202
59106,0.2749123275279999
59107,0.25214919447898865
59108,0.25841066241264343
59109,0.3107399344444275
59110,0.30181029438972473
59111,0.29486146569252014
59112,0.25249266624450684
59113,0.2430955171585083
59114,0.23816892504692078
59115,0.3953172564506531
59116,0.37556639313697815
59117,0.4038197696208954
59118,0.4223613142967224
59119,0.40031135082244873
59120,0.4041552245616913
59121,0.39220601320266724
59122,0.3363611400127411
59123,0.41445401310920715
59124,0.321353942155838
59125,0.26985034346580505
59126,0.3472457528114319
59127,0.3549914062023163
59128,0.3154473900794983
59129,0.39900004863739014
59130,0.32050901651382446
59131,0.3475067913532257
59132,0.3246500790119171
59133,0.2821589708328247
59134,0.3171457052230835
59135,0.3955736756324768
59136,0.4210706055164337
59137,0.37269434332847595
59138,0.34975287318229675
59139,0.36514541506767273
59140,0.32197242975234985
59141,0.277127742767334
59142,0.301157683134079
59143,0.3609767556190491
59144,0.3193049430847168
59145,0.27097877860069275
59146,0.2970258295536041
59147,0.3784162402153015
59148,0.3829747140407562
59149,0.40281417965888977
59150,0.4295399487018585
59151,0.34636473655700684
59152,0.3701153099536896
59153,0.3181603252887726
59154,0.36946916580200195
59155,0.37020057439804077
59156,0.38752511143684387
59157,0.4337009787559509
59158,0.34490904211997986
59159,0.3840723931789398
59160,0.3682398796081543
59161,0.40706688165664673
59162,0.4182305335998535
59163,0.42515841126441956
59164,0.3905254304409027
59165,0.38278067111968994
59166,0.36905890703201294
59167,0.366615891456604
59168,0.3606242537498474
59169,0.41923364996910095
59170,0.3637911081314087
59171,0.4215204119682312
59172,0.436471551656723
59173,0.43017491698265076
59174,0.43326041102409363
59175,0.38946738839149475
59176,0.4284249246120453
59177,0.37142306566238403
59178,0.4249003827571869
59179,0.38856154680252075
59180,0.47188064455986023
59181,0.48347577452659607
59182,0.46283218264579773
59183,0.4325215816497803
59184,0.36701053380966187
59185,0.3615606129169464
59186,0.4190302789211273
59187,0.4024267792701721
59188,0.42707374691963196
59189,0.39955756068229675
59190,0.3872550129890442
59191,0.3447003662586212
59192,0.3358669579029083
59193,0.31394338607788086
59194,0.2823173999786377
59195,0.23063068091869354
59196,0.4598959684371948
59197,0.2809402346611023
59198,0.26361826062202454
59199,0.31433627009391785
59200,0.3227110505104065
59201,0.28981271386146545
59202,0.22494074702262878
59203,0.26027166843414307
59204,0.24807043373584747
59205,0.2256259322166443
59206,0.20109857618808746
59207,0.22403421998023987
59208,0.28885617852211
59209,0.30104750394821167
59210,0.281622052192688
59211,0.2523702383041382
59212,0.2416926771402359
59213,0.3088738024234772
59214,0.2872730791568756
59215,0.20167884230613708
59216,0.21567466855049133
59217,0.18803657591342926
59218,0.2500496804714203
59219,0.22969543933868408
59220,0.19701911509037018
59221,0.20024622976779938
59222,0.21465618908405304
59223,0.22755788266658783
59224,0.2639232575893402
59225,0.27677038311958313
59226,0.2814260721206665
59227,0.2651365399360657
59228,0.2604237496852875
59229,0.2702634334564209
59230,0.2788057029247284
59231,0.2620495855808258
59232,0.31234532594680786
59233,0.3337925970554352
59234,0.30956315994262695
59235,0.3281104564666748
59236,0.32138797640800476
59237,0.2836173176765442
59238,0.24995853006839752
59239,0.22960816323757172
59240,0.2812168598175049
59241,0.23550470173358917
59242,0.27180254459381104
59243,0.2806324362754822
59244,0.27280735969543457
59245,0.2454937845468521
59246,0.20239782333374023
59247,0.30488887429237366
59248,0.3132113516330719
59249,0.2982043921947479
59250,0.28993356227874756
59251,0.28956034779548645
59252,0.29901817440986633
59253,0.27567994594573975
59254,0.25780418515205383
59255,0.2244858741760254
59256,0.25242605805397034
59257,0.27180737257003784
59258,0.26688194274902344
59259,0.2855916917324066
59260,0.28656044602394104
59261,0.3018237054347992
59262,0.2926490902900696
59263,0.26928970217704773
59264,0.21150583028793335
59265,0.238085076212883
59266,0.25219282507896423
59267,0.2602446675300598
59268,0.26925259828567505
59269,0.24554477632045746
59270,0.20420917868614197
59271,0.19817210733890533
59272,0.1719539314508438
59273,0.1816166341304779
59274,0.1597832292318344
59275,0.19062387943267822
59276,0.22666141390800476
59277,0.25893890857696533
59278,0.25708454847335815
59279,0.29653531312942505
59280,0.37171298265457153
59281,0.3892282247543335
59282,0.37667134404182434
59283,0.36233869194984436
59284,0.3485598564147949
59285,0.360003262758255
59286,0.3238956034183502
59287,0.24691513180732727
59288,0.25630784034729004
59289,0.27560320496559143
59290,0.2860928475856781
59291,0.23771929740905762
59292,0.24400970339775085
59293,0.27165687084198
59294,0.2738501727581024
59295,0.24965965747833252
59296,0.2574272155761719
59297,0.254792720079422
59298,0.2748376131057739
59299,0.23454329371452332
59300,0.2150540053844452
59301,0.2775481641292572
59302,0.24419140815734863
59303,0.23440666496753693
59304,0.21200554072856903
59305,0.2621288597583771
59306,0.24600271880626678
59307,0.24384009838104248
59308,0.2651483416557312
59309,0.24551190435886383
59310,0.3080441951751709
59311,0.3209664821624756
59312,0.3037896156311035
59313,0.30999118089675903
59314,0.2815631628036499
59315,0.32505983114242554
59316,0.3303207755088806
59317,0.28429675102233887
59318,0.2455165535211563
59319,0.3144797086715698
59320,0.32785576581954956
59321,0.3236585855484009
59322,0.33494314551353455
59323,0.3174934983253479
59324,0.2688367962837219
59325,0.32327133417129517
59326,0.33325228095054626
59327,0.27843692898750305
59328,0.31902211904525757
59329,0.28790584206581116
59330,0.2408640831708908
59331,0.27013662457466125
59332,0.26761889457702637
59333,0.27151116728782654
59334,0.2754422128200531
59335,0.2485712617635727
59336,0.2675040662288666
59337,0.27932724356651306
59338,0.28818345069885254
59339,0.22903074324131012
59340,0.22713862359523773
59341,0.23549988865852356
59342,0.26582637429237366
59343,0.2726684510707855
59344,0.24829433858394623
59345,0.24778445065021515
59346,0.2932104766368866
59347,0.30427104234695435
59348,0.29598188400268555
59349,0.2729845345020294
59350,0.27413269877433777
59351,0.23513218760490417
59352,0.2537343204021454
59353,0.28608453273773193
59354,0.28884464502334595
59355,0.3310403823852539
59356,0.34645572304725647
59357,0.3971095681190491
59358,0.38569167256355286
59359,0.33852002024650574
59360,0.33176788687705994
59361,0.3260505795478821
59362,0.2979259192943573
59363,0.3094753921031952
59364,0.30551546812057495
59365,0.2948630750179291
59366,0.26841050386428833
59367,0.25175151228904724
59368,0.26273977756500244
59369,0.26033854484558105
59370,0.2666582763195038
59371,0.2352648377418518
59372,0.22219619154930115
59373,0.27287575602531433
59374,0.2802891433238983
59375,0.3273966908454895
59376,0.28957831859588623
59377,0.21305996179580688
59378,0.3347056806087494
59379,0.31714174151420593
59380,0.29769662022590637
59381,0.2957783043384552
59382,0.28536897897720337
59383,0.2832902669906616
59384,0.27700287103652954
59385,0.2736200988292694
59386,0.2551094889640808
59387,0.25628355145454407
59388,0.2796452045440674
59389,0.3350094258785248
59390,0.28850504755973816
59391,0.30044692754745483
59392,0.31004559993743896
59393,0.31006959080696106
59394,0.308925062417984
59395,0.31213894486427307
59396,0.3230970501899719
59397,0.34112435579299927
59398,0.36048561334609985
59399,0.3138813376426697
59400,0.26968979835510254
59401,0.2497391700744629
59402,0.2626957893371582
59403,0.2639610469341278
59404,0.24787501990795135
59405,0.23903785645961761
59406,0.21117091178894043
59407,0.21107836067676544
59408,0.21293722093105316
59409,0.18409769237041473
59410,0.19516190886497498
59411,0.20092147588729858
59412,0.2325572967529297
59413,0.2196337878704071
59414,0.22213363647460938
59415,0.2810182273387909
59416,0.271258145570755
59417,0.2742358446121216
59418,0.2868213355541229
59419,0.2738403081893921
59420,0.24153590202331543
59421,0.23095732927322388
59422,0.22735802829265594
59423,0.21880359947681427
59424,0.3593986928462982
59425,0.4475266933441162
59426,0.20161370933055878
59427,0.18639329075813293
59428,0.16870103776454926
59429,0.20750199258327484
59430,0.21359147131443024
59431,0.23789621889591217
59432,0.25260546803474426
59433,0.310422420501709
59434,0.24224711954593658
59435,0.3353084623813629
59436,0.24847470223903656
59437,0.3121367394924164
59438,0.2953958213329315
59439,0.23200494050979614
59440,0.20525646209716797
59441,0.24753494560718536
59442,0.24540331959724426
59443,0.23329685628414154
59444,0.2277410477399826
59445,0.38992300629615784
59446,0.3075539171695709
59447,0.3200269043445587
59448,0.3357175886631012
59449,0.3220488429069519
59450,0.2690253257751465
59451,0.2672642767429352
59452,0.27000701427459717
59453,0.27553439140319824
59454,0.3456730246543884
59455,0.3383084833621979
59456,0.32930776476860046
59457,0.3461166024208069
59458,0.3156142234802246
59459,0.27135756611824036
59460,0.31693094968795776
59461,0.27712029218673706
59462,0.2705397307872772
59463,0.26893600821495056
59464,0.26363104581832886
59465,0.20352217555046082
59466,0.1951402723789215
59467,0.19686239957809448
59468,0.19536159932613373
59469,0.20479686558246613
59470,0.21543534100055695
59471,0.3106292486190796
59472,0.23099735379219055
59473,0.21316839754581451
59474,0.21384665369987488
59475,0.1972983479499817
59476,0.19407080113887787
59477,0.18611222505569458
59478,0.18638181686401367
59479,0.17748281359672546
59480,0.17225219309329987
59481,0.17992621660232544
59482,0.19227254390716553
59483,0.20034606754779816
59484,0.2103728950023651
59485,0.21616502106189728
59486,0.2625751495361328
59487,0.2964480519294739
59488,0.22449316084384918
59489,0.2299671769142151
59490,0.23759323358535767
59491,0.24297893047332764
59492,0.23142215609550476
59493,0.3494322896003723
59494,0.22708195447921753
59495,0.38557514548301697
59496,0.2447318732738495
59497,0.22648634016513824
59498,0.21788530051708221
59499,0.23466159403324127
59500,0.2419070601463318
59501,0.2535489797592163
59502,0.2631761133670807
59503,0.2516290843486786
59504,0.26128268241882324
59505,0.273706316947937
59506,0.2252286970615387
59507,0.24228112399578094
59508,0.22676122188568115
59509,0.21705366671085358
59510,0.2300919145345688
59511,0.1835964024066925
59512,0.19094905257225037
59513,0.21971653401851654
59514,0.2052312046289444
59515,0.21124881505966187
59516,0.22357259690761566
59517,0.2168567031621933
59518,0.20845603942871094
59519,0.19927364587783813
59520,0.19735728204250336
59521,0.20009014010429382
59522,0.20726607739925385
59523,0.21525278687477112
59524,0.17796273529529572
59525,0.19100253283977509
59526,0.20008455216884613
59527,0.20211854577064514
59528,0.22164355218410492
59529,0.22484168410301208
59530,0.228056401014328
59531,0.15106844902038574
59532,0.3874233365058899
59533,0.17086896300315857
59534,0.20350117981433868
59535,0.1828291118144989
59536,0.15603679418563843
59537,0.13896089792251587
59538,0.1473982334136963
59539,0.1527871936559677
59540,0.16892218589782715
59541,0.19501803815364838
59542,0.16003568470478058
59543,0.1453668624162674
59544,0.12571708858013153
59545,0.1480190008878708
59546,0.12695695459842682
59547,0.149934783577919
59548,0.16343289613723755
59549,0.16477082669734955
59550,0.1614166647195816
59551,0.14691682159900665
59552,0.17183350026607513
59553,0.1810690015554428
59554,0.15563438832759857
59555,0.16318531334400177
59556,0.16397161781787872
59557,0.12533505260944366
59558,0.14699068665504456
59559,0.14003893733024597
59560,0.14474652707576752
59561,0.11756390333175659
59562,0.17980723083019257
59563,0.15910667181015015
59564,0.14955073595046997
59565,0.13960863649845123
59566,0.13845457136631012
59567,0.14545327425003052
59568,0.1342330127954483
59569,0.13694405555725098
59570,0.11789678782224655
59571,0.12820881605148315
59572,0.18254414200782776
59573,0.19645202159881592
59574,0.20798155665397644
59575,0.16894268989562988
59576,0.13351096212863922
59577,0.16661524772644043
59578,0.1869044005870819
59579,0.1607343703508377
59580,0.2028430551290512
59581,0.202564999461174
59582,0.17648197710514069
59583,0.20415008068084717
59584,0.2207144945859909
59585,0.20882254838943481
59586,0.1963704377412796
59587,0.1761859655380249
59588,0.17001032829284668
59589,0.1518380343914032
59590,0.14880239963531494
59591,0.14619985222816467
59592,0.14765267074108124
59593,0.16761374473571777
59594,0.16162772476673126
59595,0.11948207020759583
59596,0.27095797657966614
59597,0.2240821272134781
59598,0.20030680298805237
59599,0.2228236347436905
59600,0.23760037124156952
59601,0.26346704363822937
59602,0.27314960956573486
59603,0.2751796841621399
59604,0.2552363872528076
59605,0.25757482647895813
59606,0.2866479456424713
59607,0.26303791999816895
59608,0.25420063734054565
59609,0.22583360970020294
59610,0.24576425552368164
59611,0.2806388735771179
59612,0.27883198857307434
59613,0.23753897845745087
59614,0.2183728963136673
59615,0.21932734549045563
59616,0.2641443908214569
59617,0.26128843426704407
59618,0.2740868628025055
59619,0.2799884080886841
59620,0.28935012221336365
59621,0.2797357738018036
59622,0.23281905055046082
59623,0.21086888015270233
59624,0.23275123536586761
59625,0.25786715745925903
59626,0.25484609603881836
59627,0.25531142950057983
59628,0.2859002947807312
59629,0.2666698396205902
59630,0.2655249834060669
59631,0.2938156723976135
59632,0.3261469602584839
59633,0.2833505868911743
59634,0.24067658185958862
59635,0.22033947706222534
59636,0.2388731688261032
59637,0.2683889865875244
59638,0.27525198459625244
59639,0.30178168416023254
59640,0.28781968355178833
59641,0.2530302107334137
59642,0.24217598140239716
59643,0.3044703006744385
59644,0.2479134351015091
59645,0.27008190751075745
59646,0.28068703413009644
59647,0.27722805738449097
59648,0.28066834807395935
59649,0.30924829840660095
59650,0.2981750965118408
59651,0.275642991065979
59652,0.2937963604927063
59653,0.2991686165332794
59654,0.3035746216773987
59655,0.3150213658809662
59656,0.3299199938774109
59657,0.2910977900028229
59658,0.2614773213863373
59659,0.2508789002895355
59660,0.22520262002944946
59661,0.27924033999443054
59662,0.32327061891555786
59663,0.27844271063804626
59664,0.28459376096725464
59665,0.26279377937316895
59666,0.2962510883808136
59667,0.3048422038555145
59668,0.3018306791782379
59669,0.3039294183254242
59670,0.2597832679748535
59671,0.24163004755973816
59672,0.2316111922264099
59673,0.21465466916561127
59674,0.21655282378196716
59675,0.25750207901000977
59676,0.2792796492576599
59677,0.19049504399299622
59678,0.2094353437423706
59679,0.2827383875846863
59680,0.2696301341056824
59681,0.19822533428668976
59682,0.20385724306106567
59683,0.2701263725757599
59684,0.24183931946754456
59685,0.2976878881454468
59686,0.28844818472862244
59687,0.20033502578735352
59688,0.2182050347328186
59689,0.19213323295116425
59690,0.16833092272281647
59691,0.23189613223075867
59692,0.14512501657009125
59693,0.19701039791107178
59694,0.18682007491588593
59695,0.22405417263507843
59696,0.22584514319896698
59697,0.15040679275989532
59698,0.13829824328422546
59699,0.2403683066368103
59700,0.15707696974277496
59701,0.1670481562614441
59702,0.13882365822792053
59703,0.19384966790676117
59704,0.168510302901268
59705,0.21930645406246185
59706,0.18025171756744385
59707,0.23140139877796173
59708,0.14315861463546753
59709,0.1930161863565445
59710,0.25322088599205017
59711,0.22209477424621582
59712,0.31022632122039795
59713,0.34201622009277344
59714,0.16179759800434113
59715,0.25447410345077515
59716,0.2361021190881729
59717,0.3501485288143158
59718,0.34686174988746643
59719,0.12709413468837738
59720,0.304146409034729
59721,0.23967747390270233
59722,0.2666016221046448
59723,0.2592187523841858
59724,0.0618203841149807
59725,0.19825167953968048
59726,0.2478812038898468
59727,0.2468782216310501
59728,0.3361738622188568
59729,0.28652212023735046
59730,0.322975754737854
59731,0.25465041399002075
59732,0.3257245123386383
59733,0.3001527488231659
59734,0.2686401903629303
59735,0.21195799112319946
59736,0.23374958336353302
59737,0.24822981655597687
59738,0.24317272007465363
59739,0.1844717264175415
59740,0.06715381145477295
59741,0.2091636061668396
59742,0.20085664093494415
59743,0.18998658657073975
59744,0.15235282480716705
59745,0.21149368584156036
59746,0.23135735094547272
59747,0.2907043695449829
59748,0.2582661211490631
59749,0.21158196032047272
59750,0.27625390887260437
59751,0.23348794877529144
59752,0.2916920781135559
59753,0.2669382393360138
59754,0.2991974353790283
59755,0.30904620885849
59756,0.35203635692596436
59757,0.256856232881546
59758,0.17014747858047485
59759,0.20710644125938416
59760,0.20806798338890076
59761,0.17803144454956055
59762,0.21018731594085693
59763,0.20359261333942413
59764,0.28755244612693787
59765,0.335510790348053
59766,0.3287206292152405
59767,0.2746923863887787
59768,0.3526836931705475
59769,0.2943587899208069
59770,0.3687513768672943
59771,0.3223450779914856
59772,0.33612579107284546
59773,0.33629873394966125
59774,0.2489745169878006
59775,0.2512274980545044
59776,0.22517986595630646
59777,0.23580452799797058
59778,0.23362426459789276
59779,0.2277182787656784
59780,0.2641371190547943
59781,0.2130846083164215
59782,0.37376993894577026
59783,0.3743171989917755
59784,0.3536599576473236
59785,0.3601674735546112
59786,0.3045767843723297
59787,0.3378869295120239
59788,0.28474199771881104
59789,0.26619669795036316
59790,0.3451831340789795
59791,0.2833917737007141
59792,0.39581480622291565
59793,0.35538381338119507
59794,0.3374873697757721
59795,0.22702208161354065
59796,0.18082505464553833
59797,0.31886813044548035
59798,0.22550047934055328
59799,0.25477334856987
59800,0.3154044449329376
59801,0.31333935260772705
59802,0.24507825076580048
59803,0.348926305770874
59804,0.19515636563301086
59805,0.17915725708007812
59806,0.2404496967792511
59807,0.18610022962093353
59808,0.2534087896347046
59809,0.22078660130500793
59810,0.38518381118774414
59811,0.34064781665802
59812,0.260226845741272
59813,0.22125177085399628
59814,0.3328997790813446
59815,0.3675262928009033
59816,0.2895911633968353
59817,0.2219936102628708
59818,0.43744713068008423
59819,0.18378996849060059
59820,0.2997107207775116
59821,0.35972607135772705
59822,0.2645528316497803
59823,0.21799370646476746
59824,0.3594628572463989
59825,0.29553309082984924
59826,0.288921058177948
59827,0.2951775789260864
59828,0.28235504031181335
59829,0.2782740294933319
59830,0.24229587614536285
59831,0.2521183490753174
59832,0.2871318757534027
59833,0.27368396520614624
59834,0.24836260080337524
59835,0.28493669629096985
59836,0.23760254681110382
59837,0.3062838315963745
59838,0.21715496480464935
59839,0.2634221613407135
59840,0.25567910075187683
59841,0.2753902077674866
59842,0.2195533663034439
59843,0.2770102024078369
59844,0.2173912227153778
59845,0.2904759347438812
59846,0.24605295062065125
59847,0.24197866022586823
59848,0.28812235593795776
59849,0.28081730008125305
59850,0.2757747769355774
59851,0.3066416382789612
59852,0.28198838233947754
59853,0.25088366866111755
59854,0.2470734715461731
59855,0.2378133088350296
59856,0.2664918005466461
59857,0.28316476941108704
59858,0.2784395217895508
59859,0.2673065960407257
59860,0.22038976848125458
59861,0.28351905941963196
59862,0.27036648988723755
59863,0.31711477041244507
59864,0.29146549105644226
59865,0.2987476587295532
59866,0.23552288115024567
59867,0.24509240686893463
59868,0.24355626106262207
59869,0.28426337242126465
59870,0.2727046310901642
59871,0.27898290753364563
59872,0.3137072026729584
59873,0.2728290855884552
59874,0.2894741892814636
59875,0.22585684061050415
59876,0.29216212034225464
59877,0.24111241102218628
59878,0.26952436566352844
59879,0.25949805974960327
59880,0.27114197611808777
59881,0.2590443789958954
59882,0.2710888981819153
59883,0.28792357444763184
59884,0.31825435161590576
59885,0.3013281226158142
59886,0.269631564617157
59887,0.25766903162002563
59888,0.2917426824569702
59889,0.27342456579208374
59890,0.29259687662124634
59891,0.25699588656425476
59892,0.28016939759254456
59893,0.2727033495903015
59894,0.2864513099193573
59895,0.2557925581932068
59896,0.25884297490119934
59897,0.22125805914402008
59898,0.2639594078063965
59899,0.20519858598709106
59900,0.20091421902179718
59901,0.2075861543416977
59902,0.20029209554195404
59903,0.21061550080776215
59904,0.2936754524707794
59905,0.31223541498184204
59906,0.3075224459171295
59907,0.34983161091804504
59908,0.3207869231700897
59909,0.3226907551288605
59910,0.3336729109287262
59911,0.3100539743900299
59912,0.37965115904808044
59913,0.3787480592727661
59914,0.32199281454086304
59915,0.3163093626499176
59916,0.3076031506061554
59917,0.29883599281311035
59918,0.29185718297958374
59919,0.2695794701576233
59920,0.3136388063430786
59921,0.28892943263053894
59922,0.2509423792362213
59923,0.1931292712688446
59924,0.18064981698989868
59925,0.23256815969944
59926,0.26791152358055115
59927,0.274059921503067
59928,0.266464501619339
59929,0.22197681665420532
59930,0.35239744186401367
59931,0.35159972310066223
59932,0.327580988407135
59933,0.3087276518344879
59934,0.2983371913433075
59935,0.3310571014881134
59936,0.35975635051727295
59937,0.3694503605365753
59938,0.3552798330783844
59939,0.39710259437561035
59940,0.3554362654685974
59941,0.30853477120399475
59942,0.27273955941200256
59943,0.2874203026294708
59944,0.2693314254283905
59945,0.2922609746456146
59946,0.27751263976097107
59947,0.2753138244152069
59948,0.32038751244544983
59949,0.3065529465675354
59950,0.27435949444770813
59951,0.2736021876335144
59952,0.3365597128868103
59953,0.3620356321334839
59954,0.36384788155555725
59955,0.3707487881183624
59956,0.3745906352996826
59957,0.33775243163108826
59958,0.3627716302871704
59959,0.33922672271728516
59960,0.32329732179641724
59961,0.32898616790771484
59962,0.29807814955711365
59963,0.29991477727890015
59964,0.3647509217262268
59965,0.36769092082977295
59966,0.33934444189071655
59967,0.3855639100074768
59968,0.4052448272705078
59969,0.3039681911468506
59970,0.36635416746139526
59971,0.2801443934440613
59972,0.1872102916240692
59973,0.2830847501754761
59974,0.191195547580719
59975,0.3956446647644043
59976,0.3022124767303467
59977,0.31640735268592834
59978,0.3004116714000702
59979,0.22224341332912445
59980,0.42938971519470215
59981,0.23694577813148499
59982,0.23564861714839935
59983,0.2327769696712494
59984,0.217475026845932
59985,0.3403143584728241
59986,0.34801092743873596
59987,0.3673817217350006
59988,0.23770281672477722
59989,0.2824094295501709
59990,0.3160853087902069
59991,0.24440738558769226
59992,0.31368914246559143
59993,0.297731876373291
59994,0.35885360836982727
59995,0.21149474382400513
59996,0.30033132433891296
59997,0.26353421807289124
59998,0.23630723357200623
59999,0.2522542476654053
60000,0.33408740162849426
60001,0.28004390001296997
60002,0.3447801172733307
60003,0.25310686230659485
60004,0.25785529613494873
60005,0.2649606168270111
60006,0.27451714873313904
60007,0.2738353908061981
60008,0.26757577061653137
60009,0.2824791669845581
60010,0.2891879081726074
60011,0.2835969924926758
60012,0.29158449172973633
60013,0.28769752383232117
60014,0.19080983102321625
60015,0.2653452455997467
60016,0.2780385911464691
60017,0.2653968632221222
60018,0.16396404802799225
60019,0.217507004737854
60020,0.22951844334602356
60021,0.23581479489803314
60022,0.2871943712234497
60023,0.28752389550209045
60024,0.1980997622013092
60025,0.14580897986888885
60026,0.27396583557128906
60027,0.3507545292377472
60028,0.30900275707244873
60029,0.34426742792129517
60030,0.29967665672302246
60031,0.22600676119327545
60032,0.2669634521007538
60033,0.25289487838745117
60034,0.20842282474040985
60035,0.12296260893344879
60036,0.2200072556734085
60037,0.20188024640083313
60038,0.42598965764045715
60039,0.381567120552063
60040,0.2544044256210327
60041,0.3638894855976105
60042,0.3728668689727783
60043,0.41789087653160095
60044,0.3541848659515381
60045,0.33880525827407837
60046,0.21583014726638794
60047,0.18539677560329437
60048,0.209488183259964
60049,0.4786466360092163
60050,0.4567483365535736
60051,0.4045661687850952
60052,0.1933702677488327
60053,0.28851819038391113
60054,0.173583984375
60055,0.14930899441242218
60056,0.1787017285823822
60057,0.19315731525421143
60058,0.22025667130947113
60059,0.1809013932943344
60060,0.19508519768714905
60061,0.1638563722372055
60062,0.1925513595342636
60063,0.27875691652297974
60064,0.24488511681556702
60065,0.19378194212913513
60066,0.3430618345737457
60067,0.31274715065956116
60068,0.27354997396469116
60069,0.3375243842601776
60070,0.14538784325122833
60071,0.19010472297668457
60072,0.16856715083122253
60073,0.22186046838760376
60074,0.2768396735191345
60075,0.265103816986084
60076,0.28029221296310425
60077,0.249891459941864
60078,0.2854655981063843
60079,0.24488267302513123
60080,0.2830246090888977
60081,0.175363689661026
60082,0.23355205357074738
60083,0.28000006079673767
60084,0.1753070205450058
60085,0.2727333903312683
60086,0.24490372836589813
60087,0.06405137479305267
60088,0.2638779878616333
60089,0.23148398101329803
60090,0.3142927587032318
60091,0.27609148621559143
60092,0.1600508987903595
60093,0.19309234619140625
60094,0.2183547019958496
60095,0.19253620505332947
60096,0.22041793167591095
60097,0.18195581436157227
60098,0.1763295829296112
60099,0.23241156339645386
60100,0.2843707799911499
60101,0.1835377812385559
60102,0.2547881603240967
60103,0.22926712036132812
60104,0.19501696527004242
60105,0.2477760910987854
60106,0.2518620193004608
60107,0.18646040558815002
60108,0.29694074392318726
60109,0.2507123053073883
60110,0.29024115204811096
60111,0.2792860269546509
60112,0.39943763613700867
60113,0.2546936273574829
60114,0.3092682957649231
60115,0.2155907303094864
60116,0.23254944384098053
60117,0.20182596147060394
60118,0.22633150219917297
60119,0.3538302183151245
60120,0.14461848139762878
60121,0.1736135333776474
60122,0.20360787212848663
60123,0.19553446769714355
60124,0.23034484684467316
60125,0.24250762164592743
60126,0.250070720911026
60127,0.2717929482460022
60128,0.18886394798755646
60129,0.20750240981578827
60130,0.24540472030639648
60131,0.15459716320037842
60132,0.161995068192482
60133,0.2135709673166275
60134,0.2290019989013672
60135,0.21046875417232513
60136,0.26973316073417664
60137,0.304417222738266
60138,0.27127933502197266
60139,0.27055007219314575
60140,0.30622297525405884
60141,0.34154388308525085
60142,0.27918189764022827
60143,0.31039634346961975
60144,0.19750264286994934
60145,0.2528505027294159
60146,0.2663305699825287
60147,0.3032052516937256
60148,0.3148384690284729
60149,0.15059195458889008
60150,0.1651841551065445
60151,0.25393903255462646
60152,0.20725180208683014
60153,0.27769842743873596
60154,0.1922886073589325
60155,0.22508355975151062
60156,0.19011804461479187
60157,0.23084154725074768
60158,0.18878354132175446
60159,0.17420083284378052
60160,0.1739199310541153
60161,0.30596765875816345
60162,0.16410700976848602
60163,0.20483922958374023
60164,0.19661375880241394
60165,0.17540866136550903
60166,0.344666451215744
60167,
60168,0.25800350308418274
60169,0.24157138168811798
60170,
60171,0.298621267080307
60172,
60173,
60174,0.26942116022109985
60175,
60176,
60177,
60178,
60179,
60180,
60181,
60182,0.26271602511405945
60183,0.21470841765403748
60184,0.2754400968551636
60185,
60186,0.2571551203727722
60187,
60188,0.15455369651317596
60189,
60190,
60191,0.339549720287323
60192,
60193,
60194,0.21473300457000732
60195,0.3541429340839386
60196,
60197,0.22477121651172638
60198,0.18872171640396118
60199,0.22043028473854065
60200,0.3266568183898926
60201,0.323239803314209
60202,
60203,0.31576642394065857
60204,
60205,0.2803789973258972
60206,0.3329554498195648
60207,0.27943068742752075
60208,
60209,0.22748318314552307
60210,0.4385782778263092
60211,0.2361401617527008
60212,0.2416459172964096
60213,0.1716240793466568
60214,0.21940696239471436
60215,0.20496754348278046
60216,0.18759137392044067
60217,0.23326657712459564
60218,0.24289236962795258
60219,0.3784080147743225
60220,0.24913610517978668
60221,0.14501692354679108
60222,0.1205371618270874
60223,0.25529876351356506
60224,0.3338692784309387
60225,0.34565630555152893
60226,0.26677122712135315
60227,0.21592625975608826
60228,0.21861866116523743
60229,0.1848779022693634
60230,0.24829041957855225
60231,0.2241809070110321
60232,0.22259096801280975
60233,0.2880078852176666
60234,0.2478865385055542
60235,0.2532116174697876
60236,0.26979315280914307
60237,0.21597962081432343
60238,0.27261027693748474
60239,0.26339980959892273
60240,0.2243794947862625
60241,0.21216775476932526
60242,0.20175011456012726
60243,0.2835948169231415
60244,0.3065382242202759
60245,0.24797269701957703
60246,0.2925645709037781
60247,0.2245154231786728
60248,0.2705627977848053
60249,0.23824022710323334
60250,0.21160878241062164
60251,0.28070640563964844
60252,0.1848202645778656
60253,
60254,0.3242076337337494
60255,0.2691882252693176
60256,0.2636895179748535
60257,0.36578425765037537
60258,0.3448362350463867
60259,0.217169851064682
60260,0.23803387582302094
60261,0.16917967796325684
60262,0.21978379786014557
60263,0.16117416322231293
60264,0.18350540101528168
60265,0.20157073438167572
60266,0.25209400057792664
60267,0.31225472688674927
60268,0.21483059227466583
60269,0.30420634150505066
60270,0.21901731193065643
60271,0.14663758873939514
60272,0.24451282620429993
60273,0.2759140431880951
60274,0.2720401883125305
60275,0.18303288519382477
60276,0.2136935442686081
60277,0.40143144130706787
60278,0.250221848487854
60279,0.25969988107681274
60280,0.2780979573726654
60281,0.2712480425834656
60282,0.3070669174194336
60283,0.2452859729528427
60284,0.2766747772693634
60285,0.2735814154148102
60286,0.3023392856121063
60287,0.29680460691452026
60288,0.21551764011383057
60289,0.19972634315490723
60290,0.25749972462654114
60291,0.30003154277801514
60292,0.25547629594802856
60293,0.3198906183242798
60294,0.43485647439956665
60295,0.3879837393760681
60296,0.32903385162353516
60297,0.21692657470703125
60298,0.3594062626361847
60299,0.26139605045318604
60300,0.29613322019577026
60301,0.3126263916492462
60302,0.33074307441711426
60303,0.3302766978740692
60304,0.32967981696128845
60305,0.24768929183483124
60306,0.2696358859539032
60307,0.26081404089927673
60308,0.23246236145496368
60309,0.2983185052871704
60310,0.2703985273838043
60311,0.25051823258399963
60312,0.28780078887939453
60313,0.3102250397205353
60314,0.3082718253135681
60315,0.3279174864292145
60316,0.37592294812202454
60317,0.3025280833244324
60318,0.397037148475647
60319,0.3562621474266052
60320,0.489727646112442
60321,0.43494948744773865
60322,0.3843063712120056
60323,0.36453211307525635
60324,0.42249560356140137
60325,0.2882493734359741
60326,0.10271681845188141
60327,0.46019449830055237
60328,0.44176170229911804
60329,0.3416329324245453
60330,0.38422104716300964
60331,0.20572137832641602
60332,0.3197534680366516
60333,0.24485225975513458
60334,0.1654283106327057
60335,0.344985693693161
60336,0.42935335636138916
60337,0.27605754137039185
60338,0.19193898141384125
60339,0.28748875856399536
60340,0.4099022448062897
60341,0.1596042811870575
60342,0.178520068526268
60343,0.279623419046402
60344,0.26794788241386414
60345,0.2421897053718567
60346,0.23654422163963318
60347,0.2622804343700409
60348,0.26252779364585876
60349,0.24212181568145752
60350,0.2118486762046814
60351,0.22941531240940094
60352,0.224332794547081
60353,0.2347739338874817
60354,0.22127534449100494
60355,0.17475751042366028
60356,0.15701425075531006
60357,0.2820175886154175
60358,0.20988133549690247
60359,0.19357924163341522
60360,0.15972255170345306
60361,0.1531197428703308
60362,0.15472128987312317
60363,0.15428148210048676
60364,0.14181728661060333
60365,0.25178688764572144
60366,0.19779740273952484
60367,0.20161135494709015
60368,0.13613104820251465
60369,0.2728732228279114
60370,0.2673773169517517
60371,0.34625953435897827
60372,0.16856271028518677
60373,0.1936483234167099
60374,0.23769083619117737
60375,0.17925535142421722
60376,0.3863123059272766
60377,0.44989749789237976
60378,0.31351178884506226
60379,0.3149787187576294
60380,0.39454928040504456
60381,0.19402290880680084
60382,0.3284878134727478
60383,0.37566494941711426
60384,0.3136996626853943
60385,0.270571231842041
60386,0.3052864074707031
60387,0.29260775446891785
60388,0.3549402356147766
60389,0.3599874675273895
60390,0.3247759938240051
60391,0.36998140811920166
60392,0.3611661195755005
60393,0.25370970368385315
60394,0.22892948985099792
60395,0.3204168379306793
60396,0.3141964077949524
60397,0.3399575352668762
60398,0.41112831234931946
60399,0.39667177200317383
60400,0.2617016136646271
60401,0.23210503160953522
60402,0.2566676735877991
60403,0.3136017620563507
60404,0.2639895975589752
60405,0.36072495579719543
60406,0.28920143842697144
60407,0.3244148790836334
60408,0.40137186646461487
60409,0.3873859941959381
60410,0.2493666410446167
60411,0.3718516230583191
60412,0.334346741437912
60413,0.2834585905075073
60414,0.27661773562431335
60415,0.3508349061012268
60416,0.3075553774833679
60417,0.22036440670490265
60418,0.28204214572906494
60419,0.3369040787220001
60420,0.24033430218696594
60421,0.3153897225856781
60422,0.3163258135318756
60423,0.3133285641670227
60424,0.3278934061527252
60425,0.3590810000896454
60426,0.3546147346496582
60427,0.3283824026584625
60428,0.3657318353652954
60429,0.3291186988353729
60430,0.29230472445487976
60431,0.2974630296230316
60432,0.24814832210540771
60433,0.2510252296924591
60434,0.29760974645614624
60435,0.3134476840496063
60436,0.3106752634048462
60437,0.14423879981040955
60438,0.4068296253681183
60439,0.26512956619262695
60440,0.3190101981163025
60441,0.3356061279773712
60442,0.4175625443458557
60443,0.3367971181869507
60444,0.13867546617984772
60445,0.19088169932365417
60446,0.17216522991657257
60447,0.17292200028896332
60448,0.17019927501678467
60449,0.29922255873680115
60450,0.23735411465168
60451,0.30868417024612427
60452,0.20405516028404236
60453,0.1751427799463272
60454,0.20861594378948212
60455,0.21554648876190186
60456,0.20535674691200256
60457,0.0741996169090271
60458,0.20699934661388397
60459,0.20650456845760345
60460,0.2362440526485443
60461,0.14418619871139526
60462,0.3312418758869171
60463,0.2691862881183624
60464,0.42315050959587097
60465,0.2892638146877289
60466,0.280246376991272
60467,0.22034095227718353
60468,0.23127950727939606
60469,0.2273445725440979
60470,0.21072594821453094
60471,0.27228957414627075
60472,0.19971758127212524
60473,0.2032041996717453
60474,0.3000919818878174
60475,0.24685698747634888
60476,0.2108757346868515
60477,0.20562410354614258
60478,0.41286700963974
60479,0.19915266335010529
60480,0.2058594524860382
60481,0.2378598004579544
60482,0.2009381651878357
60483,0.24898579716682434
60484,0.33752575516700745
60485,0.27850544452667236
60486,0.1721571385860443
60487,0.06731998920440674
60488,0.23429307341575623
60489,0.20621655881404877
60490,0.2651216387748718
60491,0.2619060277938843
60492,0.18073667585849762
60493,0.23985137045383453
60494,0.2124060094356537
60495,0.2257489114999771
60496,0.24731457233428955
60497,0.2716858983039856
60498,0.29853519797325134
60499,0.32781070470809937
60500,0.2346634417772293
60501,0.22125820815563202
60502,0.2246432900428772
60503,0.3081742227077484
60504,0.27196070551872253
60505,0.30100181698799133
60506,0.21304243803024292
60507,0.3181334435939789
60508,0.2478763610124588
60509,0.2329321950674057
60510,0.22027356922626495
60511,0.2354583591222763
60512,0.31460434198379517
60513,0.31167447566986084
60514,0.26500841975212097
60515,0.2566760778427124
60516,0.2670563757419586
60517,0.25207576155662537
60518,0.25350815057754517
60519,0.24237574636936188
60520,0.27014368772506714
60521,0.25251707434654236
60522,0.23445230722427368
60523,0.2551123797893524
60524,0.2732982039451599
60525,0.28221821784973145
60526,0.2854294776916504
60527,0.28662624955177307
60528,0.2866397798061371
60529,0.2547292113304138
60530,0.28850409388542175
60531,0.2857031524181366
60532,0.29401475191116333
60533,0.27857154607772827
60534,0.2080635130405426
60535,0.23165327310562134
60536,0.23358358442783356
60537,0.21850858628749847
60538,0.22331096231937408
60539,0.21084299683570862
60540,0.31920695304870605
60541,0.33254894614219666
60542,0.24191223084926605
60543,0.2749037742614746
60544,0.2353750765323639
60545,0.2622309625148773
60546,0.21892918646335602
60547,0.24397066235542297
60548,0.20157434046268463
60549,0.2456302046775818
60550,0.2463078796863556
60551,0.3038099408149719
60552,0.26957085728645325
60553,0.22705398499965668
60554,0.3051467835903168
60555,0.20818522572517395
60556,0.2098352313041687
60557,0.19368885457515717
60558,0.23393088579177856
60559,0.2955397069454193
60560,0.24999043345451355
60561,0.23951540887355804
60562,0.31488102674484253
60563,0.26375725865364075
60564,0.2590385675430298
60565,0.2892688810825348
60566,0.2522044777870178
60567,0.25288471579551697
60568,0.20862936973571777
60569,0.23290695250034332
60570,0.19953031837940216
60571,0.27323365211486816
60572,0.26122748851776123
60573,0.3069343566894531
60574,0.2875956892967224
60575,0.26056841015815735
60576,0.21505257487297058
60577,0.2681041359901428
60578,0.2112729251384735
60579,0.23901915550231934
60580,0.26103004813194275
60581,0.2644491195678711
60582,0.2757396101951599
60583,0.3433350920677185
60584,0.27996915578842163
60585,0.3282700181007385
60586,0.2691982090473175
60587,0.26700446009635925
60588,0.2996569573879242
60589,0.2431459277868271
60590,0.2868856191635132
60591,0.29217490553855896
60592,0.3019569218158722
60593,0.2808176577091217
60594,0.24339492619037628
60595,0.26198387145996094
60596,0.292174369096756
60597,0.27634599804878235
60598,0.2939712405204773
60599,0.23907339572906494
60600,0.20512522757053375
60601,0.23396141827106476
60602,0.27466535568237305
60603,0.24106742441654205
60604,0.20661088824272156
60605,0.35121482610702515
60606,0.3886736333370209
60607,0.2533169388771057
60608,0.2521793246269226
60609,0.3979620635509491
60610,0.29192468523979187
60611,0.29764002561569214
60612,0.28208664059638977
60613,0.27362045645713806
60614,0.2679249048233032
60615,0.2662273943424225
60616,0.2567608952522278
60617,0.2519458532333374
60618,0.3262209892272949
60619,0.3210879862308502
60620,0.35271623730659485
60621,0.3047102093696594
60622,0.3413075804710388
60623,0.31931862235069275
60624,0.19728533923625946
60625,0.2805721163749695
60626,0.2887265682220459
60627,0.2945164144039154
60628,0.3047102093696594
60629,0.3244403004646301
60630,0.24953223764896393
60631,0.2708193063735962
60632,0.2789432406425476
60633,0.2828199863433838
60634,0.2698497176170349
60635,0.3109758496284485
60636,0.33805933594703674
60637,0.31033259630203247
60638,0.24303658306598663
60639,0.270633727312088
60640,0.26752719283103943
60641,0.29694536328315735
60642,0.3836660385131836
60643,0.2589048147201538
60644,0.2747001647949219
60645,0.2669123709201813
60646,0.25146177411079407
60647,0.13155591487884521
60648,0.25599896907806396
60649,0.25443631410598755
60650,0.28536635637283325
60651,0.28718313574790955
60652,0.2829224467277527
60653,0.2804637551307678
60654,0.2188468873500824
60655,0.37623119354248047
60656,0.2689961791038513
60657,0.3169891834259033
60658,0.3025631904602051
60659,0.2916755676269531
60660,0.27249452471733093
60661,0.24037235975265503
60662,0.2145596295595169
60663,0.27305591106414795
60664,0.2625065743923187
60665,0.28176262974739075
60666,0.2886165976524353
60667,0.2938847541809082
60668,0.293254017829895
60669,0.20794236660003662
60670,0.2829926311969757
60671,0.29887625575065613
60672,0.2953612208366394
60673,0.33544260263442993
60674,0.2855224311351776
60675,0.2598439157009125
60676,0.2621763348579407
60677,0.27897578477859497
60678,0.28597491979599
60679,0.2503248155117035
60680,0.4434557557106018
60681,0.3658175766468048
60682,0.3223765194416046
60683,0.13387931883335114
60684,0.19289204478263855
60685,0.25443631410598755
60686,0.29030361771583557
60687,0.2758876383304596
60688,0.39524540305137634
60689,0.3038994371891022
60690,0.3223765194416046
60691,0.28996339440345764
60692,0.2703720033168793
60693,0.394260972738266
60694,0.302643358707428
60695,0.34658610820770264
60696,0.3278338313102722
60697,0.3162616491317749
60698,0.2773868441581726
60699,0.30517542362213135
60700,0.33946701884269714
60701,0.2975331246852875
60702,0.31036946177482605
60703,0.269093781709671
60704,0.2630087435245514
60705,0.27383702993392944
60706,0.28386640548706055
60707,0.28362056612968445
60708,0.39706307649612427
60709,0.2671191096305847
60710,0.3047884404659271
60711,0.33278459310531616
60712,0.2798970341682434
60713,0.25275012850761414
60714,0.24881181120872498
60715,0.2394527643918991
60716,0.2375246286392212
60717,0.2667410373687744
60718,0.2452331781387329
60719,0.24300561845302582
60720,0.20965977013111115
60721,0.2229107916355133
60722,0.2264072746038437
60723,0.25788864493370056
60724,0.24086733162403107
60725,0.39557331800460815
60726,0.3396410048007965
60727,0.32438403367996216
60728,0.26797452569007874
60729,0.4251577854156494
60730,0.32647642493247986
60731,0.33889979124069214
60732,0.2708757221698761
60733,0.29308372735977173
60734,0.2859951853752136
60735,0.25503167510032654
60736,0.384573757648468
60737,0.26700225472450256
60738,0.22388015687465668
60739,0.42470046877861023
60740,0.39972227811813354
60741,0.37705302238464355
60742,0.31957024335861206
60743,0.43341177701950073
60744,0.27835220098495483
60745,0.183613583445549
60746,0.490266889333725
60747,0.4389399588108063
60748,0.4861520528793335
60749,0.2923475205898285
60750,0.2860329747200012
60751,0.2620226740837097
60752,0.23784185945987701
60753,0.3618621230125427
60754,0.23943591117858887
60755,0.35855746269226074
60756,0.3935631811618805
60757,0.43766674399375916
60758,0.3565138876438141
60759,0.3407900631427765
60760,0.4154101312160492
60761,0.43822038173675537
60762,0.4440476894378662
60763,0.3426487445831299
60764,0.14352211356163025
60765,0.3461815118789673
60766,0.23530341684818268
60767,0.23674020171165466
60768,0.20988993346691132
60769,0.2513640820980072
60770,0.43357717990875244
60771,0.38655194640159607
60772,0.3069547116756439
60773,0.35744476318359375
60774,0.22818267345428467
60775,0.23251323401927948
60776,0.1343180239200592
60777,0.2039441019296646
60778,0.3248293399810791
60779,0.364406019449234
60780,0.3771970570087433
60781,0.39989978075027466
60782,0.3930843472480774
60783,0.2226412147283554
60784,0.37039715051651
60785,0.39929717779159546
60786,0.4101546108722687
60787,0.3955914378166199
60788,0.2324470430612564
60789,0.253285676240921
60790,0.42960262298583984
60791,0.461526483297348
60792,0.227097749710083
60793,0.30752432346343994
60794,0.3304724395275116
60795,0.27901124954223633
60796,0.28614574670791626
60797,0.2834393084049225
60798,0.24827860295772552
60799,0.287092387676239
60800,0.241740420460701
60801,0.2084658145904541
60802,0.3084244430065155
60803,0.32607579231262207
60804,0.35885971784591675
60805,0.36251193284988403
60806,0.4559403359889984
60807,0.38120540976524353
60808,0.41283777356147766
60809,0.3970734775066376
60810,0.43746837973594666
60811,0.4079629182815552
60812,0.35641980171203613
60813,0.39897745847702026
60814,0.27562710642814636
60815,0.47596246004104614
60816,0.44723960757255554
60817,0.24884921312332153
60818,0.43045011162757874
60819,0.40794607996940613
60820,0.2478581964969635
60821,0.2935497462749481
60822,0.2880420982837677
