inspection_id,mean_ndvi
47307,0.3224332928657532
47308,0.3740149438381195
47309,0.17628037929534912
47310,0.35273969173431396
47311,0.3391494154930115
47312,0.3569321632385254
47313,0.32503122091293335
47314,0.39896029233932495
47315,0.3597749173641205
47316,0.22043363749980927
47317,0.18745872378349304
47318,0.37890946865081787
47319,0.40696123242378235
47320,0.18732084333896637
47321,0.2717953026294708
47322,0.3156319558620453
47323,0.26283782720565796
47324,0.2509922981262207
47325,0.23655135929584503
47326,0.20448333024978638
47327,0.24632494151592255
47328,0.19148744642734528
47329,0.17821161448955536
47330,0.2534330487251282
47331,0.254582941532135
47332,0.2854463458061218
47333,0.3156481087207794
47334,0.2836624085903168
47335,0.34398847818374634
47336,0.29194021224975586
47337,0.30036163330078125
47338,0.30036261677742004
47339,0.3396090865135193
47340,0.31620824337005615
47341,0.28878089785575867
47342,0.2949084937572479
47343,0.22698087990283966
47344,0.3281116783618927
47345,0.3193102180957794
47346,0.19836659729480743
47347,0.2423027753829956
47348,0.2812252938747406
47349,0.20651639997959137
47350,0.23491843044757843
47351,0.220243901014328
47352,0.18496394157409668
47353,0.17267437279224396
47354,0.2569662928581238
47355,0.3615782856941223
47356,0.32522261142730713
47357,0.3302394151687622
47358,0.3207565248012543
47359,0.3306714594364166
47360,0.35914814472198486
47361,0.2251085489988327
47362,0.28972113132476807
47363,0.20618987083435059
47364,0.21901263296604156
47365,0.2565120458602905
47366,0.3318805694580078
47367,0.3373485803604126
47368,0.356856107711792
47369,0.32858797907829285
47370,0.3510151207447052
47371,0.39015278220176697
47372,0.34842947125434875
47373,0.26872068643569946
47374,0.24699091911315918
47375,0.30097174644470215
47376,0.3060118854045868
47377,0.2834815979003906
47378,0.1759147197008133
47379,0.2306450456380844
47380,0.2749977111816406
47381,0.3094957172870636
47382,0.2840246260166168
47383,0.328512966632843
47384,0.3225419521331787
47385,0.32747408747673035
47386,0.24186739325523376
47387,0.30464449524879456
47388,0.2808516025543213
47389,0.25373056530952454
47390,0.28525906801223755
47391,0.29512807726860046
47392,0.21049369871616364
47393,0.25892162322998047
47394,0.2803874909877777
47395,0.202377051115036
47396,0.13702788949012756
47397,0.2685905396938324
47398,0.19187888503074646
47399,0.3743736445903778
47400,0.2817140221595764
47401,0.27899107336997986
47402,0.27213191986083984
47403,0.3110675811767578
47404,0.2904769778251648
47405,0.2521398067474365
47406,0.25922369956970215
47407,0.2810944616794586
47408,0.2503325641155243
47409,0.15382535755634308
47410,0.1409260481595993
47411,0.14668788015842438
47412,0.18878401815891266
47413,0.19279040396213531
47414,0.19943611323833466
47415,0.23811210691928864
47416,0.13437996804714203
47417,0.26609015464782715
47418,0.2833082973957062
47419,0.250152051448822
47420,0.25817468762397766
47421,0.24419276416301727
47422,0.2640843093395233
47423,0.2539139688014984
47424,0.17535676062107086
47425,0.1655026078224182
47426,0.16411259770393372
47427,0.2973594069480896
47428,0.3042626678943634
47429,0.32280635833740234
47430,0.2911377549171448
47431,0.2898525297641754
47432,0.29426637291908264
47433,0.2501903176307678
47434,0.2740904688835144
47435,0.2614307701587677
47436,0.2630036175251007
47437,0.18107189238071442
47438,0.28456348180770874
47439,0.1815151870250702
47440,0.2387758195400238
47441,0.2455381602048874
47442,0.20875580608844757
47443,0.23989184200763702
47444,0.34665945172309875
47445,0.3403172492980957
47446,0.3590858280658722
47447,0.3524473011493683
47448,0.33490121364593506
47449,0.24298864603042603
47450,0.26197364926338196
47451,0.27073124051094055
47452,0.26666709780693054
47453,0.2737055718898773
47454,0.27765753865242004
47455,0.2557574212551117
47456,0.21670234203338623
47457,0.2414640486240387
47458,0.19956938922405243
47459,0.22752931714057922
47460,0.26743361353874207
47461,0.2947098910808563
47462,0.3360365033149719
47463,0.25745582580566406
47464,0.28779810667037964
47465,0.21141381561756134
47466,0.2264694720506668
47467,0.23720863461494446
47468,0.19726426899433136
47469,0.24043144285678864
47470,0.43183067440986633
47471,0.2756943702697754
47472,0.22510375082492828
47473,0.2847234606742859
47474,0.30830681324005127
47475,0.29344430565834045
47476,0.34091702103614807
47477,0.44775816798210144
47478,0.3468867838382721
47479,0.2932785451412201
47480,0.24572791159152985
47481,0.24378040432929993
47482,0.23986241221427917
47483,0.17965790629386902
47484,0.22603552043437958
47485,0.2028016895055771
47486,0.25957947969436646
47487,0.23486146330833435
47488,0.22416545450687408
47489,0.16658541560173035
47490,0.21338656544685364
47491,0.20553584396839142
47492,0.18522262573242188
47493,0.21332624554634094
47494,0.23361055552959442
47495,0.14358040690422058
47496,0.13499757647514343
47497,0.2720127999782562
47498,0.24281904101371765
47499,0.1648206114768982
47500,0.2209344059228897
47501,0.2629305422306061
47502,0.25047364830970764
47503,0.19441142678260803
47504,0.3375442922115326
47505,0.3150925636291504
47506,0.1200929507613182
47507,0.3439694941043854
47508,0.24186788499355316
47509,0.11960449814796448
47510,0.2188567966222763
47511,0.2454073429107666
47512,0.2934527099132538
47513,0.28250253200531006
47514,0.21083678305149078
47515,0.2162720412015915
47516,0.27025294303894043
47517,0.24162712693214417
47518,0.2320324331521988
47519,0.20604585111141205
47520,0.21539843082427979
47521,0.20354215800762177
47522,0.2422185093164444
47523,0.23073022067546844
47524,0.24932114779949188
47525,0.2571806013584137
47526,0.22116321325302124
47527,0.23043948411941528
47528,0.2563178539276123
47529,0.301174134016037
47530,0.30234405398368835
47531,0.28430014848709106
47532,0.22236418724060059
47533,0.18671967089176178
47534,0.17729854583740234
47535,0.23760981857776642
47536,0.23362736403942108
47537,0.24750839173793793
47538,0.286470502614975
47539,0.2592553198337555
47540,0.24355733394622803
47541,0.20836827158927917
47542,0.18620018661022186
47543,0.23453915119171143
47544,0.2157696634531021
47545,0.207309752702713
47546,0.12655100226402283
47547,0.11564651876688004
47548,0.14296242594718933
47549,0.17654164135456085
47550,0.3429817259311676
47551,0.23998142778873444
47552,0.23282772302627563
47553,0.26906824111938477
47554,0.24265585839748383
47555,0.23663118481636047
47556,0.21034175157546997
47557,0.18768344819545746
47558,0.21088357269763947
47559,0.21909590065479279
47560,0.18546178936958313
47561,0.20258890092372894
47562,0.18437039852142334
47563,0.23400455713272095
47564,0.2046210616827011
47565,0.2001904547214508
47566,0.19441476464271545
47567,0.19465649127960205
47568,0.2266499400138855
47569,0.23476757109165192
47570,0.23476757109165192
47571,0.18661364912986755
47572,0.24555809795856476
47573,0.13420407474040985
47574,0.16049298644065857
47575,0.11037881672382355
47576,0.10081728547811508
47577,0.09960414469242096
47578,0.12053607404232025
47579,0.12447326630353928
47580,0.12748867273330688
47581,0.13627998530864716
47582,0.12342895567417145
47583,0.25915613770484924
47584,0.1975652426481247
47585,0.09141073375940323
47586,0.1037367433309555
47587,0.13276325166225433
47588,0.15199421346187592
47589,0.1380060315132141
47590,0.12596523761749268
47591,0.1213279515504837
47592,0.1342438906431198
47593,0.14430473744869232
47594,0.12901636958122253
47595,0.10398972779512405
47596,0.09525873512029648
47597,0.10491941124200821
47598,0.11449997872114182
47599,0.11106675118207932
47600,0.11191646754741669
47601,0.11065779626369476
47602,0.11110598593950272
47603,0.12284816056489944
47604,0.13071830570697784
47605,0.1272728443145752
47606,0.1117539331316948
47607,0.11354267597198486
47608,0.14604052901268005
47609,0.12016464024782181
47610,0.16306065022945404
47611,0.17355193197727203
47612,0.15739010274410248
47613,0.12409388273954391
47614,0.12122608721256256
47615,0.132115438580513
47616,0.15093933045864105
47617,0.1416642963886261
47618,0.1563383787870407
47619,0.1470026671886444
47620,0.12359444051980972
47621,0.09456438571214676
47622,0.08516020327806473
47623,0.10803999751806259
47624,0.10715174674987793
47625,0.11362304538488388
47626,0.12343087047338486
47627,0.1301659494638443
47628,0.127694234251976
47629,0.12269879877567291
47630,0.11110860109329224
47631,0.12707459926605225
47632,0.1284841001033783
47633,0.1235598549246788
47634,0.1270534247159958
47635,0.13166823983192444
47636,0.12573345005512238
47637,0.12322458624839783
47638,0.120279461145401
47639,0.12129444628953934
47640,0.12752412259578705
47641,0.13711728155612946
47642,0.11909206211566925
47643,0.13342967629432678
47644,0.1284097284078598
47645,0.10799732804298401
47646,0.11215434968471527
47647,0.10267600417137146
47648,0.0875026062130928
47649,0.09832604974508286
47650,0.11267451196908951
47651,0.12301506102085114
47652,0.1269228309392929
47653,0.13664989173412323
47654,0.13798582553863525
47655,0.13318848609924316
47656,0.13882794976234436
47657,0.16586115956306458
47658,0.18358641862869263
47659,0.18840308487415314
47660,0.21136942505836487
47661,0.21969962120056152
47662,0.19377484917640686
47663,0.22685715556144714
47664,0.19992326200008392
47665,0.19680464267730713
47666,0.20251016318798065
47667,0.1795729100704193
47668,0.15931470692157745
47669,0.15409225225448608
47670,0.15572641789913177
47671,0.18035723268985748
47672,0.16339901089668274
47673,0.16929186880588531
47674,0.14345432817935944
47675,0.17360667884349823
47676,0.18004637956619263
47677,0.16829432547092438
47678,0.16063523292541504
47679,0.1865178495645523
47680,0.19389811158180237
47681,0.1882629245519638
47682,0.2009161114692688
47683,0.2106672078371048
47684,0.2314431369304657
47685,0.26452669501304626
47686,0.21878717839717865
47687,0.21900181472301483
47688,0.1981106400489807
47689,0.1934354156255722
47690,0.17257019877433777
47691,0.16892452538013458
47692,0.18693679571151733
47693,0.20329634845256805
47694,0.17839190363883972
47695,0.1341857761144638
47696,0.1462090164422989
47697,0.12208625674247742
47698,0.10938196629285812
47699,0.09964703023433685
47700,0.10360872745513916
47701,0.11894534528255463
47702,0.12857681512832642
47703,0.13903911411762238
47704,0.1390814185142517
47705,0.11883710324764252
47706,0.12101666629314423
47707,0.15839746594429016
47708,0.1556461751461029
47709,0.14620035886764526
47710,0.12166914343833923
47711,0.10751237720251083
47712,0.11759163439273834
47713,0.13990996778011322
47714,0.17645156383514404
47715,0.2116956114768982
47716,0.18712487816810608
47717,0.1277003437280655
47718,0.13403154909610748
47719,0.13747744262218475
47720,0.11250674724578857
47721,0.13909439742565155
47722,0.13880078494548798
47723,0.12545596063137054
47724,0.167044535279274
47725,0.1895103007555008
47726,0.1962902694940567
47727,0.1730305552482605
47728,0.15761451423168182
47729,0.1617092490196228
47730,0.17457261681556702
47731,0.17349502444267273
47732,0.11925046145915985
47733,0.12192554771900177
47734,0.13723774254322052
47735,0.14331015944480896
47736,0.14464089274406433
47737,0.14447423815727234
47738,0.12391155958175659
47739,0.117559514939785
47740,0.11308985948562622
47741,0.09638355672359467
47742,0.09634460508823395
47743,0.11080192029476166
47744,0.16759894788265228
47745,0.16119346022605896
47746,0.15550024807453156
47747,0.16875003278255463
47748,0.17073461413383484
47749,0.1528286188840866
47750,0.13975739479064941
47751,0.12790313363075256
47752,0.12010083347558975
47753,0.10047216713428497
47754,0.10488785803318024
47755,0.10530571639537811
47756,0.1132178008556366
47757,0.12004595994949341
47758,0.11666834354400635
47759,0.1202223002910614
47760,0.1281723976135254
47761,0.13479025661945343
47762,0.12258729338645935
47763,0.10773078352212906
47764,0.12175911664962769
47765,0.1309148222208023
47766,0.12499137222766876
47767,0.13026317954063416
47768,0.13783235847949982
47769,0.13023318350315094
47770,0.12260833382606506
47771,0.1327911764383316
47772,0.13806597888469696
47773,0.1302489936351776
47774,0.12342807650566101
47775,0.1043606773018837
47776,0.12096013128757477
47777,0.13754858076572418
47778,0.13958239555358887
47779,0.13576360046863556
47780,0.14083044230937958
47781,0.15181611478328705
47782,0.12944044172763824
47783,0.13243332505226135
47784,0.14532935619354248
47785,0.1375080645084381
47786,0.12890832126140594
47787,0.12518928945064545
47788,0.12656688690185547
47789,0.13082128763198853
47790,0.10398730635643005
47791,0.0974302887916565
47792,0.09672091901302338
47793,0.10098164528608322
47794,0.09980156272649765
47795,0.09504047781229019
47796,0.10450354218482971
47797,0.09828304499387741
47798,0.08989343047142029
47799,0.0840223878622055
47800,0.08227533102035522
47801,0.08086831867694855
47802,0.08766525983810425
47803,0.10034365952014923
47804,0.09512398391962051
47805,0.11087272316217422
47806,0.11316008865833282
47807,0.09483298659324646
47808,0.09197763353586197
47809,0.09854212403297424
47810,0.1073470339179039
47811,0.10773343592882156
47812,0.11922500282526016
47813,0.13082143664360046
47814,0.1310444474220276
47815,0.1256643533706665
47816,0.11286818981170654
47817,0.1118839904665947
47818,0.10191955417394638
47819,0.11349426209926605
47820,0.1162784993648529
47821,0.11779126524925232
47822,0.10990244150161743
47823,0.0964856818318367
47824,0.10123401880264282
47825,0.11868776381015778
47826,0.12283387780189514
47827,0.13675059378147125
47828,0.1320722997188568
47829,0.10160301625728607
47830,0.09345924109220505
47831,0.10258540511131287
47832,0.09183943271636963
47833,0.10006312280893326
47834,0.12183500826358795
47835,0.12429928034543991
47836,0.10840000212192535
47837,0.10467085987329483
47838,0.08938174694776535
47839,0.09954838454723358
47840,0.10778817534446716
47841,0.09705189615488052
47842,0.11857761442661285
47843,0.131630077958107
47844,0.13663418591022491
47845,0.14963971078395844
47846,0.14893344044685364
47847,0.1363271176815033
47848,0.11732770502567291
47849,0.1022363230586052
47850,0.09674261510372162
47851,0.10311189293861389
47852,0.10813742876052856
47853,0.11948031187057495
47854,0.12243811041116714
47855,0.11921350657939911
47856,0.12213020026683807
47857,0.12791568040847778
47858,0.12666916847229004
47859,0.12142423540353775
47860,0.11751771718263626
47861,0.1337365210056305
47862,0.12346522510051727
47863,0.1225222796201706
47864,0.13820376992225647
47865,0.11374408006668091
47866,0.11601120978593826
47867,0.13817673921585083
47868,0.14014847576618195
47869,0.1600736677646637
47870,0.14124539494514465
47871,0.14108186960220337
47872,0.12496160715818405
47873,0.118956558406353
47874,0.11038095504045486
47875,0.11892145872116089
47876,0.17986059188842773
47877,0.12464702129364014
47878,0.07272928953170776
47879,0.07871954143047333
47880,0.08622706681489944
47881,0.09181521832942963
47882,0.09468820691108704
47883,0.1018504947423935
47884,0.1123039573431015
47885,0.11860954761505127
47886,0.1396034061908722
47887,0.1375279724597931
47888,0.13509227335453033
47889,0.14615462720394135
47890,0.1358272284269333
47891,0.14531894028186798
47892,0.1431705355644226
47893,0.10370444506406784
47894,0.1122695803642273
47895,0.1228630468249321
47896,0.1265174299478531
47897,0.11976484209299088
47898,0.11075816303491592
47899,0.1117587760090828
47900,0.10595234483480453
47901,0.11763370037078857
47902,0.13542775809764862
47903,0.12192244082689285
47904,0.11794288456439972
47905,0.11680332571268082
47906,0.11945760995149612
47907,0.11060110479593277
47908,0.11136309802532196
47909,0.10575757175683975
47910,0.09922414273023605
47911,0.09666959941387177
47912,0.09551725536584854
47913,0.09358467906713486
47914,0.10740391165018082
47915,0.10886713117361069
47916,0.1074356660246849
47917,0.10258296877145767
47918,0.10026457905769348
47919,0.23790904879570007
47920,0.23465344309806824
47921,0.22655577957630157
47922,0.22546502947807312
47923,0.22262781858444214
47924,0.21072205901145935
47925,0.1575818955898285
47926,0.19987978041172028
47927,0.2275884747505188
47928,0.12700854241847992
47929,0.10293050855398178
47930,0.09750513732433319
47931,0.09886784106492996
47932,0.09355772286653519
47933,0.09892303496599197
47934,0.091823510825634
47935,0.07447419315576553
47936,0.0741710513830185
47937,0.07734936475753784
47938,0.06292450428009033
47939,0.1800151765346527
47940,0.21293550729751587
47941,0.20430541038513184
47942,0.1488722413778305
47943,0.13612036406993866
47944,0.1253187507390976
47945,0.11737821251153946
47946,0.1167939305305481
47947,0.12476266175508499
47948,0.12329068779945374
47949,0.1296434998512268
47950,0.1532732993364334
47951,0.20112890005111694
47952,0.22580339014530182
47953,0.20257820188999176
47954,0.181624636054039
47955,0.17330633103847504
47956,0.16319911181926727
47957,0.14814245700836182
47958,0.1691347360610962
47959,0.188673734664917
47960,0.18588541448116302
47961,0.233427494764328
47962,0.2137916088104248
47963,0.21044884622097015
47964,0.1797654777765274
47965,0.16457530856132507
47966,0.14852982759475708
47967,0.17711599171161652
47968,0.18066291511058807
47969,0.1744670569896698
47970,0.14978060126304626
47971,0.1526200771331787
47972,0.11750826239585876
47973,0.11571803689002991
47974,0.12188969552516937
47975,0.12445110082626343
47976,0.12042278796434402
47977,0.12686856091022491
47978,0.13406212627887726
47979,0.13901358842849731
47980,0.1425594985485077
47981,0.12976302206516266
47982,0.13286228477954865
47983,0.1437942534685135
47984,0.13554827868938446
47985,0.1350327432155609
47986,0.12474919855594635
47987,0.12712711095809937
47988,0.14564384520053864
47989,0.15975110232830048
47990,0.15983466804027557
47991,0.1891043782234192
47992,0.17113476991653442
47993,0.17220623791217804
47994,0.19488313794136047
47995,0.20999237895011902
47996,0.18837139010429382
47997,0.19575369358062744
47998,0.20607182383537292
47999,0.22931526601314545
48000,0.20743149518966675
48001,0.14074712991714478
48002,0.14714716374874115
48003,0.147824227809906
48004,0.1492876410484314
48005,0.1315610557794571
48006,0.14722055196762085
48007,0.14321956038475037
48008,0.12865673005580902
48009,0.14027906954288483
48010,0.13125669956207275
48011,0.1283740997314453
48012,0.12330085784196854
48013,0.11486215889453888
48014,0.1157458946108818
48015,0.11810716986656189
48016,0.1264803260564804
48017,0.12243171036243439
48018,0.11508992314338684
48019,0.11391943693161011
48020,0.1215221956372261
48021,0.11956853419542313
48022,0.10643775761127472
48023,0.11349011957645416
48024,0.08898653090000153
48025,0.10252335667610168
48026,0.1114979237318039
48027,0.11246179044246674
48028,0.11845899373292923
48029,0.10960591584444046
48030,0.12643282115459442
48031,0.13909241557121277
48032,0.13757695257663727
48033,0.1146901398897171
48034,0.11494792252779007
48035,0.11741331964731216
48036,0.11880958825349808
48037,0.22313959896564484
48038,0.18421512842178345
48039,0.16940440237522125
48040,0.19139733910560608
48041,0.18982958793640137
48042,0.1609814167022705
48043,0.17596694827079773
48044,0.17863643169403076
48045,0.1792907565832138
48046,0.17290690541267395
48047,0.15929129719734192
48048,0.14810706675052643
48049,0.10931112617254257
48050,0.09439802169799805
48051,0.07945309579372406
48052,0.07939930260181427
48053,0.21679311990737915
48054,0.2240249067544937
48055,0.20318153500556946
48056,0.1934584528207779
48057,0.18487440049648285
48058,0.14083631336688995
48059,0.14849525690078735
48060,0.1991933137178421
48061,0.1963355988264084
48062,0.21257393062114716
48063,0.2204064130783081
48064,0.23311974108219147
48065,0.18508411943912506
48066,0.15097039937973022
48067,0.1872890442609787
48068,0.1905764937400818
48069,0.17814116179943085
48070,0.1807716339826584
48071,0.17077015340328217
48072,0.15568631887435913
48073,0.12109649181365967
48074,0.13235270977020264
48075,0.13028916716575623
48076,0.16766835749149323
48077,0.18847911059856415
48078,0.17191985249519348
48079,0.18207761645317078
48080,0.18801581859588623
48081,0.17374572157859802
48082,0.17450138926506042
48083,0.1850529909133911
48084,0.21168547868728638
48085,0.17127296328544617
48086,0.18257275223731995
48087,0.1943712830543518
48088,0.1994781643152237
48089,0.19037973880767822
48090,0.18611104786396027
48091,0.1829632967710495
48092,0.19745805859565735
48093,0.2294297069311142
48094,0.22958941757678986
48095,0.1972959339618683
48096,0.17319396138191223
48097,0.19516882300376892
48098,0.201619952917099
48099,0.18777328729629517
48100,0.1649194061756134
48101,0.16497944295406342
48102,0.17318081855773926
48103,0.14248482882976532
48104,0.18245559930801392
48105,0.17349384725093842
48106,0.169317364692688
48107,0.17883999645709991
48108,0.17820249497890472
48109,0.15522238612174988
48110,0.1601962149143219
48111,0.15120835602283478
48112,0.1399482786655426
48113,0.17799316346645355
48114,0.18144063651561737
48115,0.175850048661232
48116,0.16202646493911743
48117,0.156111478805542
48118,0.15018020570278168
48119,0.15084362030029297
48120,0.15821419656276703
48121,0.14886997640132904
48122,0.16178691387176514
48123,0.21017949283123016
48124,0.16681525111198425
48125,0.18232889473438263
48126,0.14847280085086823
48127,0.1398322433233261
48128,0.1343335062265396
48129,0.14009028673171997
48130,0.14491410553455353
48131,0.2166622281074524
48132,0.1975478231906891
48133,0.18773981928825378
48134,0.19357925653457642
48135,0.19678133726119995
48136,0.1884203553199768
48137,0.18534350395202637
48138,0.19372762739658356
48139,0.2027244120836258
48140,0.18377988040447235
48141,0.17584164440631866
48142,0.1779244840145111
48143,0.16838255524635315
48144,0.21080723404884338
48145,0.17607027292251587
48146,0.16905651986598969
48147,0.17658355832099915
48148,0.1890127956867218
48149,0.1991167813539505
48150,0.1949826031923294
48151,0.20250213146209717
48152,0.20862868428230286
48153,0.21006374061107635
48154,0.20364105701446533
48155,0.20433169603347778
48156,0.19489946961402893
48157,0.19419609010219574
48158,0.18161316215991974
48159,0.1767437756061554
48160,0.16437631845474243
48161,0.15301649272441864
48162,0.1729159951210022
48163,0.19529473781585693
48164,0.17196743190288544
48165,0.17118051648139954
48166,0.21135973930358887
48167,0.217614084482193
48168,0.2031843513250351
48169,0.21720074117183685
48170,0.19815437495708466
48171,0.185500368475914
48172,0.15513069927692413
48173,0.14643749594688416
48174,0.1506570279598236
48175,0.15322746336460114
48176,0.16610832512378693
48177,0.17657947540283203
48178,0.18960383534431458
48179,0.18875859677791595
48180,0.19583915174007416
48181,0.20301640033721924
48182,0.18519911170005798
48183,0.19409474730491638
48184,0.22941450774669647
48185,0.20694535970687866
48186,0.20279274880886078
48187,0.1788599044084549
48188,0.18918941915035248
48189,0.1956431269645691
48190,0.1823781281709671
48191,0.1787944883108139
48192,0.2011832445859909
48193,0.2176494598388672
48194,0.22708696126937866
48195,0.1912744641304016
48196,0.14745919406414032
48197,0.15157973766326904
48198,0.17068952322006226
48199,0.19054104387760162
48200,0.18114739656448364
48201,0.18036970496177673
48202,0.19817866384983063
48203,0.2213335484266281
48204,0.22508041560649872
48205,0.1533447504043579
48206,0.15767380595207214
48207,0.16742315888404846
48208,0.21763205528259277
48209,0.21537922322750092
48210,0.190365269780159
48211,0.1825568974018097
48212,0.1853504776954651
48213,0.1933993548154831
48214,0.21565315127372742
48215,0.2303253561258316
48216,0.2566585838794708
48217,0.16873888671398163
48218,0.1722889542579651
48219,0.18124130368232727
48220,0.18267904222011566
48221,0.1763426959514618
48222,0.18682436645030975
48223,0.1941296011209488
48224,0.19483517110347748
48225,0.18751275539398193
48226,0.17400430142879486
48227,0.18258553743362427
48228,0.17100317776203156
48229,0.1685052514076233
48230,0.16340720653533936
48231,0.26668456196784973
48232,0.2961633801460266
48233,0.3094559907913208
48234,0.329904168844223
48235,0.3500024080276489
48236,0.37883180379867554
48237,0.34070342779159546
48238,0.3195403218269348
48239,0.29377397894859314
48240,0.3141321539878845
48241,0.3312469720840454
48242,0.3061645030975342
48243,0.37341341376304626
48244,0.34585389494895935
48245,0.29273730516433716
48246,0.2869516909122467
48247,0.19109295308589935
48248,0.22515010833740234
48249,0.21303178369998932
48250,0.1604580134153366
48251,0.15285830199718475
48252,0.17367766797542572
48253,0.24952532351016998
48254,0.2811400592327118
48255,0.23801636695861816
48256,0.24143478274345398
48257,0.23137116432189941
48258,0.20336715877056122
48259,0.17281270027160645
48260,0.23633091151714325
48261,0.22867503762245178
48262,0.19944147765636444
48263,0.18313084542751312
48264,0.23155683279037476
48265,0.23620043694972992
48266,0.2413932979106903
48267,0.2320069521665573
48268,0.23375752568244934
48269,0.17085951566696167
48270,0.14458759129047394
48271,0.19462019205093384
48272,0.2338915765285492
48273,0.16578197479248047
48274,0.17641392350196838
48275,0.2214364856481552
48276,0.20266656577587128
48277,0.17760522663593292
48278,0.24665802717208862
48279,0.18433642387390137
48280,0.20020338892936707
48281,0.18666972219944
48282,0.19077260792255402
48283,0.21534943580627441
48284,0.19577883183956146
48285,0.1876089870929718
48286,0.19235315918922424
48287,0.17776203155517578
48288,0.1803002804517746
48289,0.17207518219947815
48290,0.1590639352798462
48291,0.18806280195713043
48292,0.19399210810661316
48293,0.2137206792831421
48294,0.21111302077770233
48295,0.20097003877162933
48296,0.19779513776302338
48297,0.1926349699497223
48298,0.22650840878486633
48299,0.2117747664451599
48300,0.19549311697483063
48301,0.17775766551494598
48302,0.20891496539115906
48303,0.26906120777130127
48304,0.2789561450481415
48305,0.21747812628746033
48306,0.2119724303483963
48307,0.23212315142154694
48308,0.21649324893951416
48309,0.20043769478797913
48310,0.1814354509115219
48311,0.22333085536956787
48312,0.16500836610794067
48313,0.21313324570655823
48314,0.16820111870765686
48315,0.13853402435779572
48316,0.14346443116664886
48317,0.1657743602991104
48318,0.1774662733078003
48319,0.17796140909194946
48320,0.1749328225851059
48321,0.18173474073410034
48322,0.13444316387176514
48323,0.14387281239032745
48324,0.16393567621707916
48325,0.172418013215065
48326,0.17083042860031128
48327,0.18057191371917725
48328,0.17927929759025574
48329,0.18941739201545715
48330,0.17154663801193237
48331,0.1790114939212799
48332,0.17705699801445007
48333,0.17960314452648163
48334,0.1548795998096466
48335,0.17138773202896118
48336,0.13927994668483734
48337,0.14983531832695007
48338,0.1476176381111145
48339,0.19778002798557281
48340,0.15704122185707092
48341,0.16395069658756256
48342,0.1510941982269287
48343,0.14714711904525757
48344,0.12360396236181259
48345,0.13181689381599426
48346,0.13111655414104462
48347,0.1313319355249405
48348,0.1228153333067894
48349,0.1375693678855896
48350,0.13855129480361938
48351,0.13334797322750092
48352,0.1284269392490387
48353,0.1303282082080841
48354,0.27337124943733215
48355,0.28298068046569824
48356,0.2696147561073303
48357,0.2529970407485962
48358,0.20245575904846191
48359,0.1784270852804184
48360,0.22557173669338226
48361,0.2796706259250641
48362,0.30942055583000183
48363,0.32836997509002686
48364,0.22820453345775604
48365,0.3194560110569
48366,0.32276925444602966
48367,0.351195365190506
48368,0.3777749538421631
48369,0.29632318019866943
48370,0.20965924859046936
48371,0.18573985993862152
48372,0.22555701434612274
48373,0.2664654850959778
48374,0.2802078127861023
48375,0.309176504611969
48376,0.32043910026550293
48377,0.30102020502090454
48378,0.3065764904022217
48379,0.3851289749145508
48380,0.35560378432273865
48381,0.2726667523384094
48382,0.2418571263551712
48383,0.25501710176467896
48384,0.30578574538230896
48385,0.2834879457950592
48386,0.3066708743572235
48387,0.34830242395401
48388,0.3995196223258972
48389,0.35163378715515137
48390,0.19621312618255615
48391,0.26477423310279846
48392,0.40572771430015564
48393,0.40968233346939087
48394,0.42033010721206665
48395,0.36600083112716675
48396,0.33183515071868896
48397,0.30603107810020447
48398,0.2864835262298584
48399,0.27801865339279175
48400,0.30434420704841614
48401,0.19847753643989563
48402,0.14952754974365234
48403,0.46281692385673523
48404,0.4325714409351349
48405,0.3578648567199707
48406,0.38071808218955994
48407,0.40389081835746765
48408,0.3260834813117981
48409,0.256355345249176
48410,0.3222266435623169
48411,0.3189649283885956
48412,0.3159340023994446
48413,0.26284995675086975
48414,0.2114776074886322
48415,0.22380681335926056
48416,0.2145780771970749
48417,0.2448066920042038
48418,0.21977856755256653
48419,0.17289282381534576
48420,0.20543666183948517
48421,0.21664182841777802
48422,0.19402913749217987
48423,0.19377565383911133
48424,0.20247384905815125
48425,0.18992199003696442
48426,0.20581763982772827
48427,0.2359507977962494
48428,0.20091716945171356
48429,0.19670423865318298
48430,0.22991971671581268
48431,0.24700213968753815
48432,0.23419342935085297
48433,0.2228117287158966
48434,0.25526556372642517
48435,0.20875369012355804
48436,0.20268487930297852
48437,0.19567112624645233
48438,0.18970796465873718
48439,0.29081761837005615
48440,0.2804427444934845
48441,0.2087131291627884
48442,0.22247055172920227
48443,0.22706888616085052
48444,0.2038276046514511
48445,0.2255278080701828
48446,0.2021847516298294
48447,0.22728605568408966
48448,0.20667517185211182
48449,0.18361273407936096
48450,0.17560097575187683
48451,0.19246667623519897
48452,0.17791499197483063
48453,0.1731342077255249
48454,0.1889999955892563
48455,0.2076544463634491
48456,0.18204158544540405
48457,0.18604198098182678
48458,0.26148292422294617
48459,0.23714596033096313
48460,0.2248871773481369
48461,0.19290763139724731
48462,0.1786583960056305
48463,0.22503195703029633
48464,0.23698920011520386
48465,0.2331104725599289
48466,0.19312167167663574
48467,0.17977258563041687
48468,0.19289931654930115
48469,0.15242964029312134
48470,0.23277200758457184
48471,0.19348721206188202
48472,0.21175944805145264
48473,0.18591803312301636
48474,0.19596438109874725
48475,0.23652058839797974
48476,0.23767565190792084
48477,0.2510453760623932
48478,0.22486118972301483
48479,0.2077612727880478
48480,0.18835610151290894
48481,0.19707025587558746
48482,0.2671418786048889
48483,0.2153633087873459
48484,0.1624726802110672
48485,0.14162498712539673
48486,0.20737308263778687
48487,0.19586211442947388
48488,0.19188065826892853
48489,0.2025507092475891
48490,0.18711957335472107
48491,0.20088782906532288
48492,0.20550036430358887
48493,0.17423561215400696
48494,0.21772001683712006
48495,0.1961262971162796
48496,0.18309971690177917
48497,0.2100595086812973
48498,0.20328542590141296
48499,0.17910274863243103
48500,0.14505635201931
48501,0.150340735912323
48502,0.16115009784698486
48503,0.17232200503349304
48504,0.1584639996290207
48505,0.12672336399555206
48506,0.12263642996549606
48507,0.17188528180122375
48508,0.20631061494350433
48509,0.19941341876983643
48510,0.23810459673404694
48511,0.20385946333408356
48512,0.2036338448524475
48513,0.2076595425605774
48514,0.20150625705718994
48515,0.22793374955654144
48516,0.2201593667268753
48517,0.2665858864784241
48518,0.2515176832675934
48519,0.23648160696029663
48520,0.23524679243564606
48521,0.24423906207084656
48522,0.20072486996650696
48523,0.22115357220172882
48524,0.22082102298736572
48525,0.21883554756641388
48526,0.2125677764415741
48527,0.23199619352817535
48528,0.24978990852832794
48529,0.2610870897769928
48530,0.24052634835243225
48531,0.2640485465526581
48532,0.26469799876213074
48533,0.23350055515766144
48534,0.26710355281829834
48535,0.2788889408111572
48536,0.21435397863388062
48537,0.23260459303855896
48538,0.24187177419662476
48539,0.24012941122055054
48540,0.22684545814990997
48541,0.207967147231102
48542,0.17063568532466888
48543,0.19044536352157593
48544,0.2222501039505005
48545,0.2259674072265625
48546,0.2449299544095993
48547,0.2343527227640152
48548,0.2651293873786926
48549,0.28054627776145935
48550,0.2836722731590271
48551,0.2631688714027405
48552,0.23450401425361633
48553,0.1825900673866272
48554,0.19101527333259583
48555,0.19619731605052948
48556,0.16753363609313965
48557,0.17225797474384308
48558,0.1733829379081726
48559,0.1755870282649994
48560,0.21296094357967377
48561,0.2475104033946991
48562,0.21420331299304962
48563,0.18229518830776215
48564,0.19320669770240784
48565,0.22197681665420532
48566,0.22150267660617828
48567,0.17753510177135468
48568,0.18504327535629272
48569,0.18156905472278595
48570,0.17317581176757812
48571,0.21204698085784912
48572,0.2085316777229309
48573,0.18060193955898285
48574,0.17840225994586945
48575,0.17623361945152283
48576,0.21432720124721527
48577,0.20118309557437897
48578,0.22622084617614746
48579,0.20655670762062073
48580,0.19573113322257996
48581,0.2001941055059433
48582,0.24220380187034607
48583,0.26855388283729553
48584,0.26656806468963623
48585,0.20715276896953583
48586,0.180951327085495
48587,0.17175419628620148
48588,0.17581702768802643
48589,0.1852562427520752
48590,0.1598636955022812
48591,0.14992627501487732
48592,0.18130213022232056
48593,0.1803734004497528
48594,0.16673074662685394
48595,0.15399381518363953
48596,0.21612977981567383
48597,0.24215303361415863
48598,0.22327759861946106
48599,0.19761770963668823
48600,0.18788842856884003
48601,0.17645253241062164
48602,0.1836879551410675
48603,0.19932833313941956
48604,0.22004090249538422
48605,0.22566397488117218
48606,0.2032134234905243
48607,0.161978080868721
48608,0.15858666598796844
48609,0.14599372446537018
48610,0.14333251118659973
48611,0.1866367608308792
48612,0.20840930938720703
48613,0.21994620561599731
48614,0.20516476035118103
48615,0.2605213224887848
48616,0.26390641927719116
48617,0.28799691796302795
48618,0.2724147439002991
48619,0.23836509883403778
48620,0.23000584542751312
48621,0.22112907469272614
48622,0.182505264878273
48623,0.23072093725204468
48624,0.23834142088890076
48625,0.23495887219905853
48626,0.1951054185628891
48627,0.17852289974689484
48628,0.17258471250534058
48629,0.17833054065704346
48630,0.17126046121120453
48631,0.18478043377399445
48632,0.2273208647966385
48633,0.1984209418296814
48634,0.22088849544525146
48635,0.21926334500312805
48636,0.21527662873268127
48637,0.2185099720954895
48638,0.2215350717306137
48639,0.20860464870929718
48640,0.1871138960123062
48641,0.182297483086586
48642,0.14026695489883423
48643,0.14252729713916779
48644,0.14864304661750793
48645,0.15891842544078827
48646,0.17658796906471252
48647,0.17249619960784912
48648,0.14579813182353973
48649,0.1706760972738266
48650,0.1787126362323761
48651,0.17749211192131042
48652,0.1711968332529068
48653,0.16806577146053314
48654,0.18255506455898285
48655,0.19305115938186646
48656,0.19490568339824677
48657,0.17724691331386566
48658,0.17376142740249634
48659,0.17223477363586426
48660,0.15821273624897003
48661,0.15667058527469635
48662,0.13913384079933167
48663,0.1579020619392395
48664,0.18680286407470703
48665,0.18824414908885956
48666,0.21229735016822815
48667,0.22226817905902863
48668,0.24144889414310455
48669,0.24761748313903809
48670,0.24074353277683258
48671,0.23932494223117828
48672,0.206380233168602
48673,0.17397622764110565
48674,0.22282515466213226
48675,0.23203884065151215
48676,0.24997994303703308
48677,0.2372487634420395
48678,0.21326425671577454
48679,0.18872803449630737
48680,0.17314083874225616
48681,0.23251061141490936
48682,0.250541627407074
48683,0.23100122809410095
48684,0.22495703399181366
48685,0.21521995961666107
48686,0.17268314957618713
48687,0.21383239328861237
48688,0.21455812454223633
48689,0.1680305451154709
48690,0.22082555294036865
48691,0.22011840343475342
48692,0.22605644166469574
48693,0.26185140013694763
48694,0.2893678545951843
48695,0.2515934705734253
48696,0.23721358180046082
48697,0.25575122237205505
48698,0.2334219515323639
48699,0.2031363993883133
48700,0.18558339774608612
48701,0.2488958239555359
48702,0.2492721825838089
48703,0.254222571849823
48704,0.2726845145225525
48705,0.24456053972244263
48706,0.22999083995819092
48707,0.22218726575374603
48708,0.320654034614563
48709,0.31313982605934143
48710,0.31455808877944946
48711,0.2608835697174072
48712,0.29795047640800476
48713,0.2749965786933899
48714,0.21646682918071747
48715,0.204255610704422
48716,0.2115040123462677
48717,0.1482432782649994
48718,0.16725267469882965
48719,0.16613973677158356
48720,0.23773105442523956
48721,0.17909003794193268
48722,0.20822030305862427
48723,0.20451264083385468
48724,0.2227138876914978
48725,0.16223512589931488
48726,0.17923229932785034
48727,0.20178888738155365
48728,0.22277311980724335
48729,0.2662044167518616
48730,0.28052443265914917
48731,0.23473769426345825
48732,0.22459383308887482
48733,0.1842023879289627
48734,0.216315358877182
48735,0.20735226571559906
48736,0.207450732588768
48737,0.20136769115924835
48738,0.19150690734386444
48739,0.18938301503658295
48740,0.17115803062915802
48741,0.18828603625297546
48742,0.21421082317829132
48743,0.20342399179935455
48744,0.18283912539482117
48745,0.2085990458726883
48746,0.2709209620952606
48747,0.31787705421447754
48748,0.30329859256744385
48749,0.2656807005405426
48750,0.23058192431926727
48751,0.22683671116828918
48752,0.17363309860229492
48753,0.23664966225624084
48754,0.24778373539447784
48755,0.2231617271900177
48756,0.23476757109165192
48757,0.38408365845680237
48758,0.283135324716568
48759,0.2242879420518875
48760,0.1989324986934662
48761,0.18156510591506958
48762,0.18216152489185333
48763,0.19912371039390564
48764,0.22142349183559418
48765,0.24585139751434326
48766,0.24092328548431396
48767,0.23862047493457794
48768,0.19762645661830902
48769,0.21519789099693298
48770,0.2254989743232727
48771,0.2111251950263977
48772,0.22665688395500183
48773,0.20604057610034943
48774,0.20553451776504517
48775,0.1884448230266571
48776,0.16915570199489594
48777,0.14669811725616455
48778,0.1607384979724884
48779,0.16067266464233398
48780,0.1918647587299347
48781,0.22624333202838898
48782,0.28881654143333435
48783,0.2821153402328491
48784,0.2508086860179901
48785,0.2334737926721573
48786,0.20378558337688446
48787,0.19052726030349731
48788,0.1561988890171051
48789,0.16879495978355408
48790,0.23781456053256989
48791,0.23870624601840973
48792,0.14665234088897705
48793,0.1478063315153122
48794,0.2257792353630066
48795,0.24599307775497437
48796,0.19806432723999023
48797,0.19424527883529663
48798,0.15512727200984955
48799,0.15141285955905914
48800,0.1817103773355484
48801,0.19673722982406616
48802,0.19079799950122833
48803,0.18963965773582458
48804,0.15989506244659424
48805,0.18481402099132538
48806,0.2270774394273758
48807,0.2268553227186203
48808,0.2630011737346649
48809,0.2545800507068634
48810,0.19844704866409302
48811,0.19708937406539917
48812,0.25058236718177795
48813,0.2517891824245453
48814,0.22103415429592133
48815,0.18696251511573792
48816,0.19948212802410126
48817,0.1961248517036438
48818,0.17696994543075562
48819,0.28866687417030334
48820,0.28851696848869324
48821,0.2707301378250122
48822,0.25081658363342285
48823,0.24420912563800812
48824,0.2246461808681488
48825,0.2246461808681488
48826,0.24104353785514832
48827,0.2334812879562378
48828,0.23588453233242035
48829,0.23334230482578278
48830,0.20011861622333527
48831,0.21982692182064056
48832,0.25770923495292664
48833,0.2227196842432022
48834,0.2519311308860779
48835,0.25275009870529175
48836,0.23111021518707275
48837,0.2262393683195114
48838,0.22661909461021423
48839,0.178993821144104
48840,0.1692715436220169
48841,0.2031158059835434
48842,0.20476749539375305
48843,0.20566417276859283
48844,0.20935159921646118
48845,0.20792341232299805
48846,0.19471892714500427
48847,0.1954209953546524
48848,0.18594440817832947
48849,0.16587230563163757
48850,0.18651431798934937
48851,0.20060889422893524
48852,0.22143784165382385
48853,0.21836018562316895
48854,0.21447613835334778
48855,0.20177046954631805
48856,0.19165566563606262
48857,0.2067478597164154
48858,0.1972203403711319
48859,0.15704315900802612
48860,0.16491444408893585
48861,0.1786516308784485
48862,0.16728758811950684
48863,0.17784076929092407
48864,0.19827143847942352
48865,0.19029158353805542
48866,0.17327933013439178
48867,0.15527531504631042
48868,0.13151641190052032
48869,0.17607435584068298
48870,0.1658271700143814
48871,0.18864986300468445
48872,0.2031383514404297
48873,0.20082487165927887
48874,0.18492525815963745
48875,0.1982724368572235
48876,0.1928005963563919
48877,0.18507020175457
48878,0.20393173396587372
48879,0.18334440886974335
48880,0.2046164572238922
48881,0.18040841817855835
48882,0.20530623197555542
48883,0.2106621265411377
48884,0.22542370855808258
48885,0.20690365135669708
48886,0.2103828489780426
48887,0.2273806929588318
48888,0.22919265925884247
48889,0.25067976117134094
48890,0.2680676579475403
48891,0.25234416127204895
48892,0.24850817024707794
48893,0.2513289451599121
48894,0.21831075847148895
48895,0.1988108903169632
48896,0.25179511308670044
48897,0.273544579744339
48898,0.28791481256484985
48899,0.2508794069290161
48900,0.24912971258163452
48901,0.20852558314800262
48902,0.19215843081474304
48903,0.23270300030708313
48904,0.23745711147785187
48905,0.1877192109823227
48906,0.21068944036960602
48907,0.16386309266090393
48908,0.23630361258983612
48909,0.2078632414340973
48910,0.21112161874771118
48911,0.1895039677619934
48912,0.2210356891155243
48913,0.23311559855937958
48914,0.18842042982578278
48915,0.23789851367473602
48916,0.21333394944667816
48917,0.21610982716083527
48918,0.22921660542488098
48919,0.213801309466362
48920,0.20319390296936035
48921,0.19573678076267242
48922,0.16412419080734253
48923,0.1903606653213501
48924,0.13953529298305511
48925,0.2593294680118561
48926,0.18812917172908783
48927,0.17384470999240875
48928,0.33328136801719666
48929,0.24631823599338531
48930,0.28189191222190857
48931,0.16635361313819885
48932,0.15396752953529358
48933,0.2819731533527374
48934,0.267775297164917
48935,0.2190466821193695
48936,0.3071115016937256
48937,0.33654001355171204
48938,0.2979811131954193
48939,0.32183125615119934
48940,0.18104581534862518
48941,0.2767278254032135
48942,0.18737465143203735
48943,0.27529335021972656
48944,0.260059654712677
48945,0.34772154688835144
48946,0.14934691786766052
48947,0.2343202829360962
48948,0.2343202829360962
48949,0.30480125546455383
48950,0.2304265946149826
48951,0.4305148422718048
48952,0.26389428973197937
48953,0.3755137026309967
48954,0.3831639587879181
48955,0.34990060329437256
48956,0.30050212144851685
48957,0.2737419307231903
48958,0.2806720435619354
48959,0.23743362724781036
48960,0.168474018573761
48961,0.20664311945438385
48962,0.15644171833992004
48963,0.22585874795913696
48964,0.17622648179531097
48965,0.15423384308815002
48966,0.11993416398763657
48967,0.18574759364128113
48968,0.1891435980796814
48969,0.1908109486103058
48970,0.27140378952026367
48971,0.26626643538475037
48972,0.3146878480911255
48973,0.26652416586875916
48974,0.18855419754981995
48975,0.20299215614795685
48976,0.18084783852100372
48977,0.23939426243305206
48978,0.22784842550754547
48979,0.1909390091896057
48980,0.30703815817832947
48981,0.26710349321365356
48982,0.3513435125350952
48983,0.3514828681945801
48984,0.4004441797733307
48985,0.21342448890209198
48986,0.22071421146392822
48987,0.307852566242218
48988,0.30860427021980286
48989,0.30162572860717773
48990,0.19811806082725525
48991,0.24233569204807281
48992,0.4054311215877533
48993,0.3339548707008362
48994,0.25288131833076477
48995,0.22151342034339905
48996,0.1283751130104065
48997,0.2470865398645401
48998,0.267333060503006
48999,0.19857622683048248
49000,0.20843110978603363
49001,0.2946396470069885
49002,0.22312352061271667
49003,0.15958520770072937
49004,0.14043019711971283
49005,0.254031777381897
49006,0.3055182099342346
49007,0.3116108775138855
49008,0.38182660937309265
49009,0.3619556725025177
49010,0.3112158179283142
49011,0.16144435107707977
49012,0.36812329292297363
49013,0.15477785468101501
49014,0.11527471244335175
49015,0.1768019199371338
49016,0.22738182544708252
49017,0.2747020423412323
49018,0.12242420017719269
49019,0.19047151505947113
49020,0.16545552015304565
49021,0.2284735143184662
49022,0.2248384803533554
49023,0.1723584681749344
49024,0.2471369057893753
49025,0.25312161445617676
49026,0.1745794117450714
49027,0.156272292137146
49028,0.1915113627910614
49029,0.238233745098114
49030,0.22956255078315735
49031,0.2232947200536728
49032,0.15880511701107025
49033,0.1248885989189148
49034,0.13917995989322662
49035,0.36512523889541626
49036,0.3572639524936676
49037,0.29287663102149963
49038,0.25834357738494873
49039,0.2744554579257965
49040,0.30854886770248413
49041,0.29004061222076416
49042,0.23761266469955444
49043,0.35712891817092896
49044,0.32691138982772827
49045,0.3527316153049469
49046,0.40664616227149963
49047,0.38559582829475403
49048,0.25035834312438965
49049,0.26921677589416504
49050,0.30958378314971924
49051,0.29047900438308716
49052,0.24607893824577332
49053,0.42926257848739624
49054,0.41760188341140747
49055,0.26241180300712585
49056,0.3039577901363373
49057,0.24902813136577606
49058,0.26929038763046265
49059,0.2258756309747696
49060,0.21637503802776337
49061,0.1594618707895279
49062,0.24130010604858398
49063,0.19840630888938904
49064,0.23926134407520294
49065,0.2658112645149231
49066,0.2279900759458542
49067,0.11829957365989685
49068,0.28244897723197937
49069,0.19192607700824738
49070,0.27531689405441284
49071,0.29667991399765015
49072,0.21828895807266235
49073,0.25390541553497314
49074,0.38332003355026245
49075,0.3172397315502167
49076,0.27785441279411316
49077,0.2892303466796875
49078,0.2511797547340393
49079,0.221091628074646
49080,0.32284143567085266
49081,0.36222919821739197
49082,0.2454320192337036
49083,0.29358628392219543
49084,0.30727288126945496
49085,0.17677070200443268
49086,0.09866578876972198
49087,0.24511416256427765
49088,0.2411549687385559
49089,0.2056722790002823
49090,0.1712443083524704
49091,0.17442849278450012
49092,0.28478434681892395
49093,0.2379189282655716
49094,0.22293339669704437
49095,0.22441139817237854
49096,0.18314626812934875
49097,0.27195605635643005
49098,0.2565304934978485
49099,0.2859418988227844
49100,0.260457307100296
49101,0.21906080842018127
49102,0.33248740434646606
49103,0.17526346445083618
49104,0.24394585192203522
49105,0.12636533379554749
49106,0.13989359140396118
49107,0.27817392349243164
49108,0.22491571307182312
49109,0.21222324669361115
49110,0.22583578526973724
49111,0.299191951751709
49112,0.289890855550766
49113,0.2373131960630417
49114,0.2549063563346863
49115,0.2529742419719696
49116,0.20663373172283173
49117,0.2464771419763565
49118,0.20181047916412354
49119,0.264081746339798
49120,0.24341176450252533
49121,0.21837104856967926
49122,0.21673603355884552
49123,0.23403748869895935
49124,0.2372918725013733
49125,0.23772726953029633
49126,0.2577172815799713
49127,0.29161205887794495
49128,0.25693434476852417
49129,0.2134574055671692
49130,0.25037866830825806
49131,0.24147461354732513
49132,0.2438899427652359
49133,0.23451681435108185
49134,0.24057075381278992
49135,0.23105117678642273
49136,0.24612218141555786
49137,0.22432196140289307
49138,0.25306248664855957
49139,0.2878166437149048
49140,0.2770569920539856
49141,0.26213958859443665
49142,0.2298135608434677
49143,0.24580179154872894
49144,0.24658255279064178
49145,0.2112877070903778
49146,0.20248198509216309
49147,0.25483712553977966
49148,0.3097441494464874
49149,0.2830336391925812
49150,0.29670217633247375
49151,0.31361857056617737
49152,0.22257858514785767
49153,0.2548049986362457
49154,0.24575567245483398
49155,0.36155715584754944
49156,0.2820676863193512
49157,0.26037755608558655
49158,0.1531408578157425
49159,0.22250184416770935
49160,0.23412784934043884
49161,0.17033694684505463
49162,0.3276614546775818
49163,0.2120760977268219
49164,0.29584187269210815
49165,0.38195744156837463
49166,0.31357187032699585
49167,0.22927702963352203
49168,0.2911151647567749
49169,0.17100903391838074
49170,0.28506454825401306
49171,0.14708265662193298
49172,0.14232204854488373
49173,0.18204355239868164
49174,0.15749353170394897
49175,0.2591746747493744
49176,0.14176981151103973
49177,0.16673296689987183
49178,0.21847228705883026
49179,0.2446664571762085
49180,0.2029874324798584
49181,0.23249030113220215
49182,0.24190615117549896
49183,0.19743968546390533
49184,0.17516285181045532
49185,0.3049620985984802
49186,0.19537489116191864
49187,0.2192995548248291
49188,0.2950737178325653
49189,0.4354378879070282
49190,0.4349636435508728
49191,0.3169836699962616
49192,0.2145591378211975
49193,0.15298722684383392
49194,0.17050734162330627
49195,0.29958704113960266
49196,0.23627477884292603
49197,0.30065613985061646
49198,0.22241318225860596
49199,0.26218852400779724
49200,0.258943110704422
49201,0.23776552081108093
49202,0.24829474091529846
49203,0.23135362565517426
49204,0.22902944684028625
49205,0.10463570058345795
49206,0.13229921460151672
49207,0.22395619750022888
49208,0.23911546170711517
49209,0.2317594289779663
49210,0.2846655547618866
49211,0.21978914737701416
49212,0.21269765496253967
49213,0.3321397602558136
49214,0.28160902857780457
49215,0.2438303679227829
49216,0.2992303669452667
49217,0.24835622310638428
49218,0.23021194338798523
49219,0.38211768865585327
49220,0.3527820110321045
49221,0.37764498591423035
49222,0.29529255628585815
49223,0.1397453248500824
49224,0.31243667006492615
49225,0.3471432328224182
49226,0.2665288746356964
49227,0.36953866481781006
49228,0.16375979781150818
49229,0.23426441848278046
49230,0.2596304714679718
49231,0.282527357339859
49232,0.33900198340415955
49233,0.3387860655784607
49234,0.21798038482666016
49235,0.26902514696121216
49236,0.23151665925979614
49237,0.22718501091003418
49238,0.2608487010002136
49239,0.18096838891506195
49240,0.26493707299232483
49241,0.2944587171077728
49242,0.2941949963569641
49243,0.1236027330160141
49244,0.11756905913352966
49245,0.17042933404445648
49246,0.4317467510700226
49247,0.29225385189056396
49248,0.19119682908058167
49249,0.3493850827217102
49250,0.3206409513950348
49251,0.2742984890937805
49252,0.3290919363498688
49253,0.43344759941101074
49254,0.3870770335197449
49255,0.2767508029937744
49256,0.22107017040252686
49257,0.2558839023113251
49258,0.39348602294921875
49259,0.22673991322517395
49260,0.22172750532627106
49261,0.3310771584510803
49262,0.21773198246955872
49263,0.2057000696659088
49264,0.16574598848819733
49265,0.2572416067123413
49266,0.3056887686252594
49267,0.2500985264778137
49268,0.3407440781593323
49269,0.35995134711265564
49270,0.2778526544570923
49271,0.3108581304550171
49272,0.18626520037651062
49273,0.2367234230041504
49274,0.20527592301368713
49275,0.3231216371059418
49276,0.17934954166412354
49277,0.14355981349945068
49278,0.20380641520023346
49279,0.17433302104473114
49280,0.16923700273036957
49281,0.17086926102638245
49282,0.1658676117658615
49283,0.22057723999023438
49284,0.17200632393360138
49285,0.1329430341720581
49286,0.14954225718975067
49287,0.1971345692873001
49288,0.2422993779182434
49289,0.16276012361049652
49290,0.19154618680477142
49291,0.18439137935638428
49292,0.19520241022109985
49293,0.20123790204524994
49294,0.15901614725589752
49295,0.21175344288349152
49296,0.20930293202400208
49297,0.2579513490200043
49298,0.35998547077178955
49299,0.3039642870426178
49300,0.3090251088142395
49301,0.33061909675598145
49302,0.24525617063045502
49303,0.22020834684371948
49304,0.17737732827663422
49305,0.17892390489578247
49306,0.15339228510856628
49307,0.2202199399471283
49308,0.227264866232872
49309,0.24580694735050201
49310,0.21358518302440643
49311,0.14978668093681335
49312,0.31726574897766113
49313,0.26988017559051514
49314,0.3420831263065338
49315,0.14930719137191772
49316,0.18753932416439056
49317,0.18222466111183167
49318,0.1599002480506897
49319,0.14301680028438568
49320,0.13571880757808685
49321,0.13421864807605743
49322,0.25795337557792664
49323,0.22698593139648438
49324,0.2129189372062683
49325,0.241569384932518
49326,0.2473614513874054
49327,0.180698961019516
49328,0.1713072955608368
49329,0.1453014612197876
49330,0.12728793919086456
49331,0.152135968208313
49332,0.22417598962783813
49333,0.22392667829990387
49334,0.15254783630371094
49335,0.15114083886146545
49336,0.13219574093818665
49337,0.22325566411018372
49338,0.34744688868522644
49339,0.355546236038208
49340,0.2804505527019501
49341,0.33920738101005554
49342,0.11616053432226181
49343,0.11035284399986267
49344,0.13122084736824036
49345,0.18160735070705414
49346,0.15505830943584442
49347,0.13516706228256226
49348,0.10840047150850296
49349,0.17520511150360107
49350,0.18398521840572357
49351,0.18905669450759888
49352,0.18483233451843262
49353,0.17591650784015656
49354,0.1821260154247284
49355,0.17285901308059692
49356,0.17343704402446747
49357,0.14906860888004303
49358,0.12026289850473404
49359,0.13425618410110474
49360,0.25164926052093506
49361,0.10672243684530258
49362,0.12538690865039825
49363,0.15897656977176666
49364,0.12622973322868347
49365,0.12188225984573364
49366,0.14066863059997559
49367,0.09746038913726807
49368,0.08148042857646942
49369,0.08644160628318787
49370,0.17886574566364288
49371,0.10334491729736328
49372,0.09124022722244263
49373,0.10520703345537186
49374,0.08909802883863449
49375,0.09539385885000229
49376,0.10538685321807861
49377,0.17086321115493774
49378,0.18887144327163696
49379,0.11260297894477844
49380,0.11071205139160156
49381,0.1408560872077942
49382,0.16076429188251495
49383,0.1033748984336853
49384,0.08483853936195374
49385,0.09968025237321854
49386,0.09943366795778275
49387,0.08571938425302505
49388,0.10247272253036499
49389,0.10980144888162613
49390,0.09448739141225815
49391,0.10460563004016876
49392,0.08558874577283859
49393,0.09566611051559448
49394,0.10804300755262375
49395,0.09917967021465302
49396,0.12693697214126587
49397,0.109462670981884
49398,0.09692724794149399
49399,0.13150006532669067
49400,0.10864029079675674
49401,0.10098905116319656
49402,0.09230846911668777
49403,0.09664929658174515
49404,0.10262256860733032
49405,0.1064763143658638
49406,0.10322799533605576
49407,0.1020217016339302
49408,0.08028416335582733
49409,0.11008279770612717
49410,0.15604639053344727
49411,0.1452326774597168
49412,0.21329113841056824
49413,0.20258061587810516
49414,0.16449353098869324
49415,0.2593187987804413
49416,0.18207129836082458
49417,0.14873003959655762
49418,0.14300337433815002
49419,0.1704992800951004
49420,0.13585354387760162
49421,0.19464455544948578
49422,0.13262932002544403
49423,0.23365648090839386
49424,0.26138952374458313
49425,0.21756523847579956
49426,0.22372978925704956
49427,0.2441391944885254
49428,0.2800736427307129
49429,0.24138598144054413
49430,0.19619007408618927
49431,0.22965946793556213
49432,0.2700372636318207
49433,0.2538444697856903
49434,0.18008078634738922
49435,0.22558222711086273
49436,0.2600524127483368
49437,0.1597224324941635
49438,0.18847183883190155
49439,0.21762195229530334
49440,0.1718989461660385
49441,0.3080158829689026
49442,0.17216932773590088
49443,0.37333908677101135
49444,0.33965009450912476
49445,0.34446191787719727
49446,0.33562085032463074
49447,0.28240954875946045
49448,0.2691642940044403
49449,0.26404982805252075
49450,0.2388763427734375
49451,0.18627451360225677
49452,0.2039298266172409
49453,0.2859814465045929
49454,0.12816622853279114
49455,0.13259465992450714
49456,0.12496020644903183
49457,0.16959576308727264
49458,0.11949377506971359
49459,0.15988712012767792
49460,0.11292760819196701
49461,0.1358811855316162
49462,0.1172093003988266
49463,0.10149756073951721
49464,0.10943266749382019
49465,0.10191364586353302
49466,0.11082717031240463
49467,0.10704828053712845
49468,0.07419172674417496
49469,0.24669501185417175
49470,0.2311626672744751
49471,0.20158624649047852
49472,0.25207221508026123
49473,0.33645322918891907
49474,0.32904407382011414
49475,0.2567421495914459
49476,0.2806483805179596
49477,0.2426655888557434
49478,0.19422218203544617
49479,0.2619796097278595
49480,0.27898985147476196
49481,0.28691044449806213
49482,0.12943987548351288
49483,0.25030961632728577
49484,0.16224665939807892
49485,0.18207700550556183
49486,0.24687615036964417
49487,0.2918461561203003
49488,0.24371875822544098
49489,0.18483449518680573
49490,0.25250232219696045
49491,0.22370830178260803
49492,0.2755083441734314
49493,0.29783204197883606
49494,0.2704581916332245
49495,0.3287530541419983
49496,0.23044869303703308
49497,0.23044869303703308
49498,0.26760217547416687
49499,0.27226895093917847
49500,0.28288981318473816
49501,0.2671082019805908
49502,0.27088308334350586
49503,0.2504741847515106
49504,0.3313859701156616
49505,0.3157327473163605
49506,0.3207075595855713
49507,0.38901135325431824
49508,0.3253190219402313
49509,0.3066352903842926
49510,0.2843780517578125
49511,0.30863288044929504
49512,0.2644297778606415
49513,0.24520502984523773
49514,0.31576821208000183
49515,0.33609265089035034
49516,0.28747865557670593
49517,0.22193479537963867
49518,0.2280479222536087
49519,0.2790946662425995
49520,0.2745986580848694
49521,0.1905387043952942
49522,0.09996595233678818
49523,0.13284406065940857
49524,0.1156899631023407
49525,0.14430461823940277
49526,0.1628408581018448
49527,0.20658905804157257
49528,0.22104835510253906
49529,0.25444626808166504
49530,0.25865471363067627
49531,0.2644152045249939
49532,0.22664859890937805
49533,0.265730619430542
49534,0.2872186601161957
49535,0.2456578016281128
49536,0.23659580945968628
49537,0.2421058714389801
49538,0.268719881772995
49539,0.35046371817588806
49540,0.29581505060195923
49541,0.31359994411468506
49542,0.2890525460243225
49543,0.22662127017974854
49544,0.2722048759460449
49545,0.23395980894565582
49546,0.2665678858757019
49547,0.349887877702713
49548,0.3604211211204529
49549,0.29810914397239685
49550,0.28331395983695984
49551,0.2931428849697113
49552,0.29108160734176636
49553,0.26896822452545166
49554,0.2517143785953522
49555,0.26479971408843994
49556,0.25688186287879944
49557,0.24324828386306763
49558,0.22662323713302612
49559,0.2479919046163559
49560,0.21650376915931702
49561,0.20093438029289246
49562,0.18963514268398285
49563,0.2562004327774048
49564,0.21659350395202637
49565,0.2661963701248169
49566,0.246170774102211
49567,0.2523283064365387
49568,0.2016298621892929
49569,0.19292275607585907
49570,0.24240092933177948
49571,0.18321539461612701
49572,0.20270363986492157
49573,0.23398929834365845
49574,0.21701426804065704
49575,0.1658318191766739
49576,0.2378210574388504
49577,0.24207603931427002
49578,0.29055261611938477
49579,0.10170517861843109
49580,0.20682302117347717
49581,0.31705012917518616
49582,0.18330234289169312
49583,0.21389757096767426
49584,0.13310606777668
49585,0.17287692427635193
49586,0.1423841416835785
49587,0.25678181648254395
49588,0.37164002656936646
49589,0.20305177569389343
49590,0.3439931869506836
49591,0.26277416944503784
49592,0.21879497170448303
49593,0.2156703919172287
49594,0.21748395264148712
49595,0.212169349193573
49596,0.22597724199295044
49597,0.2765105962753296
49598,0.24380329251289368
49599,0.19993828237056732
49600,0.3048861026763916
49601,0.2727333903312683
49602,0.21381394565105438
49603,0.32621052861213684
49604,0.3215925693511963
49605,0.2912833094596863
49606,0.2830902338027954
49607,0.2596578299999237
49608,0.25765883922576904
49609,0.2583121061325073
49610,0.2600741386413574
49611,0.22772817313671112
49612,0.2639368176460266
49613,0.223021000623703
49614,0.20820622146129608
49615,0.21257485449314117
49616,0.21068841218948364
49617,0.21033687889575958
49618,0.21814385056495667
49619,0.23400406539440155
49620,0.2048829048871994
49621,0.20582377910614014
49622,0.2018597275018692
49623,0.2086852341890335
49624,0.20864231884479523
49625,0.2182133048772812
49626,0.2273491472005844
49627,0.20406588912010193
49628,0.2421310991048813
49629,0.1935182809829712
49630,0.22632341086864471
49631,0.22835606336593628
49632,0.2161211222410202
49633,0.18814140558242798
49634,0.18992233276367188
49635,0.18464751541614532
49636,0.20566357672214508
49637,0.19773273169994354
49638,0.19612637162208557
49639,0.2496650218963623
49640,0.24212434887886047
49641,0.2620387077331543
49642,0.2850201427936554
49643,0.2918677031993866
49644,0.24907943606376648
49645,0.21847890317440033
49646,0.2807347774505615
49647,0.24455159902572632
49648,0.26366811990737915
49649,0.2824355959892273
49650,0.25153136253356934
49651,0.25602757930755615
49652,0.2430732697248459
49653,0.21815074980258942
49654,0.23768311738967896
49655,0.21789027750492096
49656,0.22474662959575653
49657,0.23767957091331482
49658,0.2716031074523926
49659,0.2370939999818802
49660,0.20737993717193604
49661,0.21293075382709503
49662,0.2180938422679901
49663,0.23669594526290894
49664,0.2615948021411896
49665,0.24399130046367645
49666,0.2522501051425934
49667,0.30653712153434753
49668,0.3057038187980652
49669,0.2519210875034332
49670,0.2690228819847107
49671,0.24837230145931244
49672,0.2653033435344696
49673,0.23527799546718597
49674,0.24093350768089294
49675,0.24645240604877472
49676,0.26217982172966003
49677,0.2832103371620178
49678,0.22147245705127716
49679,0.2344723641872406
49680,0.24889826774597168
49681,0.2505222260951996
49682,0.21764543652534485
49683,0.22831414639949799
49684,0.24702619016170502
49685,0.2084190994501114
49686,0.2491675317287445
49687,0.26756638288497925
49688,0.3034258782863617
49689,0.2756083905696869
49690,0.21166786551475525
49691,0.22018316388130188
49692,0.21989864110946655
49693,0.2511735260486603
49694,0.23954561352729797
49695,0.21833716332912445
49696,0.2151607722043991
49697,0.2546660900115967
49698,0.24774105846881866
49699,0.22444762289524078
49700,0.22560282051563263
49701,0.23597361147403717
49702,0.22745339572429657
49703,0.23644565045833588
49704,0.257058709859848
49705,0.23230378329753876
49706,0.2214411497116089
49707,0.21665433049201965
49708,0.20837265253067017
49709,0.20683041214942932
49710,0.21535047888755798
49711,0.23387469351291656
49712,0.19580793380737305
49713,0.19278408586978912
49714,0.2039002776145935
49715,0.23511923849582672
49716,0.20778334140777588
49717,0.20618973672389984
49718,0.21265937387943268
49719,0.20656262338161469
49720,0.21185331046581268
49721,0.1999569684267044
49722,0.21134352684020996
49723,0.22070372104644775
49724,0.21777720749378204
49725,0.19938579201698303
49726,0.2141045778989792
49727,0.18975678086280823
49728,0.20094437897205353
49729,0.20023410022258759
49730,0.21209678053855896
49731,0.20784835517406464
49732,0.20621822774410248
49733,0.22460053861141205
49734,0.22853636741638184
49735,0.22904852032661438
49736,0.22344353795051575
49737,0.233050137758255
49738,0.24018438160419464
49739,0.23778262734413147
49740,0.2538682222366333
49741,0.2765562832355499
49742,0.26462432742118835
49743,0.2260400652885437
49744,0.24493753910064697
49745,0.1709447056055069
49746,0.23943078517913818
49747,0.2537369132041931
49748,0.30806806683540344
49749,0.24392710626125336
49750,0.2592567205429077
49751,0.302541583776474
49752,0.26476848125457764
49753,0.2825537323951721
49754,0.24788329005241394
49755,0.25001609325408936
49756,0.23484933376312256
49757,0.2428867071866989
49758,0.25308337807655334
49759,0.22082683444023132
49760,0.2335950881242752
49761,0.2752947509288788
49762,0.2827182114124298
49763,0.291351854801178
49764,0.26666370034217834
49765,0.28586405515670776
49766,0.31517359614372253
49767,0.28287240862846375
49768,0.3485497236251831
49769,0.31493881344795227
49770,0.358163446187973
49771,0.3284808397293091
49772,0.255969375371933
49773,0.24814367294311523
49774,0.29417747259140015
49775,0.21881262958049774
49776,0.2918113172054291
49777,0.218467116355896
49778,0.24898593127727509
49779,0.26239368319511414
49780,0.2883918583393097
49781,0.21963335573673248
49782,0.29293814301490784
49783,0.2791520953178406
49784,0.3000534772872925
49785,0.3031705915927887
49786,0.22096040844917297
49787,0.26500648260116577
49788,0.29082658886909485
49789,0.29139095544815063
49790,0.260749876499176
49791,0.2844531238079071
49792,0.2694808542728424
49793,0.2630341053009033
49794,0.289861261844635
49795,0.2312476634979248
49796,0.2673278748989105
49797,0.26733526587486267
49798,0.2632383704185486
49799,0.30325812101364136
49800,0.288756787776947
49801,0.29811787605285645
49802,0.3336201310157776
49803,0.31461048126220703
49804,0.30824699997901917
49805,0.30653116106987
49806,0.285286545753479
49807,0.2557678520679474
49808,0.2661980390548706
49809,0.2641456127166748
49810,0.2544924020767212
49811,0.2503671944141388
49812,0.2606956660747528
49813,0.22759053111076355
49814,0.23717579245567322
49815,0.28054946660995483
49816,0.23782065510749817
49817,0.23792041838169098
49818,0.22539113461971283
49819,0.2101122885942459
49820,0.22203253209590912
49821,0.23428477346897125
49822,0.24676692485809326
49823,0.21461692452430725
49824,0.2035016566514969
49825,0.2020329385995865
49826,0.172273188829422
49827,0.1920720785856247
49828,0.19825997948646545
49829,0.22009339928627014
49830,0.22287674248218536
49831,0.22098912298679352
49832,0.21154873073101044
49833,0.21867334842681885
49834,0.21313413977622986
49835,0.23587825894355774
49836,0.2346765249967575
49837,0.23854397237300873
49838,0.24711968004703522
49839,0.2250737100839615
49840,0.24181310832500458
49841,0.24315723776817322
49842,0.22173915803432465
49843,0.22448715567588806
49844,0.1973562240600586
49845,0.26517513394355774
49846,0.2897130846977234
49847,0.24736323952674866
49848,0.24973902106285095
49849,0.22154271602630615
49850,0.20677007734775543
49851,0.21762512624263763
49852,0.21678060293197632
49853,0.2831909656524658
49854,0.23940330743789673
49855,0.23270663619041443
49856,0.23796266317367554
49857,0.23346126079559326
49858,0.19080066680908203
49859,0.1800183206796646
49860,0.19610700011253357
49861,0.2088785618543625
49862,0.2252092808485031
49863,0.2275622934103012
49864,0.21616724133491516
49865,0.20575067400932312
49866,0.20214436948299408
49867,0.21470892429351807
49868,0.22157268226146698
49869,0.2145148664712906
49870,0.22320561110973358
49871,0.20782184600830078
49872,0.25148454308509827
49873,0.2385302484035492
49874,0.2245701253414154
49875,0.21965442597866058
49876,0.25030314922332764
49877,0.24452339112758636
49878,0.2761264741420746
49879,0.24753384292125702
49880,0.22516445815563202
49881,0.2794448137283325
49882,0.22364169359207153
49883,0.21921640634536743
49884,0.28771018981933594
49885,0.21385596692562103
49886,0.21606016159057617
49887,0.2178599089384079
49888,0.2299194633960724
49889,0.2110593616962433
49890,0.2001640349626541
49891,0.21087360382080078
49892,0.2148112803697586
49893,0.2151484191417694
49894,0.23083309829235077
49895,0.22608749568462372
49896,0.21220220625400543
49897,0.2098405957221985
49898,0.2196626365184784
49899,0.24766618013381958
49900,0.2368607074022293
49901,0.25927332043647766
49902,0.24624459445476532
49903,0.25479376316070557
49904,0.25304388999938965
49905,0.2224084734916687
49906,0.2988108694553375
49907,0.29014772176742554
49908,0.27618569135665894
49909,0.2573232352733612
49910,0.24145559966564178
49911,0.21507884562015533
49912,0.23315109312534332
49913,0.22526469826698303
49914,0.2245965451002121
49915,0.2119305580854416
49916,0.2007073312997818
49917,0.18181030452251434
49918,0.20579642057418823
49919,0.22857990860939026
49920,0.2267918586730957
49921,0.22262988984584808
49922,0.21908031404018402
49923,0.20720535516738892
49924,0.2207821160554886
49925,0.21530774235725403
49926,0.2156735062599182
49927,0.20312222838401794
49928,0.2025187760591507
49929,0.20435526967048645
49930,0.2082476019859314
49931,0.21968919038772583
49932,0.24225296080112457
49933,0.23769834637641907
49934,0.26695290207862854
49935,0.23513486981391907
49936,0.2654319405555725
49937,0.24728302657604218
49938,0.22259551286697388
49939,0.24516141414642334
49940,0.28802305459976196
49941,0.25641724467277527
49942,0.2717021405696869
49943,0.2844627797603607
49944,0.23244015872478485
49945,0.28515997529029846
49946,0.30854716897010803
49947,0.27937716245651245
49948,0.2320992350578308
49949,0.2617863714694977
49950,0.23003938794136047
49951,0.257184237241745
49952,0.2761200964450836
49953,0.26311296224594116
49954,0.2765814960002899
49955,0.31185004115104675
49956,0.26074257493019104
49957,0.2760949730873108
49958,0.2959097921848297
49959,0.2890876233577728
49960,0.30361077189445496
49961,0.282282292842865
49962,0.2914515733718872
49963,0.27104732394218445
49964,0.2671055197715759
49965,0.2798020839691162
49966,0.2653675377368927
49967,0.28278741240501404
49968,0.2523237466812134
49969,0.33122172951698303
49970,0.28481441736221313
49971,0.3023703992366791
49972,0.2642713189125061
49973,0.2869489789009094
49974,0.309042364358902
49975,0.27193403244018555
49976,0.26627424359321594
49977,0.26322266459465027
49978,0.28543296456336975
49979,0.2564265727996826
49980,0.23545491695404053
49981,0.2764160931110382
49982,0.2361711710691452
49983,0.21666330099105835
49984,0.2310343086719513
49985,0.20137526094913483
49986,0.21867726743221283
49987,0.21429191529750824
49988,0.17695513367652893
49989,0.18799549341201782
49990,0.22321683168411255
49991,0.20102104544639587
49992,0.2378227561712265
49993,0.25596579909324646
49994,0.25446176528930664
49995,0.24612268805503845
49996,0.2510964870452881
49997,0.2605516016483307
49998,0.2904910445213318
49999,0.289028525352478
50000,0.28790774941444397
50001,0.29859253764152527
50002,0.3019343912601471
50003,0.2844444811344147
50004,0.30096718668937683
50005,0.2860585153102875
50006,0.291950523853302
50007,0.28346583247184753
50008,0.3236284554004669
50009,0.306597501039505
50010,0.23958677053451538
50011,0.2687808573246002
50012,0.23046870529651642
50013,0.24789878726005554
50014,0.27002376317977905
50015,0.27726224064826965
50016,0.24877673387527466
50017,0.2684114873409271
50018,0.2373894900083542
50019,0.22719243168830872
50020,0.2360505759716034
50021,0.2164369821548462
50022,0.21378755569458008
50023,0.21278031170368195
50024,0.20363618433475494
50025,0.22956480085849762
50026,0.27872106432914734
50027,0.26987162232398987
50028,0.30256977677345276
50029,0.26132023334503174
50030,0.2875836193561554
50031,0.28145068883895874
50032,0.26919010281562805
50033,0.26026207208633423
50034,0.2682485282421112
50035,0.26989883184432983
50036,0.24492992460727692
50037,0.2549348473548889
50038,0.2840707302093506
50039,0.22949592769145966
50040,0.23232227563858032
50041,0.25046420097351074
50042,0.253542423248291
50043,0.24782025814056396
50044,0.25134631991386414
50045,0.22900956869125366
50046,0.217974454164505
50047,0.214121013879776
50048,0.20018257200717926
50049,0.2162221372127533
50050,0.23489142954349518
50051,0.24815994501113892
50052,0.2544187009334564
50053,0.27412521839141846
50054,0.2687068581581116
50055,0.27381420135498047
50056,0.26865726709365845
50057,0.24079884588718414
50058,0.23486557602882385
50059,0.2567484676837921
50060,0.2328977733850479
50061,0.255537211894989
50062,0.22109416127204895
50063,0.21907421946525574
50064,0.21009697020053864
50065,0.21922491490840912
50066,0.23271790146827698
50067,0.24884718656539917
50068,0.25308236479759216
50069,0.26683515310287476
50070,0.22894006967544556
50071,0.23179714381694794
50072,0.2151557207107544
50073,0.22147886455059052
50074,0.23539775609970093
50075,0.25582876801490784
50076,0.2576310336589813
50077,0.24502387642860413
50078,0.24034157395362854
50079,0.22905680537223816
50080,0.25596025586128235
50081,0.258057177066803
50082,0.23353882133960724
50083,0.24088165163993835
50084,0.24215421080589294
50085,0.23761902749538422
50086,0.220272034406662
50087,0.20861218869686127
50088,0.3124373257160187
50089,0.27490234375
50090,0.26723843812942505
50091,0.2626980245113373
50092,0.23403078317642212
50093,0.22055982053279877
50094,0.2088472992181778
50095,0.20455792546272278
50096,0.2056218981742859
50097,0.24846214056015015
50098,0.26728254556655884
50099,0.2371075302362442
50100,0.2506752014160156
50101,0.23848025500774384
50102,0.21958871185779572
50103,0.21510794758796692
50104,0.21581433713436127
50105,0.24339382350444794
50106,0.21824754774570465
50107,0.22554071247577667
50108,0.23334893584251404
50109,0.2941572368144989
50110,0.2818334400653839
50111,0.24682864546775818
50112,0.23790064454078674
50113,0.22331362962722778
50114,0.24634473025798798
50115,0.24262943863868713
50116,0.2632434666156769
50117,0.2601381242275238
50118,0.2601381242275238
50119,0.3019981384277344
50120,0.2848176956176758
50121,0.24386155605316162
50122,0.24218562245368958
50123,0.2526172995567322
50124,0.25774380564689636
50125,0.22121760249137878
50126,0.2556008994579315
50127,0.2273171991109848
50128,0.22365856170654297
50129,0.21432355046272278
50130,0.20585717260837555
50131,0.24486926198005676
50132,0.2561846375465393
50133,0.1968301385641098
50134,0.19321294128894806
50135,0.20016221702098846
50136,0.21507635712623596
50137,0.24522100389003754
50138,0.2609234154224396
50139,0.23747247457504272
50140,0.22048838436603546
50141,0.20941966772079468
50142,0.20603711903095245
50143,0.18128426373004913
50144,0.19999077916145325
50145,0.17427587509155273
50146,0.19552046060562134
50147,0.17419812083244324
50148,0.19553370773792267
50149,0.1803666651248932
50150,0.2215612530708313
50151,0.23940716683864594
50152,0.31960123777389526
50153,0.35171693563461304
50154,0.37367454171180725
50155,0.3756706714630127
50156,0.31297942996025085
50157,0.24129660427570343
50158,0.31015241146087646
50159,0.15532052516937256
50160,0.2622470557689667
50161,0.23125699162483215
50162,0.22481028735637665
50163,0.28620612621307373
50164,0.2943111062049866
50165,0.21475659310817719
50166,0.2170790582895279
50167,0.2343863546848297
50168,0.30751341581344604
50169,0.192526176571846
50170,0.2358139604330063
50171,0.27444157004356384
50172,0.26254162192344666
50173,0.2916145920753479
50174,0.25800296664237976
50175,0.31287771463394165
50176,0.19787193834781647
50177,0.21565571427345276
50178,0.2719416618347168
50179,0.20949825644493103
50180,0.2397022843360901
50181,0.351407915353775
50182,0.3290545642375946
50183,0.19984585046768188
50184,0.25467440485954285
50185,0.46133869886398315
50186,0.24798066914081573
50187,0.3345552682876587
50188,0.2913377583026886
50189,0.27546849846839905
50190,0.22525785863399506
50191,0.20337192714214325
50192,0.20797301828861237
50193,0.236589714884758
50194,0.171831876039505
50195,0.2419007271528244
50196,0.33568981289863586
50197,0.23646721243858337
50198,0.25752246379852295
50199,0.18567749857902527
50200,0.20596307516098022
50201,0.31066009402275085
50202,0.23017366230487823
50203,0.1559309959411621
50204,0.21836720407009125
50205,0.17624901235103607
50206,0.13618475198745728
50207,0.3195704519748688
50208,0.2725690007209778
50209,0.28940293192863464
50210,0.22220049798488617
50211,0.25423309206962585
50212,0.2402966022491455
50213,0.2660546600818634
50214,0.3022436499595642
50215,0.36189010739326477
50216,0.297460675239563
50217,0.34261393547058105
50218,0.32730165123939514
50219,0.08600635081529617
50220,0.16282081604003906
50221,0.22727297246456146
50222,0.14846117794513702
50223,0.21430771052837372
50224,0.36822447180747986
50225,0.2369948923587799
50226,0.2414620965719223
50227,0.1420387476682663
50228,0.11953265219926834
50229,0.2836362421512604
50230,0.19199520349502563
50231,0.2726414203643799
50232,0.27914154529571533
50233,0.2246246337890625
50234,0.24946947395801544
50235,0.2237926423549652
50236,0.17381981015205383
50237,0.18689054250717163
50238,0.29203349351882935
50239,0.3339517414569855
50240,0.30243781208992004
50241,0.1816324144601822
50242,0.1811034232378006
50243,0.19720622897148132
50244,0.21435804665088654
50245,0.3122178614139557
50246,0.2612836956977844
50247,0.20714634656906128
50248,0.16625405848026276
50249,0.15707066655158997
50250,0.24614889919757843
50251,0.22181299328804016
50252,0.18830403685569763
50253,0.26626259088516235
50254,0.29252952337265015
50255,0.26397621631622314
50256,0.18958710134029388
50257,0.27680227160453796
50258,0.19217929244041443
50259,0.2982158958911896
50260,0.2322770655155182
50261,0.32341280579566956
50262,0.2590923011302948
50263,0.34682226181030273
50264,0.2918122708797455
50265,0.2159658968448639
50266,0.27307364344596863
50267,0.26929089426994324
50268,0.361249178647995
50269,0.1579374074935913
50270,0.32211798429489136
50271,0.2527768909931183
50272,0.17879202961921692
50273,0.21014045178890228
50274,0.17429864406585693
50275,0.23849588632583618
50276,0.17761573195457458
50277,0.24889467656612396
50278,0.16760607063770294
50279,0.16057151556015015
50280,0.2800837457180023
50281,0.24955619871616364
50282,0.2071886658668518
50283,0.26519250869750977
50284,0.1520281732082367
50285,0.26422709226608276
50286,0.23551473021507263
50287,0.2533726096153259
50288,0.22310037910938263
50289,0.4636695086956024
50290,0.27810168266296387
50291,0.2966967821121216
50292,0.2655802369117737
50293,0.18203182518482208
50294,0.2567731738090515
50295,0.1761065423488617
50296,0.16273106634616852
50297,0.17210815846920013
50298,0.17100535333156586
50299,0.10035176575183868
50300,0.1761069893836975
50301,0.16475921869277954
50302,0.1848943531513214
50303,0.13382454216480255
50304,0.2265913486480713
50305,0.22725830972194672
50306,0.16789282858371735
50307,0.21693916618824005
50308,0.17824576795101166
50309,0.18645833432674408
50310,0.1977316290140152
50311,0.23479017615318298
50312,0.24566183984279633
50313,0.23235347867012024
50314,0.19250433146953583
50315,0.2393314242362976
50316,0.23666325211524963
50317,0.19297941029071808
50318,0.22040842473506927
50319,0.18239299952983856
50320,0.1580558717250824
50321,0.22101007401943207
50322,0.21313175559043884
50323,0.12404688447713852
50324,0.1155381128191948
50325,0.17287907004356384
50326,0.3016371428966522
50327,0.263281911611557
50328,0.1934308558702469
50329,0.23826754093170166
50330,0.25759458541870117
50331,0.2514496445655823
50332,0.25713834166526794
50333,0.20315726101398468
50334,0.23802588880062103
50335,0.250235378742218
50336,0.19230465590953827
50337,0.11453931778669357
50338,0.3155272603034973
50339,0.23278948664665222
50340,0.2160898596048355
50341,0.27171391248703003
50342,0.2268553227186203
50343,0.3620004653930664
50344,0.26326096057891846
50345,0.29612278938293457
50346,0.30887067317962646
50347,0.21266208589076996
50348,0.3177563548088074
50349,0.19551697373390198
50350,0.23586159944534302
50351,0.2514076232910156
50352,0.2966761589050293
50353,0.090672068297863
50354,0.1557815819978714
50355,0.10283693671226501
50356,0.15261365473270416
50357,0.183733731508255
50358,0.1397804170846939
50359,0.142329603433609
50360,0.15986458957195282
50361,0.17770317196846008
50362,0.18571239709854126
50363,0.19080142676830292
50364,0.19761161506175995
50365,0.1414157599210739
50366,0.08954181522130966
50367,0.2808179259300232
50368,0.30004799365997314
50369,0.25248873233795166
50370,0.42554304003715515
50371,0.3902341425418854
50372,0.26080310344696045
50373,0.21293744444847107
50374,0.1845213770866394
50375,0.15138250589370728
50376,0.20152471959590912
50377,0.2140776664018631
50378,0.18059974908828735
50379,0.20785801112651825
50380,0.16770724952220917
50381,0.20722997188568115
50382,0.20183682441711426
50383,0.173977330327034
50384,0.15218234062194824
50385,0.17279408872127533
50386,0.2379777729511261
50387,0.26255831122398376
50388,0.2610372006893158
50389,0.2448059320449829
50390,0.24141600728034973
50391,0.18844299018383026
50392,0.29749229550361633
50393,0.11285664886236191
50394,0.28757232427597046
50395,0.22166548669338226
50396,0.21612702310085297
50397,0.26754432916641235
50398,0.24061954021453857
50399,0.18531237542629242
50400,0.21476876735687256
50401,0.26322439312934875
50402,0.16261525452136993
50403,0.14337733387947083
50404,0.20105816423892975
50405,0.21813304722309113
50406,0.22440724074840546
50407,0.2107773721218109
50408,0.26729127764701843
50409,0.2656666040420532
50410,0.326621413230896
50411,0.3227473497390747
50412,0.331339567899704
50413,0.27101269364356995
50414,0.25385165214538574
50415,0.20824909210205078
50416,0.2710835635662079
50417,0.15224458277225494
50418,0.2699035704135895
50419,0.2831934094429016
50420,0.312262624502182
50421,0.34284815192222595
50422,0.34237387776374817
50423,0.3299142122268677
50424,0.2594375014305115
50425,0.2997470796108246
50426,0.4030185043811798
50427,0.30585402250289917
50428,0.24279813468456268
50429,0.24504202604293823
50430,0.36551976203918457
50431,0.1921752542257309
50432,0.18519780039787292
50433,0.10671621561050415
50434,0.22599080204963684
50435,0.22811022400856018
50436,0.20119716227054596
50437,0.19646747410297394
50438,0.24208585917949677
50439,0.3254842460155487
50440,0.29017218947410583
50441,0.22300811111927032
50442,0.3433952331542969
50443,0.3884117901325226
50444,0.32479530572891235
50445,0.3297401964664459
50446,0.31249919533729553
50447,0.3205389976501465
50448,0.32391953468322754
50449,0.34889620542526245
50450,0.2987079322338104
50451,0.34642231464385986
50452,0.29737451672554016
50453,0.31462591886520386
50454,0.31019824743270874
50455,0.3304387032985687
50456,0.3330708146095276
50457,0.2561233937740326
50458,0.2682028114795685
50459,0.30233079195022583
50460,0.30853763222694397
50461,0.3068233132362366
50462,0.32896730303764343
50463,0.31329551339149475
50464,0.2857353091239929
50465,0.2744905352592468
50466,0.24647164344787598
50467,0.28620120882987976
50468,0.23929427564144135
50469,0.2542066276073456
50470,0.24719157814979553
50471,0.2662826180458069
50472,0.2482542097568512
50473,0.2610812187194824
50474,0.2600262463092804
50475,0.2155054807662964
50476,0.30799636244773865
50477,0.3033944070339203
50478,0.3286307156085968
50479,0.3905724585056305
50480,0.3308938145637512
50481,0.4169021546840668
50482,0.3628123700618744
50483,0.3156895935535431
50484,0.3876660168170929
50485,0.3519265651702881
50486,0.31379735469818115
50487,0.29443594813346863
50488,0.3260074555873871
50489,0.37552306056022644
50490,0.26240551471710205
50491,0.24327778816223145
50492,0.2521028518676758
50493,0.24576778709888458
50494,0.2919602692127228
50495,0.3997232913970947
50496,0.2356119006872177
50497,0.23861093819141388
50498,0.13202416896820068
50499,0.13516224920749664
50500,0.15867891907691956
50501,0.21453633904457092
50502,0.19469693303108215
50503,0.11164084821939468
50504,0.16370059549808502
50505,0.22119133174419403
50506,0.1693093180656433
50507,0.20555338263511658
50508,0.11359979957342148
50509,0.14566455781459808
50510,0.17627984285354614
50511,0.18347306549549103
50512,0.2513338327407837
50513,0.18272781372070312
50514,0.21051530539989471
50515,0.24842087924480438
50516,0.13696777820587158
50517,0.2121032476425171
50518,0.16251687705516815
50519,0.16301749646663666
50520,0.2143578827381134
50521,0.14671477675437927
50522,0.16495108604431152
50523,0.16516020894050598
50524,0.19716741144657135
50525,0.24738359451293945
50526,0.19042254984378815
50527,0.22713857889175415
50528,0.1365395039319992
50529,0.15176337957382202
50530,0.19304846227169037
50531,0.16994623839855194
50532,0.2617473304271698
50533,0.3014547824859619
50534,0.17300157248973846
50535,0.2942012548446655
50536,0.19122785329818726
50537,0.29906007647514343
50538,0.24681507050991058
50539,0.18940478563308716
50540,0.1752593219280243
50541,0.14431972801685333
50542,0.15958860516548157
50543,0.2510143518447876
50544,0.2731565535068512
50545,0.3771578371524811
50546,0.17944152653217316
50547,0.4695664942264557
50548,0.22781142592430115
50549,0.13385625183582306
50550,0.18401528894901276
50551,0.24671770632266998
50552,0.20570135116577148
50553,0.3132886290550232
50554,0.39247095584869385
50555,0.2171323597431183
50556,0.36256709694862366
50557,0.21176835894584656
50558,0.1760147362947464
50559,0.1949089765548706
50560,0.16599386930465698
50561,0.20005308091640472
50562,0.26186278462409973
50563,0.27302661538124084
50564,0.2812051773071289
50565,0.2886771857738495
50566,0.2702828347682953
50567,0.19840306043624878
50568,0.19683432579040527
50569,0.18684647977352142
50570,0.257102906703949
50571,0.13598956167697906
50572,0.2007531225681305
50573,0.33813199400901794
50574,0.3173055648803711
50575,0.20578843355178833
50576,0.2217264175415039
50577,0.3538171947002411
50578,0.2751455008983612
50579,0.2406286895275116
50580,0.15267080068588257
50581,0.13190363347530365
50582,0.1854875683784485
50583,0.1523790806531906
50584,0.21962130069732666
50585,0.19371946156024933
50586,0.3067530393600464
50587,0.21967799961566925
50588,0.30724066495895386
50589,0.20144939422607422
50590,0.2147187888622284
50591,0.35444822907447815
50592,0.31047844886779785
50593,0.1644592136144638
50594,0.23126347362995148
50595,0.24496956169605255
50596,0.2061389833688736
50597,0.30232343077659607
50598,0.19274570047855377
50599,0.1665327101945877
50600,0.2806837856769562
50601,0.17832523584365845
50602,0.15925918519496918
50603,0.2790510654449463
50604,0.315686970949173
50605,0.16854406893253326
50606,0.23191365599632263
50607,0.21217818558216095
50608,0.343414843082428
50609,0.2212962657213211
50610,0.16422516107559204
50611,0.1877465695142746
50612,0.20760157704353333
50613,0.1316472440958023
50614,0.21669061481952667
50615,0.16731983423233032
50616,0.16679653525352478
50617,0.15711453557014465
50618,0.21049681305885315
50619,0.19682583212852478
50620,0.2738463580608368
50621,0.1999826431274414
50622,0.193656325340271
50623,0.17975202202796936
50624,0.1866479516029358
50625,0.16252319514751434
50626,0.1730453222990036
50627,0.19117362797260284
50628,0.14883729815483093
50629,0.24704712629318237
50630,0.1589411348104477
50631,0.13834430277347565
50632,0.1999565213918686
50633,0.2000947743654251
50634,0.15260837972164154
50635,0.2515183091163635
50636,0.2339884489774704
50637,0.23023931682109833
50638,0.23317641019821167
50639,0.23879379034042358
50640,0.2281029224395752
50641,0.18697254359722137
50642,0.22967447340488434
50643,0.18743965029716492
50644,0.1539825201034546
50645,0.35320404171943665
50646,0.23933634161949158
50647,0.2564801573753357
50648,0.1972615271806717
50649,0.2025606334209442
50650,0.23889878392219543
50651,0.200809508562088
50652,0.1385200023651123
50653,0.22775785624980927
50654,0.14228661358356476
50655,0.20772023499011993
50656,0.25479772686958313
50657,0.2560102343559265
50658,0.23870380222797394
50659,0.23963291943073273
50660,0.22133532166481018
50661,0.24123482406139374
50662,0.251117467880249
50663,0.263169527053833
50664,0.19470439851284027
50665,0.28805407881736755
50666,0.3322713375091553
50667,0.23757478594779968
50668,0.3366803526878357
50669,0.33768323063850403
50670,0.16337427496910095
50671,0.11147293448448181
50672,0.06779257953166962
50673,0.04801786318421364
50674,0.09751597791910172
50675,0.252885103225708
50676,0.2349800169467926
50677,0.20114871859550476
50678,0.3404788672924042
50679,0.31200963258743286
50680,0.25912711024284363
50681,0.282254695892334
50682,0.35107627511024475
50683,0.2913624942302704
50684,0.2857002913951874
50685,0.323076456785202
50686,0.42605558037757874
50687,0.3154843747615814
50688,0.41616642475128174
50689,0.28867852687835693
50690,0.40961551666259766
50691,0.2523750960826874
50692,0.2102612406015396
50693,0.33441492915153503
50694,0.4032246768474579
50695,0.3324337303638458
50696,0.20056353509426117
50697,0.18324194848537445
50698,0.21469798684120178
50699,0.23270469903945923
50700,0.281568318605423
50701,0.41448432207107544
50702,0.3977152109146118
50703,0.3221561312675476
50704,0.2351096123456955
50705,0.31885117292404175
50706,0.12697216868400574
50707,0.17058946192264557
50708,0.3047367036342621
50709,0.30060335993766785
50710,0.3059561550617218
50711,0.27244919538497925
50712,0.3448905944824219
50713,0.3412556052207947
50714,0.31197601556777954
50715,0.3975640833377838
50716,0.33405524492263794
50717,0.33713099360466003
50718,0.312847763299942
50719,0.14539168775081635
50720,0.2881906032562256
50721,0.376688688993454
50722,0.31741607189178467
50723,0.22900967299938202
50724,0.36335188150405884
50725,0.3657761216163635
50726,0.2460680902004242
50727,0.3478904068470001
50728,0.3155708909034729
50729,0.26248815655708313
50730,0.30500516295433044
50731,0.3023172616958618
50732,0.30645790696144104
50733,0.2709859311580658
50734,0.2916640043258667
50735,0.28940024971961975
50736,0.32755303382873535
50737,0.2632545232772827
50738,0.16752205789089203
50739,0.056722287088632584
50740,0.29001134634017944
50741,0.1483374387025833
50742,0.12206955254077911
50743,0.08235415816307068
50744,0.10680461674928665
50745,0.18273121118545532
50746,0.22461524605751038
50747,0.2842748165130615
50748,0.23732754588127136
50749,0.19539815187454224
50750,0.24363739788532257
50751,0.17843519151210785
50752,0.2035660743713379
50753,0.3956993818283081
50754,0.2550809383392334
50755,0.22981226444244385
50756,0.1552460640668869
50757,0.2793622314929962
50758,0.2373497039079666
50759,0.18708457052707672
50760,0.1893300563097
50761,0.17361362278461456
50762,0.4410356879234314
50763,
50764,0.2301793098449707
50765,0.21318010985851288
50766,0.14625896513462067
50767,0.21465039253234863
50768,0.18068687617778778
50769,0.27494534850120544
50770,0.2475290596485138
50771,0.3256656229496002
50772,0.40855661034584045
50773,0.29625174403190613
50774,0.21183419227600098
50775,0.31262120604515076
50776,0.2131340205669403
50777,0.12745924293994904
50778,0.0925327017903328
50779,0.1560673862695694
50780,0.13227146863937378
50781,0.13551510870456696
50782,0.13696683943271637
50783,0.10545909404754639
50784,0.08694910258054733
50785,0.14923447370529175
50786,0.18521708250045776
50787,0.16766008734703064
50788,0.16007260978221893
50789,0.1601962447166443
50790,0.17104633152484894
50791,0.19736681878566742
50792,0.22150132060050964
50793,0.2919338047504425
50794,0.24119453132152557
50795,0.22547049820423126
50796,0.23502032458782196
50797,0.26566481590270996
50798,0.2336335927248001
50799,0.182546928524971
50800,0.1934516876935959
50801,0.21691031754016876
50802,0.22524988651275635
50803,0.26705825328826904
50804,0.2835195064544678
50805,0.27067843079566956
50806,0.24020761251449585
50807,0.2406506985425949
50808,0.23351097106933594
50809,0.21229012310504913
50810,0.23699070513248444
50811,0.22604718804359436
50812,0.21855327486991882
50813,0.2275715470314026
50814,0.24190303683280945
50815,0.24218283593654633
50816,0.23565272986888885
50817,0.251906156539917
50818,0.23781295120716095
50819,0.17332454025745392
50820,0.24993905425071716
50821,0.24449293315410614
50822,0.2277715802192688
50823,0.25361135601997375
50824,0.26411429047584534
50825,0.281349241733551
50826,0.26391783356666565
50827,0.24875697493553162
50828,0.24375160038471222
50829,0.22254115343093872
50830,0.23528292775154114
50831,0.22979682683944702
50832,0.2512950897216797
50833,0.23529623448848724
50834,0.22823704779148102
50835,0.18022073805332184
50836,0.18214061856269836
50837,0.18928222358226776
50838,0.18788498640060425
50839,0.15443675220012665
50840,0.17396478354930878
50841,0.19698694348335266
50842,0.21119756996631622
50843,0.19107864797115326
50844,0.1686866134405136
50845,0.22656093537807465
50846,0.2643287479877472
50847,0.26611799001693726
50848,0.26611799001693726
50849,0.26611799001693726
50850,0.26611799001693726
50851,0.22287611663341522
50852,0.22287611663341522
50853,0.14410164952278137
50854,0.23849762976169586
50855,0.21253733336925507
50856,0.21839037537574768
50857,0.13568565249443054
50858,0.12827958166599274
50859,0.2156970202922821
50860,0.3087712526321411
50861,0.22382718324661255
50862,0.26731982827186584
50863,0.27397122979164124
50864,0.34984979033470154
50865,0.28026100993156433
50866,0.24772700667381287
50867,0.2522825300693512
50868,0.3307328224182129
50869,0.16744332015514374
50870,0.1966932713985443
50871,0.26926901936531067
50872,0.32248032093048096
50873,0.1638278216123581
50874,0.17028166353702545
50875,0.22255660593509674
50876,0.17627277970314026
50877,0.2085549533367157
50878,0.2461574375629425
50879,0.21093426644802094
50880,0.16786840558052063
50881,0.25807493925094604
50882,0.23830243945121765
50883,0.3049103021621704
50884,0.24840019643306732
50885,0.19849887490272522
50886,0.22730740904808044
50887,0.2506161630153656
50888,0.19919607043266296
50889,0.3198378384113312
50890,0.32243773341178894
50891,0.33349987864494324
50892,0.2448708713054657
50893,0.2985735535621643
50894,0.14325512945652008
50895,0.19926728308200836
50896,0.2909264862537384
50897,0.2005266696214676
50898,0.17462396621704102
50899,0.19753144681453705
50900,0.2279038429260254
50901,0.19418592751026154
50902,0.19695469737052917
50903,0.1949646919965744
50904,0.1850358247756958
50905,0.18334291875362396
50906,0.14198392629623413
50907,0.1495109647512436
50908,0.2253921926021576
50909,0.2895849645137787
50910,0.2509852349758148
50911,0.2097485065460205
50912,0.217750683426857
50913,0.14204570651054382
50914,0.2803943157196045
50915,0.16064384579658508
50916,0.21934275329113007
50917,0.15459196269512177
50918,0.11464597284793854
50919,0.1096113845705986
50920,0.10493847727775574
50921,0.09779832512140274
50922,0.12037748843431473
50923,0.19326567649841309
50924,0.21574465930461884
50925,0.2571823000907898
50926,0.2356591373682022
50927,0.1318347007036209
50928,0.21986275911331177
50929,0.2055576890707016
50930,0.2223147451877594
50931,0.23691801726818085
50932,0.1385945826768875
50933,0.13682921230793
50934,0.31413736939430237
50935,0.18277403712272644
50936,0.23228847980499268
50937,0.15294736623764038
50938,0.22705739736557007
50939,0.2109210044145584
50940,0.22386331856250763
50941,0.2410929948091507
50942,0.2356576770544052
50943,0.21404299139976501
50944,0.2150547355413437
50945,0.26875460147857666
50946,0.24182045459747314
50947,0.2171727865934372
50948,0.20034508407115936
50949,0.23597605526447296
50950,0.2412501871585846
50951,0.2047969400882721
50952,0.2643733620643616
50953,0.24108971655368805
50954,0.290290892124176
50955,0.24681341648101807
50956,0.2306090146303177
50957,0.2668474018573761
50958,0.16753502190113068
50959,0.190630242228508
50960,0.14752830564975739
50961,0.19281159341335297
50962,0.17765647172927856
50963,0.17739981412887573
50964,0.17780138552188873
50965,0.19785264134407043
50966,0.22446224093437195
50967,0.23660625517368317
50968,0.16982971131801605
50969,0.19362354278564453
50970,0.2844691276550293
50971,0.23336534202098846
50972,0.2361930012702942
50973,0.2596215307712555
50974,0.33444663882255554
50975,0.23036137223243713
50976,0.24075092375278473
50977,0.23708249628543854
50978,0.2161571979522705
50979,0.23517347872257233
50980,0.20832869410514832
50981,0.1747749000787735
50982,0.234322190284729
50983,0.22076459228992462
50984,0.23044301569461823
50985,0.21357518434524536
50986,0.364328533411026
50987,0.3080751597881317
50988,0.16193990409374237
50989,0.24045582115650177
50990,0.20483094453811646
50991,0.14466312527656555
50992,0.15168626606464386
50993,0.32126861810684204
50994,0.22731535136699677
50995,0.23275712132453918
50996,0.2252645045518875
50997,0.22610729932785034
50998,0.2357141226530075
50999,0.22583884000778198
51000,0.19226858019828796
51001,0.19468504190444946
51002,0.11267095059156418
51003,0.14835666120052338
51004,0.25558727979660034
51005,0.15110255777835846
51006,0.16565772891044617
51007,0.3225696086883545
51008,0.3123670518398285
51009,0.2686581015586853
51010,0.275953471660614
51011,0.1451621949672699
51012,0.22051146626472473
51013,0.2030368447303772
51014,0.3043859899044037
51015,0.2717878520488739
51016,0.3158350884914398
51017,0.325252890586853
51018,0.21773090958595276
51019,0.20905765891075134
51020,0.26520779728889465
51021,0.27285972237586975
51022,0.2041425108909607
51023,0.19388432800769806
51024,0.22649747133255005
51025,0.1733141392469406
51026,0.16296270489692688
51027,0.2068231701850891
51028,0.2247755229473114
51029,0.14062301814556122
51030,0.20696426928043365
51031,0.20045818388462067
51032,0.16244204342365265
51033,0.18909861147403717
51034,0.2505667507648468
51035,0.13902288675308228
51036,0.22722561657428741
51037,0.19967646896839142
51038,0.12699438631534576
51039,0.2124527245759964
51040,0.23275133967399597
51041,0.2386099100112915
51042,0.22343464195728302
51043,0.1503249704837799
51044,0.22519265115261078
51045,0.2604827582836151
51046,0.20427361130714417
51047,0.11978309601545334
51048,0.16109314560890198
51049,0.22009779512882233
51050,0.1642649620771408
51051,0.3254215717315674
51052,0.2511391341686249
51053,0.15806934237480164
51054,0.4014834761619568
51055,0.22381512820720673
51056,0.22208420932292938
51057,0.2870696187019348
51058,0.19099140167236328
51059,0.26895326375961304
51060,0.19951047003269196
51061,0.19567906856536865
51062,0.24829120934009552
51063,0.19492195546627045
51064,0.41725125908851624
51065,0.24015311896800995
51066,0.17958642542362213
51067,0.16055510938167572
51068,0.16098544001579285
51069,0.18845704197883606
51070,0.18134565651416779
51071,0.28689685463905334
51072,0.30238649249076843
51073,0.2715972363948822
51074,0.19284622371196747
51075,0.14144928753376007
51076,0.13856782019138336
51077,0.2951001524925232
51078,0.18271411955356598
51079,0.1431117206811905
51080,0.11979732662439346
51081,0.14723874628543854
51082,0.26489171385765076
51083,0.22641521692276
51084,0.19484587013721466
51085,0.15190386772155762
51086,0.15480643510818481
51087,0.16871151328086853
51088,0.14094986021518707
51089,0.12279880046844482
51090,0.10667867958545685
51091,0.12163484841585159
51092,0.23887911438941956
51093,0.07538707554340363
51094,0.11800999939441681
51095,0.232474222779274
51096,0.13348278403282166
51097,0.1115361899137497
51098,0.2619337737560272
51099,0.17346733808517456
51100,0.18122592568397522
51101,0.2481040358543396
51102,0.31841418147087097
51103,0.21854010224342346
51104,0.1879626363515854
51105,0.19661210477352142
51106,0.18517723679542542
51107,0.1930791586637497
51108,0.2962087094783783
51109,0.2704390585422516
51110,0.18761466443538666
51111,0.2879948616027832
51112,0.18361999094486237
51113,0.22229789197444916
51114,0.22689121961593628
51115,0.2231374830007553
51116,0.22121930122375488
51117,0.21627339720726013
51118,0.23574338853359222
51119,0.12288585305213928
51120,0.19584503769874573
51121,0.18771767616271973
51122,0.2743517756462097
51123,0.17635482549667358
51124,0.25022485852241516
51125,0.1568221002817154
51126,0.11844206601381302
51127,0.15411075949668884
51128,0.18114809691905975
51129,0.17183716595172882
51130,0.31736305356025696
51131,0.2629009485244751
51132,0.20352265238761902
51133,0.16271165013313293
51134,0.24334461987018585
51135,0.30553287267684937
51136,0.2065630555152893
51137,0.258431613445282
51138,0.21414558589458466
51139,0.1598697006702423
51140,0.20967429876327515
51141,0.20301586389541626
51142,0.24709583818912506
51143,0.20732520520687103
51144,0.2141425609588623
51145,0.1879444569349289
51146,0.21259398758411407
51147,0.16091720759868622
51148,0.15776196122169495
51149,0.15723291039466858
51150,0.2517026364803314
51151,0.23848189413547516
51152,0.20796971023082733
51153,0.23339401185512543
51154,0.23642262816429138
51155,0.3140615224838257
51156,0.2745564877986908
51157,0.2739984393119812
51158,0.3409712314605713
51159,0.3236877918243408
51160,0.2151363343000412
51161,0.13294577598571777
51162,0.2029847800731659
51163,0.16006432473659515
51164,0.1933905929327011
51165,0.22690974175930023
51166,0.23450493812561035
51167,0.22625498473644257
51168,0.2247401475906372
51169,0.18931610882282257
51170,0.2683130204677582
51171,0.2600996196269989
51172,0.30719706416130066
51173,0.24509185552597046
51174,0.18145813047885895
51175,0.18565025925636292
51176,0.2196105420589447
51177,0.23958560824394226
51178,0.20539894700050354
51179,0.24136659502983093
51180,0.22185231745243073
51181,0.19637642800807953
51182,0.21573300659656525
51183,0.1901785135269165
51184,0.25091439485549927
51185,0.27108222246170044
51186,0.20090734958648682
51187,0.16896474361419678
51188,0.19976301491260529
51189,0.21664677560329437
51190,0.13812366127967834
51191,0.19036906957626343
51192,0.21467339992523193
51193,0.19356751441955566
51194,0.15599161386489868
51195,0.188498392701149
51196,0.15179874002933502
51197,0.17878933250904083
51198,0.22673463821411133
51199,0.23850415647029877
51200,0.2049611508846283
51201,0.18666473031044006
51202,0.20753060281276703
51203,0.15242913365364075
51204,0.1883392333984375
51205,0.09371210634708405
51206,0.19613713026046753
51207,0.2886424660682678
51208,0.19209013879299164
51209,0.2375125139951706
51210,0.22815218567848206
51211,0.16587288677692413
51212,0.15470854938030243
51213,0.16856348514556885
51214,0.2812107503414154
51215,0.24255073070526123
51216,0.33076053857803345
51217,0.28674939274787903
51218,0.21737784147262573
51219,0.2621290981769562
51220,0.15993085503578186
51221,0.1843581348657608
51222,0.15966010093688965
51223,0.20281843841075897
51224,0.17406606674194336
51225,0.18168213963508606
51226,0.19478826224803925
51227,0.28360769152641296
51228,0.3032079041004181
51229,0.19093534350395203
51230,0.2399030476808548
51231,0.16814731061458588
51232,0.14809902012348175
51233,0.18042555451393127
51234,0.16725118458271027
51235,0.20953403413295746
51236,0.20397663116455078
51237,0.19092881679534912
51238,0.09477666765451431
51239,0.19150076806545258
51240,0.22640857100486755
51241,0.2932989001274109
51242,0.12296368181705475
51243,0.2129926234483719
51244,0.19605781137943268
51245,0.13408461213111877
51246,0.14434999227523804
51247,0.1381535828113556
51248,0.13765959441661835
51249,0.12766069173812866
51250,0.1422346979379654
51251,0.14231982827186584
51252,0.1405893862247467
51253,0.17064489424228668
51254,0.1560196727514267
51255,0.1644788235425949
51256,0.1617569774389267
51257,0.1924567073583603
51258,0.19986090064048767
51259,0.20214979350566864
51260,0.1846431940793991
51261,0.19642946124076843
51262,0.18444181978702545
51263,0.2023293823003769
51264,0.1983695924282074
51265,0.16863778233528137
51266,0.16006064414978027
51267,0.17836572229862213
51268,0.15835073590278625
51269,0.16204920411109924
51270,0.16200372576713562
51271,0.1472584754228592
51272,0.17283682525157928
51273,0.16717584431171417
51274,0.18150320649147034
51275,0.16099262237548828
51276,0.152936190366745
51277,0.16036485135555267
51278,0.30593204498291016
51279,0.3941918909549713
51280,0.24969318509101868
51281,0.17414668202400208
51282,0.23851415514945984
51283,0.1698443591594696
51284,0.20111338794231415
51285,0.18555335700511932
51286,0.24529485404491425
51287,0.23046700656414032
51288,0.22568508982658386
51289,0.29444420337677
51290,0.23598849773406982
51291,0.24834363162517548
51292,0.22305865585803986
51293,0.22027288377285004
51294,0.2321450263261795
51295,0.19550442695617676
51296,0.2082863748073578
51297,0.18919651210308075
51298,0.2097875028848648
51299,0.23298750817775726
51300,0.1945473551750183
51301,0.17917314171791077
51302,0.17137733101844788
51303,0.24171558022499084
51304,0.25452256202697754
51305,0.23897366225719452
51306,0.18084517121315002
51307,0.10439708083868027
51308,0.16240720450878143
51309,0.2417551726102829
51310,0.3159814476966858
51311,0.18743638694286346
51312,0.25422021746635437
51313,0.16602446138858795
51314,0.21370939910411835
51315,0.2594732344150543
51316,0.22820830345153809
51317,0.23625819385051727
51318,0.2906014919281006
51319,0.28359735012054443
51320,0.20309102535247803
51321,0.21970412135124207
51322,0.2531113028526306
51323,0.20279236137866974
51324,0.15101881325244904
51325,0.19673213362693787
51326,0.13543950021266937
51327,0.18489031493663788
51328,0.13529326021671295
51329,0.16648493707180023
51330,0.25410932302474976
51331,0.18395166099071503
51332,0.22865794599056244
51333,0.20425890386104584
51334,0.21388250589370728
51335,0.185606449842453
51336,0.2109445482492447
51337,0.18000420928001404
51338,0.2885233461856842
51339,0.32219669222831726
51340,0.10153190791606903
51341,0.20651227235794067
51342,0.05646726116538048
51343,0.2352258861064911
51344,0.20967666804790497
51345,0.21624420583248138
51346,0.13651937246322632
51347,0.25702595710754395
51348,0.2248413860797882
51349,0.18468162417411804
51350,0.16900378465652466
51351,0.16601184010505676
51352,0.16498148441314697
51353,0.17357918620109558
51354,0.17359420657157898
51355,0.1697991043329239
51356,0.1543034017086029
51357,0.20186947286128998
51358,0.18575738370418549
51359,0.20757479965686798
51360,0.2018435001373291
51361,0.21072374284267426
51362,0.20774394273757935
51363,0.2016722410917282
51364,0.20299793779850006
51365,0.1944921612739563
51366,0.18524345755577087
51367,0.1940232515335083
51368,0.20633986592292786
51369,0.2059665322303772
51370,0.17610323429107666
51371,0.1863577663898468
51372,0.18809184432029724
51373,0.19153660535812378
51374,0.21551573276519775
51375,0.20795601606369019
51376,0.22707045078277588
51377,0.23902194201946259
51378,0.24368788301944733
51379,0.22755436599254608
51380,0.24421048164367676
51381,0.1853005290031433
51382,0.23263587057590485
51383,0.20204859972000122
51384,0.17441928386688232
51385,0.13850918412208557
51386,0.16135285794734955
51387,0.18006852269172668
51388,0.18444713950157166
51389,0.19331271946430206
51390,0.19924336671829224
51391,0.19132931530475616
51392,0.1792384386062622
51393,0.21747583150863647
51394,0.221396803855896
51395,0.16793549060821533
51396,0.16232389211654663
51397,0.15578177571296692
51398,0.1526300460100174
51399,0.15492501854896545
51400,0.1378640979528427
51401,0.14804495871067047
51402,0.1748644858598709
51403,0.14636799693107605
51404,0.1531224250793457
51405,0.16681000590324402
51406,0.15576954185962677
51407,0.18567466735839844
51408,0.17664138972759247
51409,0.15109385550022125
51410,0.13238860666751862
51411,0.13949163258075714
51412,0.13850928843021393
51413,0.15970733761787415
51414,0.14996254444122314
51415,0.14228062331676483
51416,0.1445193737745285
51417,0.14174440503120422
51418,0.14783447980880737
51419,0.17906448245048523
51420,0.2169087827205658
51421,0.2188379168510437
51422,0.25217482447624207
51423,0.23417526483535767
51424,0.22816090285778046
51425,0.20510868728160858
51426,0.22235679626464844
51427,0.2445678412914276
51428,0.22804488241672516
51429,0.20643825829029083
51430,0.19567804038524628
51431,0.20945852994918823
51432,0.2223905771970749
51433,0.20869964361190796
51434,0.20583131909370422
51435,0.19961681962013245
51436,0.21444402635097504
51437,0.21007826924324036
51438,0.2279142439365387
51439,0.23172107338905334
51440,0.1925012171268463
51441,0.19742608070373535
51442,0.2363104671239853
51443,0.2155492752790451
51444,0.2085399031639099
51445,0.24794282019138336
51446,0.16445964574813843
51447,0.17517614364624023
51448,0.176873117685318
51449,0.17763206362724304
51450,0.1980474293231964
51451,0.17696143686771393
51452,0.1766921877861023
51453,0.18816465139389038
51454,0.19361495971679688
51455,0.1644621044397354
51456,0.14888259768486023
51457,0.1662086695432663
51458,0.1792713701725006
51459,0.16422902047634125
51460,0.18155768513679504
51461,0.19019465148448944
51462,0.18499839305877686
51463,0.20863117277622223
51464,0.1980118304491043
51465,0.18451714515686035
51466,0.18684595823287964
51467,0.17094413936138153
51468,0.1551472693681717
51469,0.17085912823677063
51470,0.17334401607513428
51471,0.20058423280715942
51472,0.17525364458560944
51473,0.19236283004283905
51474,0.18088220059871674
51475,0.19914235174655914
51476,0.20689591765403748
51477,0.23928575217723846
51478,0.24033834040164948
51479,0.2428371012210846
51480,0.2123386561870575
51481,0.2123386561870575
51482,0.23526285588741302
51483,0.24499227106571198
51484,0.19889308512210846
51485,0.20197001099586487
51486,0.19694295525550842
51487,0.24967734515666962
51488,0.2559601068496704
51489,0.26553311944007874
51490,0.25325119495391846
51491,0.24261760711669922
51492,0.25814852118492126
51493,0.1826135516166687
51494,0.16420474648475647
51495,0.15568208694458008
51496,0.15003803372383118
51497,0.14968539774417877
51498,0.1519983410835266
51499,0.15828955173492432
51500,0.16375832259655
51501,0.18867459893226624
51502,0.16985610127449036
51503,0.1732783019542694
51504,0.1405927687883377
51505,0.18097560107707977
51506,0.20260584354400635
51507,0.19637709856033325
51508,0.17138780653476715
51509,0.14369411766529083
51510,0.15679754316806793
51511,0.1291559785604477
51512,0.16792979836463928
51513,0.22303391993045807
51514,0.22763095796108246
51515,0.2485191971063614
51516,0.26451146602630615
51517,0.255464643239975
51518,0.25929421186447144
51519,0.23802973330020905
51520,0.2672211825847626
51521,0.29321035742759705
51522,0.2816421091556549
51523,0.2492920607328415
51524,0.24782752990722656
51525,0.23509663343429565
51526,0.18798799812793732
51527,0.22679045796394348
51528,0.2512362003326416
51529,0.25902992486953735
51530,0.2156255841255188
51531,0.29661494493484497
51532,0.1428571492433548
51533,0.1976374089717865
51534,0.19584771990776062
51535,0.22865958511829376
51536,0.2864592671394348
51537,0.20714420080184937
51538,0.2299206405878067
51539,0.24889566004276276
51540,0.233811154961586
51541,0.2388104349374771
51542,0.20717844367027283
51543,0.23633167147636414
51544,0.2539735436439514
51545,0.2574968636035919
51546,0.29101505875587463
51547,0.30274227261543274
51548,0.3264753222465515
51549,0.33452245593070984
51550,0.3156753480434418
51551,0.2951749265193939
51552,0.23182803392410278
51553,0.2299022525548935
51554,0.2557416558265686
51555,0.24985630810260773
51556,0.26490649580955505
51557,0.26873907446861267
51558,0.3018361032009125
51559,0.27080994844436646
51560,0.2510889768600464
51561,0.17475350201129913
51562,0.15800471603870392
51563,0.15275298058986664
51564,0.13753221929073334
51565,0.12009184062480927
51566,0.11475643515586853
51567,0.12020796537399292
51568,0.1294458955526352
51569,0.13682784140110016
51570,0.14086847007274628
51571,0.20331817865371704
51572,0.18330754339694977
51573,0.17885780334472656
51574,0.19486624002456665
51575,0.20606520771980286
51576,0.18192443251609802
51577,0.15838515758514404
51578,0.13706520199775696
51579,0.1246257871389389
51580,0.12814795970916748
51581,0.12066806107759476
51582,0.108247309923172
51583,0.11567101627588272
51584,0.180526465177536
51585,0.2179141789674759
51586,0.19103792309761047
51587,0.14381493628025055
51588,0.188701793551445
51589,0.22847799956798553
51590,0.2408774346113205
51591,0.23472170531749725
51592,0.22770993411540985
51593,0.20764245092868805
51594,0.18838918209075928
51595,0.18747657537460327
51596,0.17704087495803833
51597,0.18314431607723236
51598,0.17925366759300232
51599,0.16606026887893677
51600,0.17055413126945496
51601,0.17591492831707
51602,0.19629532098770142
51603,0.16568073630332947
51604,0.18794409930706024
51605,0.19038347899913788
51606,0.19894465804100037
51607,0.19366338849067688
51608,0.1926761120557785
51609,0.17932239174842834
51610,0.1995035707950592
51611,0.19368021190166473
51612,0.19348134100437164
51613,0.17226748168468475
51614,0.1751689910888672
51615,0.1875513643026352
51616,0.1983242928981781
51617,0.19223380088806152
51618,0.1679018884897232
51619,0.19168978929519653
51620,0.19224593043327332
51621,0.21633927524089813
51622,0.1993389129638672
51623,0.20297746360301971
51624,0.22128844261169434
51625,0.18035325407981873
51626,0.19777452945709229
51627,0.1517896205186844
51628,0.1763945370912552
51629,0.1644083559513092
51630,0.1854228377342224
51631,0.18872465193271637
51632,0.19702327251434326
51633,0.18780000507831573
51634,0.19100321829319
51635,0.2104024738073349
51636,0.18627043068408966
51637,0.1909327507019043
51638,0.19257564842700958
51639,0.1977504938840866
51640,0.18556645512580872
51641,0.18307718634605408
51642,0.1702907234430313
51643,0.18293017148971558
51644,0.1425008326768875
51645,0.13097847998142242
51646,0.1528778374195099
51647,0.14831170439720154
51648,0.16704876720905304
51649,0.19270983338356018
51650,0.20012080669403076
51651,0.20069730281829834
51652,0.18693678081035614
51653,0.16563628613948822
51654,0.15827690064907074
51655,0.15378324687480927
51656,0.17321975529193878
51657,0.22539612650871277
51658,0.15281395614147186
51659,0.1915091574192047
51660,0.1851091831922531
51661,0.19444264471530914
51662,0.16553524136543274
51663,0.17257945239543915
51664,0.1490323841571808
51665,0.1674882471561432
51666,0.17684775590896606
51667,0.17326028645038605
51668,0.15239253640174866
51669,0.1666901409626007
51670,0.16161566972732544
51671,0.18274731934070587
51672,0.16875579953193665
51673,0.2279975265264511
51674,0.22604981064796448
51675,0.19997942447662354
51676,0.16164368391036987
51677,0.1634642779827118
51678,0.14675073325634003
51679,0.16920922696590424
51680,0.08586853742599487
51681,0.16789831221103668
51682,0.1690344214439392
51683,0.20081552863121033
51684,0.14881615340709686
51685,0.19035223126411438
51686,0.14952430129051208
51687,0.21254150569438934
51688,0.20846490561962128
51689,0.11827759444713593
51690,0.16686071455478668
51691,0.21478989720344543
51692,0.1689225435256958
51693,0.11119891703128815
51694,0.09225291758775711
51695,0.11638090759515762
51696,0.17182257771492004
51697,0.15536993741989136
51698,0.20229047536849976
51699,0.29442310333251953
51700,0.03857366740703583
51701,0.1756727248430252
51702,0.11968691647052765
51703,0.20160655677318573
51704,0.21937835216522217
51705,0.21419577300548553
51706,0.3010915517807007
51707,0.10944435000419617
51708,0.15651671588420868
51709,0.1678861677646637
51710,0.17313462495803833
51711,0.16581133008003235
51712,0.19045411050319672
51713,0.33451053500175476
51714,0.28972187638282776
51715,0.22191758453845978
51716,0.3713768720626831
51717,0.1473926156759262
51718,0.19418935477733612
51719,0.32212159037590027
51720,0.2589986026287079
51721,0.18479879200458527
51722,0.23723113536834717
51723,0.3402479887008667
51724,0.3241139352321625
51725,0.3226543664932251
51726,0.37785831093788147
51727,0.29628676176071167
51728,0.23874078691005707
51729,0.14027805626392365
51730,0.21104705333709717
51731,0.30368101596832275
51732,0.09610383957624435
51733,0.3032684922218323
51734,0.2905628979206085
51735,0.1852748841047287
51736,0.24239161610603333
51737,0.14527243375778198
51738,0.163485586643219
51739,0.07953143864870071
51740,0.14539116621017456
51741,0.19351032376289368
51742,0.17884379625320435
51743,0.22499524056911469
51744,0.197487473487854
51745,0.18119195103645325
51746,0.443179190158844
51747,0.20810793340206146
51748,0.15701527893543243
51749,0.13949820399284363
51750,0.20108649134635925
51751,0.18498961627483368
51752,0.18930435180664062
51753,0.25353625416755676
51754,0.36008113622665405
51755,0.3330349624156952
51756,0.16270533204078674
51757,0.1286269575357437
51758,0.4269026219844818
51759,0.3602718114852905
51760,0.0811544880270958
51761,0.31580308079719543
51762,0.33509892225265503
51763,0.32496175169944763
51764,0.38259196281433105
51765,0.19906745851039886
51766,0.26154690980911255
51767,0.10749007016420364
51768,0.10693757236003876
51769,0.22271789610385895
51770,0.19021384418010712
51771,0.1779542714357376
51772,0.22798675298690796
51773,0.20110216736793518
51774,0.22833921015262604
51775,0.3188979923725128
51776,0.32102394104003906
51777,0.32446515560150146
51778,0.13971951603889465
51779,0.19437487423419952
51780,0.2288830280303955
51781,0.1714174598455429
51782,0.2318105548620224
51783,0.28319209814071655
51784,0.16369841992855072
51785,0.3577363193035126
51786,0.2629223167896271
51787,0.29081830382347107
51788,0.2649831771850586
51789,0.16967229545116425
51790,0.23789842426776886
51791,0.22891102731227875
51792,0.21316610276699066
51793,0.2850203514099121
51794,0.2617328464984894
51795,0.2216780036687851
51796,0.22480879724025726
51797,0.21191489696502686
51798,0.26521730422973633
51799,0.33141010999679565
51800,0.23278066515922546
51801,0.1651737540960312
51802,0.2094637155532837
51803,0.20924505591392517
51804,0.17683114111423492
51805,0.18113024532794952
51806,0.18722157180309296
51807,0.20621538162231445
51808,0.17899632453918457
51809,0.18738435208797455
51810,0.21495302021503448
51811,0.219206765294075
51812,0.17473791539669037
51813,0.1545623242855072
51814,0.183383971452713
51815,0.18517933785915375
51816,0.19270218908786774
51817,0.20653963088989258
51818,0.2458365261554718
51819,0.2328956425189972
51820,0.2189990133047104
51821,0.24502825736999512
51822,0.2968254089355469
51823,0.1471002697944641
51824,0.18140718340873718
51825,0.2008836418390274
51826,0.21920892596244812
51827,0.24470169842243195
51828,0.21870797872543335
51829,0.22711628675460815
51830,0.24673102796077728
51831,0.2089463770389557
51832,0.26570114493370056
51833,0.2320224493741989
51834,0.20865148305892944
51835,0.18693754076957703
51836,0.1868501603603363
51837,0.18431079387664795
51838,0.13866764307022095
51839,0.1811760812997818
51840,0.23132912814617157
51841,0.23991899192333221
51842,0.1819467395544052
51843,0.2064974457025528
51844,0.15995261073112488
51845,0.24121463298797607
51846,0.19967451691627502
51847,0.1540486067533493
51848,0.15654130280017853
51849,0.09687918424606323
51850,0.11773087829351425
51851,0.10867264866828918
51852,0.2505161464214325
51853,0.2344532608985901
51854,0.18438157439231873
51855,0.2647220194339752
51856,0.32790255546569824
51857,0.25853481888771057
51858,0.18074454367160797
51859,0.2352522313594818
51860,0.3177799582481384
51861,0.2022036761045456
51862,0.19943884015083313
51863,0.19907337427139282
51864,0.308370977640152
51865,0.19491611421108246
51866,0.18837019801139832
51867,0.23178228735923767
51868,0.2217632681131363
51869,0.27119314670562744
51870,0.18346112966537476
51871,0.23078569769859314
51872,0.18464134633541107
51873,0.17210617661476135
51874,0.17778417468070984
51875,0.24100759625434875
51876,0.25450071692466736
51877,0.18497073650360107
51878,0.2339063435792923
51879,0.2505545914173126
51880,0.13967664539813995
51881,0.15835385024547577
51882,0.1940123736858368
51883,0.22670771181583405
51884,0.17056980729103088
51885,0.15253740549087524
51886,0.2033463418483734
51887,0.1672985702753067
51888,0.19589224457740784
51889,0.17070604860782623
51890,0.27570271492004395
51891,0.22253668308258057
51892,0.395211786031723
51893,0.5107843279838562
51894,0.45663997530937195
51895,0.313583105802536
51896,0.2882905602455139
51897,0.3033201992511749
51898,0.23300714790821075
51899,0.1985420137643814
51900,0.14002974331378937
51901,0.2462252825498581
51902,0.23864293098449707
51903,0.29389360547065735
51904,0.1925627738237381
51905,0.3055918514728546
51906,0.26441454887390137
51907,0.25430598855018616
51908,0.26911330223083496
51909,0.34735578298568726
51910,0.37520429491996765
51911,0.3023739755153656
51912,0.2281934767961502
51913,0.20029190182685852
51914,0.3032085597515106
51915,0.2073209285736084
51916,0.2725805938243866
51917,0.30776447057724
51918,0.2950078248977661
51919,0.3053866922855377
51920,0.282453328371048
51921,0.23017308115959167
51922,0.1801326721906662
51923,0.2583281397819519
51924,0.1631893366575241
51925,0.12217281758785248
51926,0.1445951908826828
51927,0.25998592376708984
51928,0.13821637630462646
51929,0.19784870743751526
51930,0.16409887373447418
51931,0.21239720284938812
51932,0.18481113016605377
51933,0.18940956890583038
51934,0.218716561794281
51935,0.24657496809959412
51936,0.24195116758346558
51937,0.24739877879619598
51938,0.2671809792518616
51939,0.1345769166946411
51940,0.17800875008106232
51941,0.28243744373321533
51942,0.3307819664478302
51943,0.22006329894065857
51944,0.20897625386714935
51945,0.2511337697505951
51946,0.24480414390563965
51947,0.1862410604953766
51948,0.22131483256816864
51949,0.2777877151966095
51950,0.2981710433959961
51951,0.2611919641494751
51952,0.29816296696662903
51953,0.22197701036930084
51954,0.17387568950653076
51955,0.14744709432125092
51956,0.16934102773666382
51957,0.22647078335285187
51958,0.2624603509902954
51959,0.25653332471847534
51960,0.23691219091415405
51961,0.30034545063972473
51962,0.24425390362739563
51963,0.3135151267051697
51964,0.23617440462112427
51965,0.19842836260795593
51966,0.2047191560268402
51967,0.2044072449207306
51968,0.1933528184890747
51969,0.21275238692760468
51970,0.17557266354560852
51971,0.20638270676136017
51972,0.25511133670806885
51973,0.36445650458335876
51974,0.22439129650592804
51975,0.2352733612060547
51976,0.21122388541698456
51977,0.19889695942401886
51978,0.19875769317150116
51979,0.20792728662490845
51980,0.21356602013111115
51981,0.21736235916614532
51982,0.3216171860694885
51983,0.38841381669044495
51984,0.2486148178577423
51985,0.16647307574748993
51986,0.2126377671957016
51987,0.22488000988960266
51988,0.2795797288417816
51989,0.18765617907047272
51990,0.21740278601646423
51991,0.1562470644712448
51992,0.1711183488368988
51993,0.09721562266349792
51994,0.26210227608680725
51995,0.3604550063610077
51996,0.2687441408634186
51997,0.21756620705127716
51998,0.19997109472751617
51999,0.23579756915569305
52000,0.23822574317455292
52001,0.19301986694335938
52002,0.23275399208068848
52003,0.19066907465457916
52004,0.2140273153781891
52005,0.20025110244750977
52006,0.16694915294647217
52007,0.16521421074867249
52008,0.1474328488111496
52009,0.1561884731054306
52010,0.1720399707555771
52011,0.23254308104515076
52012,0.21154658496379852
52013,0.19437754154205322
52014,0.22000715136528015
52015,0.17867399752140045
52016,0.18080618977546692
52017,0.26958394050598145
52018,0.2516757845878601
52019,0.20796892046928406
52020,0.2031274139881134
52021,0.19832807779312134
52022,0.17850416898727417
52023,0.15922951698303223
52024,0.16944821178913116
52025,0.22912736237049103
52026,0.25073549151420593
52027,0.2520320415496826
52028,0.2865075469017029
52029,0.25492241978645325
52030,0.25030073523521423
52031,0.2287115752696991
52032,0.23025710880756378
52033,0.23996056616306305
52034,0.2406921684741974
52035,0.22986501455307007
52036,0.2965392768383026
52037,0.19844017922878265
52038,0.194747656583786
52039,0.1864479035139084
52040,0.2041492462158203
52041,0.2235809564590454
52042,0.17056673765182495
52043,0.20579148828983307
52044,0.2598556876182556
52045,0.1893242597579956
52046,0.22630995512008667
52047,0.309818834066391
52048,0.3181726932525635
52049,0.1833019107580185
52050,0.3567977547645569
52051,0.1995970755815506
52052,0.2383008897304535
52053,0.3043352961540222
52054,0.21708959341049194
52055,0.16748996078968048
52056,0.17531880736351013
52057,0.18159060180187225
52058,0.19592058658599854
52059,0.2181549072265625
52060,0.20594747364521027
52061,0.23744866251945496
52062,0.3532446622848511
52063,0.20286773145198822
52064,0.20287449657917023
52065,0.16642653942108154
52066,0.13356399536132812
52067,0.22569766640663147
52068,0.17674198746681213
52069,0.20966027677059174
52070,0.21816705167293549
52071,0.16882386803627014
52072,0.16546854376792908
52073,0.15574680268764496
52074,0.13520309329032898
52075,0.2826686203479767
52076,0.16151122748851776
52077,0.22695496678352356
52078,0.104923777282238
52079,0.28228268027305603
52080,0.13485810160636902
52081,0.20546014606952667
52082,0.21886341273784637
52083,0.23628951609134674
52084,0.2442561239004135
52085,0.3543703258037567
52086,0.3182876706123352
52087,0.35311076045036316
52088,0.23028714954853058
52089,0.2629922926425934
52090,0.2569218575954437
52091,0.24500827491283417
52092,0.15301376581192017
52093,0.224850594997406
52094,0.17666377127170563
52095,0.24876521527767181
52096,0.2037094235420227
52097,0.21176256239414215
52098,0.12263642996549606
52099,0.11586982756853104
52100,0.141170933842659
52101,0.16630296409130096
52102,0.1648429036140442
52103,0.19293412566184998
52104,0.16363993287086487
52105,0.1289132684469223
52106,0.25857189297676086
52107,0.2214333862066269
52108,0.17595839500427246
52109,0.2738714814186096
52110,0.28251078724861145
52111,0.1022096797823906
52112,0.15783768892288208
52113,0.1944742500782013
52114,0.24975237250328064
52115,0.21517091989517212
52116,0.23584863543510437
52117,0.32165440917015076
52118,0.21745195984840393
52119,0.2476918250322342
52120,0.25032103061676025
52121,0.2531717121601105
52122,0.27656635642051697
52123,0.3056057095527649
52124,0.28889986872673035
52125,0.21604278683662415
52126,0.2603837847709656
52127,0.232141375541687
52128,0.2608460485935211
52129,0.2229069471359253
52130,0.2972196936607361
52131,0.3169921338558197
52132,0.24660010635852814
52133,0.22626307606697083
52134,0.25404176115989685
52135,0.27100545167922974
52136,0.237832173705101
52137,0.26069533824920654
52138,0.3032529652118683
52139,0.2799450755119324
52140,0.24778148531913757
52141,0.20187760889530182
52142,0.2791914939880371
52143,0.3433847725391388
52144,0.3779481053352356
52145,0.24348312616348267
52146,0.2306039184331894
52147,0.21893258392810822
52148,0.24345259368419647
52149,0.24458400905132294
52150,0.2800328731536865
52151,0.2994546890258789
52152,0.30053484439849854
52153,0.28244954347610474
52154,0.22035668790340424
52155,0.22788283228874207
52156,0.2688642740249634
52157,0.23444685339927673
52158,0.22018326818943024
52159,0.2599684000015259
52160,0.2864718735218048
52161,0.2840925455093384
52162,0.08717864751815796
52163,0.16399188339710236
52164,0.17477044463157654
52165,0.2122136652469635
52166,0.30034616589546204
52167,0.24905148148536682
52168,0.18356670439243317
52169,0.16277550160884857
52170,0.1562357097864151
52171,0.15047556161880493
52172,0.15932230651378632
52173,0.1442055106163025
52174,0.2573316693305969
52175,0.22957028448581696
52176,0.22594092786312103
52177,0.229291632771492
52178,0.23759423196315765
52179,0.23289163410663605
52180,0.19049322605133057
52181,0.2203606367111206
52182,0.2112179398536682
52183,0.21683645248413086
52184,0.219656839966774
52185,0.2990614175796509
52186,0.25245657563209534
52187,0.19700966775417328
52188,0.19619974493980408
52189,0.178872212767601
52190,0.2316189557313919
52191,0.25757238268852234
52192,0.23257581889629364
52193,0.14680582284927368
52194,0.08634171634912491
52195,0.1352311223745346
52196,0.08285028487443924
52197,0.09263748675584793
52198,0.15033118426799774
52199,0.1085675060749054
52200,0.107696533203125
52201,0.11938659101724625
52202,0.1382046937942505
52203,0.12732072174549103
52204,0.12304383516311646
52205,0.11490906774997711
52206,0.09528595954179764
52207,0.09521430730819702
52208,0.10597917437553406
52209,0.11748453974723816
52210,0.12146823108196259
52211,0.12230785936117172
52212,0.12425879389047623
52213,0.10581889748573303
52214,0.09864945709705353
52215,0.0881444439291954
52216,0.07087650895118713
52217,0.06724407523870468
52218,0.09425809979438782
52219,0.10135801136493683
52220,0.10747364163398743
52221,0.10589504987001419
52222,0.10313920676708221
52223,0.12210074812173843
52224,0.12813924252986908
52225,0.07861019670963287
52226,0.07299608737230301
52227,0.0828491747379303
52228,0.08604544401168823
52229,0.0937347412109375
52230,0.10142728686332703
52231,0.09968309104442596
52232,0.10008914023637772
52233,0.11452339589595795
52234,0.11274123936891556
52235,0.10215414315462112
52236,0.13888369500637054
52237,0.10805970430374146
52238,0.08669735491275787
52239,0.09264082461595535
52240,0.0955900251865387
52241,0.09179318696260452
52242,0.09253587573766708
52243,0.10890524089336395
52244,0.1127404123544693
52245,0.0894351378083229
52246,0.11843695491552353
52247,0.1352137178182602
52248,0.1308157742023468
52249,0.1199503242969513
52250,0.10475925356149673
52251,0.11881949752569199
52252,0.11568209528923035
52253,0.09054087102413177
52254,0.07519476860761642
52255,0.07282552868127823
52256,0.1485135704278946
52257,0.1224680095911026
52258,0.12655611336231232
52259,0.15460188686847687
52260,0.13124597072601318
52261,0.13599622249603271
52262,0.12936997413635254
52263,0.13224785029888153
52264,0.12247838079929352
52265,0.130661278963089
52266,0.13531045615673065
52267,0.15580706298351288
52268,0.14707638323307037
52269,0.1533975601196289
52270,0.1553145796060562
52271,0.1609177589416504
52272,0.15690767765045166
52273,0.17009727656841278
52274,0.16132354736328125
52275,0.1663985699415207
52276,0.1407684087753296
52277,0.12379983812570572
52278,0.12887220084667206
52279,0.13840466737747192
52280,0.15595485270023346
52281,0.14853385090827942
52282,0.1454872041940689
52283,0.14866994321346283
52284,0.14140602946281433
52285,0.13290461897850037
52286,0.13472647964954376
52287,0.13599780201911926
52288,0.12116691470146179
52289,0.1205642819404602
52290,0.15316370129585266
52291,0.16265389323234558
52292,0.34251657128334045
52293,0.2884075343608856
52294,0.3029438853263855
52295,0.11680778861045837
52296,0.28965792059898376
52297,0.28530338406562805
52298,0.18361730873584747
52299,0.17823098599910736
52300,0.1280231773853302
52301,0.1568823754787445
52302,0.2596871554851532
52303,0.28214311599731445
52304,0.23579035699367523
52305,0.2535729706287384
52306,0.3368379473686218
52307,0.3523927927017212
52308,0.27227768301963806
52309,0.2531607747077942
52310,0.2617355287075043
52311,0.27427414059638977
52312,0.23563168942928314
52313,0.33200782537460327
52314,0.31943169236183167
52315,0.33953148126602173
52316,0.28508347272872925
52317,0.16388246417045593
52318,0.18921048939228058
52319,0.18768489360809326
52320,0.20432616770267487
52321,0.20302702486515045
52322,0.18140265345573425
52323,0.18398204445838928
52324,0.1797494739294052
52325,0.1807807981967926
52326,0.16840359568595886
52327,0.16793926060199738
52328,0.15757936239242554
52329,0.1188853532075882
52330,0.19262634217739105
52331,0.19120395183563232
52332,0.17462922632694244
52333,0.19164633750915527
52334,0.18952834606170654
52335,0.21215644478797913
52336,0.17749963700771332
52337,0.20853713154792786
52338,0.16203081607818604
52339,0.17105984687805176
52340,0.16370248794555664
52341,0.15600207448005676
52342,0.13350218534469604
52343,0.16362212598323822
52344,0.15261313319206238
52345,0.15434923768043518
52346,0.1658221036195755
52347,0.19708658754825592
52348,0.19969859719276428
52349,0.15395896136760712
52350,0.1613655537366867
52351,0.15868352353572845
52352,0.18905290961265564
52353,0.18785563111305237
52354,0.18872134387493134
52355,0.18416933715343475
52356,0.17636726796627045
52357,0.18558953702449799
52358,0.18029500544071198
52359,0.20111717283725739
52360,0.21659807860851288
52361,0.18264202773571014
52362,0.21203294396400452
52363,0.19178356230258942
52364,0.1806292086839676
52365,0.18334175646305084
52366,0.1838829517364502
52367,0.1891625076532364
52368,0.20364493131637573
52369,0.2514704465866089
52370,0.2678638994693756
52371,0.2592827081680298
52372,0.23491959273815155
52373,0.1856738030910492
52374,0.20233729481697083
52375,0.23485270142555237
52376,0.21685871481895447
52377,0.17631864547729492
52378,0.16132555902004242
52379,0.16418050229549408
52380,0.15708515048027039
52381,0.1320732980966568
52382,0.12265100330114365
52383,0.1361483484506607
52384,0.12393517047166824
52385,0.127354696393013
52386,0.12730400264263153
52387,0.1539275050163269
52388,0.17360880970954895
52389,0.18412990868091583
52390,0.17039449512958527
52391,0.17070867121219635
52392,0.18504318594932556
52393,0.17069953680038452
52394,0.16601331532001495
52395,0.17311245203018188
52396,0.12302897870540619
52397,0.1313483715057373
52398,0.13213416934013367
52399,0.13837997615337372
52400,0.13786397874355316
52401,0.15003496408462524
52402,0.1415499895811081
52403,0.13563592731952667
52404,0.12453965097665787
52405,0.13958409428596497
52406,0.13791677355766296
52407,0.11985547840595245
52408,0.14239680767059326
52409,0.13074378669261932
52410,0.13925421237945557
52411,0.13046154379844666
52412,0.15011627972126007
52413,0.1439991593360901
52414,0.14263179898262024
52415,0.14451433718204498
52416,0.1437840759754181
52417,0.15266750752925873
52418,0.14273163676261902
52419,0.13457471132278442
52420,0.13491402566432953
52421,0.12485400587320328
52422,0.12568248808383942
52423,0.13170520961284637
52424,0.13693395256996155
52425,0.15702104568481445
52426,0.15173253417015076
52427,0.12815141677856445
52428,0.14092445373535156
52429,0.1132919117808342
52430,0.12987588346004486
52431,0.13711871206760406
52432,0.13530313968658447
52433,0.186369851231575
52434,0.1339690387248993
52435,0.1708897054195404
52436,0.12413192540407181
52437,0.11422576755285263
52438,0.1362711638212204
52439,0.15021342039108276
52440,0.1461043804883957
52441,0.08616743236780167
52442,0.08938977867364883
52443,0.0995449349284172
52444,0.12247452884912491
52445,0.11539535224437714
52446,0.12126265466213226
52447,0.16887401044368744
52448,0.15269459784030914
52449,0.13336700201034546
52450,0.11690142005681992
52451,0.12514542043209076
52452,0.12596982717514038
52453,0.11345987766981125
52454,0.10245080292224884
52455,0.15844358503818512
52456,0.15163405239582062
52457,0.14293700456619263
52458,0.1547379195690155
52459,0.14040030539035797
52460,0.11206991225481033
52461,0.094894178211689
52462,0.08060998469591141
52463,0.09836685657501221
52464,0.14880388975143433
52465,0.14650560915470123
52466,0.16654174029827118
52467,0.18537452816963196
52468,0.22829747200012207
52469,0.1853485405445099
52470,0.16572205722332
52471,0.13362601399421692
52472,0.14352154731750488
52473,0.15196332335472107
52474,0.15244899690151215
52475,0.13139013946056366
52476,0.11699025332927704
52477,0.11473087966442108
52478,0.12427308410406113
52479,0.13657252490520477
52480,0.1289636641740799
52481,0.11725082993507385
52482,0.11431512236595154
52483,0.11670856177806854
52484,0.13666583597660065
52485,0.1412719041109085
52486,0.13261984288692474
52487,0.12714233994483948
52488,0.14378438889980316
52489,0.15322107076644897
52490,0.1494673788547516
52491,0.14654409885406494
52492,0.12454170733690262
52493,0.12488725036382675
52494,0.11953470855951309
52495,0.1050734743475914
52496,0.12500542402267456
52497,0.1322726607322693
52498,0.12986528873443604
52499,0.11294538527727127
52500,0.08365938067436218
52501,0.11505363881587982
52502,0.11864501982927322
52503,0.12747076153755188
52504,0.11774292588233948
52505,0.11693282425403595
52506,0.11263970285654068
52507,0.10875628143548965
52508,0.10510469228029251
52509,0.10671135783195496
52510,0.09668991714715958
52511,0.1035635843873024
52512,0.1046714335680008
52513,0.09400708228349686
52514,0.11271903663873672
52515,0.14200125634670258
52516,0.11127765476703644
52517,0.10872174054384232
52518,0.12704503536224365
52519,0.1478574424982071
52520,0.12917977571487427
52521,0.11648882925510406
52522,0.12108069658279419
52523,0.14485450088977814
52524,0.13527871668338776
52525,0.14952507615089417
52526,0.10050725936889648
52527,0.12374024093151093
52528,0.12155096977949142
52529,0.11619985848665237
52530,0.1244644820690155
52531,0.13234974443912506
52532,0.12784895300865173
52533,0.11298154294490814
52534,0.1638852059841156
52535,0.1590920388698578
52536,0.17019814252853394
52537,0.13722461462020874
52538,0.16219714283943176
52539,0.13471388816833496
52540,0.12265858799219131
52541,0.13569878041744232
52542,0.1318579465150833
52543,0.12912338972091675
52544,0.13546122610569
52545,0.1249188706278801
52546,0.11341361701488495
52547,0.10730447620153427
52548,0.12289149314165115
52549,0.10507243871688843
52550,0.11236998438835144
52551,0.11106986552476883
52552,0.11436507105827332
52553,0.13675732910633087
52554,0.13349871337413788
52555,0.13566811382770538
52556,0.144086092710495
52557,0.1750531643629074
52558,0.1345372349023819
52559,0.10050905495882034
52560,0.11777385324239731
52561,0.1333625763654709
52562,0.11870788782835007
52563,0.08682815730571747
52564,0.14250819385051727
52565,0.16021066904067993
52566,0.15634524822235107
52567,0.1476878523826599
52568,0.15052393078804016
52569,0.14030204713344574
52570,0.14104989171028137
52571,0.1253848820924759
52572,0.1499892771244049
52573,0.16134078800678253
52574,0.11388255655765533
52575,0.14124679565429688
52576,0.1278729885816574
52577,0.12083444744348526
52578,0.1024334505200386
52579,0.08612526208162308
52580,0.09551224112510681
52581,0.07739207148551941
52582,0.08673887699842453
52583,0.08744359761476517
52584,0.16794878244400024
52585,0.11435788124799728
52586,0.1874217540025711
52587,0.1750442534685135
52588,0.16101326048374176
52589,0.15124598145484924
52590,0.1497717648744583
52591,0.13685119152069092
52592,0.18009857833385468
52593,0.14482919871807098
52594,0.15435726940631866
52595,0.16699060797691345
52596,0.1660626083612442
52597,0.13923898339271545
52598,0.11099882423877716
52599,0.12583757936954498
52600,0.12572243809700012
52601,0.1446082890033722
52602,0.12530508637428284
52603,0.1153528094291687
52604,0.1293432116508484
52605,0.12283787131309509
52606,0.11692244559526443
52607,0.13597382605075836
52608,0.14283141493797302
52609,0.15458548069000244
52610,0.14657096564769745
52611,0.16909214854240417
52612,0.16357629001140594
52613,0.24146123230457306
52614,0.30648699402809143
52615,0.2692258358001709
52616,0.34916138648986816
52617,0.3528299629688263
52618,0.3468755781650543
52619,0.26421669125556946
52620,0.17595884203910828
52621,0.22299803793430328
52622,0.16117048263549805
52623,0.2338135987520218
52624,0.16321131587028503
52625,0.23740646243095398
52626,0.27004534006118774
52627,0.1504688709974289
52628,0.1959863305091858
52629,0.22001449763774872
52630,0.17480319738388062
52631,0.18766921758651733
52632,0.20586495101451874
52633,0.2651272416114807
52634,0.2752005457878113
52635,0.34034648537635803
52636,0.21082164347171783
52637,0.19483879208564758
52638,0.2295648604631424
52639,0.15965521335601807
52640,0.2727948725223541
52641,0.31319692730903625
52642,0.299273818731308
52643,0.180765300989151
52644,0.17500120401382446
52645,0.16288886964321136
52646,0.1446513533592224
52647,0.20121045410633087
52648,0.2197428196668625
52649,0.19276326894760132
52650,0.21586482226848602
52651,0.2332002818584442
52652,0.22250622510910034
52653,0.15635037422180176
52654,0.14998759329319
52655,0.21418032050132751
52656,0.2439168095588684
52657,0.2545931339263916
52658,0.2762709856033325
52659,0.2608436644077301
52660,0.28768104314804077
52661,0.22895611822605133
52662,0.24923960864543915
52663,0.18311212956905365
52664,0.1874023824930191
52665,0.2620622217655182
52666,0.30066922307014465
52667,0.28949955105781555
52668,0.34877651929855347
52669,0.2329222857952118
52670,0.20663005113601685
52671,0.19294342398643494
52672,0.19731369614601135
52673,0.1686916947364807
52674,0.11257392913103104
52675,0.17995059490203857
52676,0.17488788068294525
52677,0.24775339663028717
52678,0.25548747181892395
52679,0.25528451800346375
52680,0.2572588324546814
52681,0.1984209418296814
52682,0.2292155623435974
52683,0.21921762824058533
52684,0.1959494650363922
52685,0.1892998367547989
52686,0.1612125039100647
52687,0.17676787078380585
52688,0.2548530697822571
52689,0.2186657041311264
52690,0.1823108196258545
52691,0.2102881520986557
52692,0.13568216562271118
52693,0.18396539986133575
52694,0.2428513765335083
52695,0.2404889166355133
52696,0.26471006870269775
52697,0.1951456218957901
52698,0.2289862334728241
52699,0.2421647012233734
52700,0.25626781582832336
52701,0.27744725346565247
52702,0.2642618715763092
52703,0.2091658115386963
52704,0.1830272674560547
52705,0.1875937581062317
52706,0.1974816620349884
52707,0.21524588763713837
52708,0.24904540181159973
52709,0.2584080100059509
52710,0.2604351043701172
52711,0.23311665654182434
52712,0.2511613368988037
52713,0.26259341835975647
52714,0.2686298191547394
52715,0.250375360250473
52716,0.26720893383026123
52717,0.2650975286960602
52718,0.20393125712871552
52719,0.23408153653144836
52720,0.24834002554416656
52721,0.2762291133403778
52722,0.267159104347229
52723,0.24811050295829773
52724,0.25326091051101685
52725,0.260737806558609
52726,0.2393375188112259
52727,0.3002629280090332
52728,0.23539794981479645
52729,0.3354226350784302
52730,0.35225945711135864
52731,0.3152903914451599
52732,0.33124104142189026
52733,0.30918416380882263
52734,0.21191304922103882
52735,0.2420048862695694
52736,0.24303598701953888
52737,0.25955700874328613
52738,0.3066197633743286
52739,0.3178977370262146
52740,0.2668232321739197
52741,0.35147374868392944
52742,0.2673405408859253
52743,0.28486359119415283
52744,0.1697017252445221
52745,0.20889383554458618
52746,0.21467937529087067
52747,0.22513291239738464
52748,0.22492635250091553
52749,0.22535260021686554
52750,0.21080151200294495
52751,0.19664517045021057
52752,0.18215078115463257
52753,0.23072057962417603
52754,0.24226096272468567
52755,0.2538524866104126
52756,0.234039768576622
52757,0.22591884434223175
52758,0.2329828441143036
52759,0.30017104744911194
52760,0.26212558150291443
52761,0.27128276228904724
52762,0.26283299922943115
52763,0.24083001911640167
52764,0.2503014802932739
52765,0.2481137365102768
52766,0.2670016884803772
52767,0.21736787259578705
52768,0.20706972479820251
52769,0.2189711034297943
52770,0.2175755649805069
52771,0.21617849171161652
52772,0.22050854563713074
52773,0.23221848905086517
52774,0.25051766633987427
52775,0.2230280190706253
52776,0.22252658009529114
52777,0.2141609936952591
52778,0.19595375657081604
52779,0.23368500173091888
52780,0.22343575954437256
52781,0.19241288304328918
52782,0.2052854746580124
52783,0.22532495856285095
52784,0.23521853983402252
52785,0.2447667419910431
52786,0.23647654056549072
52787,0.2091720551252365
52788,0.2140560746192932
52789,0.23328056931495667
52790,0.22909551858901978
52791,0.23374012112617493
52792,0.2265542894601822
52793,0.22767069935798645
52794,0.2212565392255783
52795,0.30625292658805847
52796,0.27689316868782043
52797,0.17798946797847748
52798,0.24025455117225647
52799,0.29608479142189026
52800,0.28070032596588135
52801,0.3096136152744293
52802,0.32570651173591614
52803,0.2873106300830841
52804,0.2643333673477173
52805,0.27671265602111816
52806,0.29521268606185913
52807,0.14908254146575928
52808,0.2906050980091095
52809,0.21219706535339355
52810,0.26075828075408936
52811,0.25327610969543457
52812,0.2760958969593048
52813,0.26610660552978516
52814,0.27219516038894653
52815,0.3052024245262146
52816,0.27535030245780945
52817,0.30948421359062195
52818,0.26057955622673035
52819,0.2538835108280182
52820,0.2865578830242157
52821,0.26032567024230957
52822,0.26276227831840515
52823,0.2953868508338928
52824,0.2594984769821167
52825,0.2133503556251526
52826,0.29308533668518066
52827,0.21516633033752441
52828,0.252424031496048
52829,0.21189822256565094
52830,0.20679466426372528
52831,0.2787046432495117
52832,0.28527095913887024
52833,0.28608009219169617
52834,0.27766644954681396
52835,0.19563576579093933
52836,0.26380404829978943
52837,0.23075702786445618
52838,0.2631371319293976
52839,0.22354111075401306
52840,0.2882397472858429
52841,0.30132463574409485
52842,0.2978881001472473
52843,0.26438671350479126
52844,0.24248848855495453
52845,0.2182278335094452
52846,0.24448458850383759
52847,0.2228761464357376
52848,0.20705384016036987
52849,0.3757055997848511
52850,0.25872892141342163
52851,0.31648197770118713
52852,0.2717815935611725
52853,0.22958260774612427
52854,0.22740517556667328
52855,0.25079652667045593
52856,0.2998543679714203
52857,0.2794981300830841
52858,0.26613107323646545
52859,0.30141425132751465
52860,0.279130756855011
52861,0.28145480155944824
52862,0.23067982494831085
52863,0.2135605663061142
52864,0.1903180629014969
52865,0.1687597781419754
52866,0.22862960398197174
52867,0.19443660974502563
52868,0.19203096628189087
52869,0.21129301190376282
52870,0.2236403226852417
52871,0.2570151388645172
52872,0.2780344486236572
52873,0.23710525035858154
52874,0.26893743872642517
52875,0.2765178084373474
52876,0.29998791217803955
52877,0.277993768453598
52878,0.2554098665714264
52879,0.1651691049337387
52880,0.17862099409103394
52881,0.21429231762886047
52882,0.22431647777557373
52883,0.22980593144893646
52884,0.26615992188453674
52885,0.16290436685085297
52886,0.21480721235275269
52887,0.24885495007038116
52888,0.22380781173706055
52889,0.16642262041568756
52890,0.1886821687221527
52891,0.19665630161762238
52892,0.23631903529167175
52893,0.26876458525657654
52894,0.21905934810638428
52895,0.2603510320186615
52896,0.17450067400932312
52897,0.2123420238494873
52898,0.24412213265895844
52899,0.1521950513124466
52900,0.19288337230682373
52901,0.20896275341510773
52902,0.21287642419338226
52903,0.23643197119235992
52904,0.22958694398403168
52905,0.21901017427444458
52906,0.278604656457901
52907,0.26361608505249023
52908,0.2555502653121948
52909,0.2236291617155075
52910,0.19777365028858185
52911,0.14835339784622192
52912,0.21674810349941254
52913,0.2835874855518341
52914,0.31584039330482483
52915,0.26881706714630127
52916,0.20708677172660828
52917,0.1646406203508377
52918,0.1540956199169159
52919,0.17009678483009338
52920,0.2263336479663849
52921,0.2620323598384857
52922,0.24955734610557556
52923,0.2465687394142151
52924,0.19737009704113007
52925,0.199247345328331
52926,0.21943087875843048
52927,0.23882272839546204
52928,0.2501186728477478
52929,0.2565869688987732
52930,0.24446986615657806
52931,0.2105097770690918
52932,0.2499888390302658
52933,0.2502904236316681
52934,0.2639337182044983
52935,0.2629989683628082
52936,0.26884573698043823
52937,0.23417893052101135
52938,0.24414609372615814
52939,0.26303762197494507
52940,0.17507435381412506
52941,0.21922552585601807
52942,0.22466838359832764
52943,0.25830063223838806
52944,0.2083895057439804
52945,0.1980748176574707
52946,0.23296287655830383
52947,0.2220369130373001
52948,0.23877020180225372
52949,0.2281733751296997
52950,0.24401432275772095
52951,0.22074100375175476
52952,0.2531135380268097
52953,0.25070494413375854
52954,0.22961236536502838
52955,0.24164533615112305
52956,0.21576842665672302
52957,0.20923154056072235
52958,0.1944432258605957
52959,0.18872319161891937
52960,0.16454394161701202
52961,0.24691155552864075
52962,0.21002137660980225
52963,0.22619083523750305
52964,0.2190474271774292
52965,0.21071790158748627
52966,0.21869608759880066
52967,0.2133113443851471
52968,0.24724945425987244
52969,0.2646200358867645
52970,0.24140706658363342
52971,0.26765596866607666
52972,0.20685242116451263
52973,0.24104493856430054
52974,0.25268417596817017
52975,0.25113871693611145
52976,0.23356550931930542
52977,0.22476938366889954
52978,0.22256125509738922
52979,0.233719140291214
52980,0.23783066868782043
52981,0.23158489167690277
52982,0.21708647906780243
52983,0.21104079484939575
52984,0.23586027324199677
52985,0.20790058374404907
52986,0.18692512810230255
52987,0.21968261897563934
52988,0.2097294181585312
52989,0.24293339252471924
52990,0.19934488832950592
52991,0.22339878976345062
52992,0.2115364521741867
52993,0.23586952686309814
52994,0.1759146898984909
52995,0.10853108018636703
52996,0.09878066927194595
52997,0.1097857803106308
52998,0.08908221125602722
52999,0.1023934930562973
53000,0.10388118773698807
53001,0.1107771173119545
53002,0.08722973614931107
53003,0.0876811146736145
53004,0.08067573606967926
53005,0.08555452525615692
53006,0.08297884464263916
53007,0.08601438999176025
53008,0.08320995420217514
53009,0.09007140249013901
53010,0.09160078316926956
53011,0.10363493114709854
53012,0.10175131261348724
53013,0.10576071590185165
53014,0.10550735890865326
53015,0.10193303972482681
53016,0.10139036923646927
53017,0.10653340816497803
53018,0.11023771017789841
53019,0.09998269379138947
53020,0.10107612609863281
53021,0.0969431921839714
53022,0.10026126354932785
53023,0.10867691040039062
53024,0.11226039379835129
53025,0.10956120491027832
53026,0.09989320486783981
53027,0.08537311106920242
53028,0.09544306993484497
53029,0.11817701905965805
53030,0.124513640999794
53031,0.12669894099235535
53032,0.12440971285104752
53033,0.1091313511133194
53034,0.10219144821166992
53035,0.09629743546247482
53036,0.08339139074087143
53037,0.08443187177181244
53038,0.0771765187382698
53039,0.08664163202047348
53040,0.08892796188592911
53041,0.09253829717636108
53042,0.09653164446353912
53043,0.10990834981203079
53044,0.0998683050274849
53045,0.10693773627281189
53046,0.1162811815738678
53047,0.11674655228853226
53048,0.10263963043689728
53049,0.10027870535850525
53050,0.10399268567562103
53051,0.10251177847385406
53052,0.09928561747074127
53053,0.09342379122972488
53054,0.09458110481500626
53055,0.0986977219581604
53056,0.09757350385189056
53057,0.09214095771312714
53058,0.09058951586484909
53059,0.09462525695562363
53060,0.08333248645067215
53061,0.09141843020915985
53062,0.09970749914646149
53063,0.11874637007713318
53064,0.10856873542070389
53065,0.11399856954813004
53066,0.11816005408763885
53067,0.10319805145263672
53068,0.10991425812244415
53069,0.10255241394042969
53070,0.10414102673530579
53071,0.10128693282604218
53072,0.1072499006986618
53073,0.10984411090612411
53074,0.10316809266805649
53075,0.10635403543710709
53076,0.10084245353937149
53077,0.10215436667203903
53078,0.10263688117265701
53079,0.09884034097194672
53080,0.10935021936893463
53081,0.10197668522596359
53082,0.10548670589923859
53083,0.10111133754253387
53084,0.12355655431747437
53085,0.12420113384723663
53086,0.09073004871606827
53087,0.08454827964305878
53088,0.08374295383691788
53089,0.08875104784965515
53090,0.09679542481899261
53091,0.09558317065238953
53092,0.10811476409435272
53093,0.11066386103630066
53094,0.10464988648891449
53095,0.09571313858032227
53096,0.0948760062456131
53097,0.10521833598613739
53098,0.09561733156442642
53099,0.10037674009799957
53100,0.09997916966676712
53101,0.07994406670331955
53102,0.07322676479816437
53103,0.11384931951761246
53104,0.23954884707927704
53105,0.16781552135944366
53106,0.14543922245502472
53107,0.15397584438323975
53108,0.15340648591518402
53109,0.11093446612358093
53110,0.1276427060365677
53111,0.12716421484947205
53112,0.11682260036468506
53113,0.1696193367242813
53114,0.23211808502674103
53115,0.19223879277706146
53116,0.19778293371200562
53117,0.21188043057918549
53118,0.18786422908306122
53119,0.20431789755821228
53120,0.22181619703769684
53121,0.26130691170692444
53122,0.30028679966926575
53123,0.3092675507068634
53124,0.2795475125312805
53125,0.3026845455169678
53126,0.30436909198760986
53127,0.28305166959762573
53128,0.24638250470161438
53129,0.27672266960144043
53130,0.29793718457221985
53131,0.30623364448547363
53132,0.2180260568857193
53133,0.17354092001914978
53134,0.20108619332313538
53135,0.20482252538204193
53136,0.18745838105678558
53137,0.2116786688566208
53138,0.20291197299957275
53139,0.20459531247615814
53140,0.18334007263183594
53141,0.20561344921588898
53142,0.2308068573474884
53143,0.22112305462360382
53144,0.22112305462360382
53145,0.2165652960538864
53146,0.19738830626010895
53147,0.18978607654571533
53148,0.1920516937971115
53149,0.19877776503562927
53150,0.21025608479976654
53151,0.1965918391942978
53152,0.35690149664878845
53153,0.35690149664878845
53154,0.3258967697620392
53155,0.3258967697620392
53156,0.3386213183403015
53157,0.3386213183403015
53158,0.3537859320640564
53159,0.3537859320640564
53160,0.2565478980541229
53161,0.2565478980541229
53162,0.39278268814086914
53163,0.25658273696899414
53164,0.2564668357372284
53165,0.2793470621109009
53166,0.20451965928077698
53167,0.2448807954788208
53168,0.15670782327651978
53169,0.1667444407939911
53170,0.16852718591690063
53171,0.11458756774663925
53172,0.32587888836860657
53173,0.1987060010433197
53174,0.17182981967926025
53175,0.15770350396633148
53176,0.14191043376922607
53177,0.14056961238384247
53178,0.12357146292924881
53179,0.21358278393745422
53180,0.09630297124385834
53181,0.09850391745567322
53182,0.10119882225990295
53183,0.11100427061319351
53184,0.10755331069231033
53185,0.1209963709115982
53186,0.13074056804180145
53187,0.12907648086547852
53188,0.1250295788049698
53189,0.13655132055282593
53190,0.11971335113048553
53191,0.12009904533624649
53192,0.12893976271152496
53193,0.13847117125988007
53194,0.14154814183712006
53195,0.11642733216285706
53196,0.09555784612894058
53197,0.08257497847080231
53198,0.13367129862308502
53199,0.15492771565914154
53200,0.15838280320167542
53201,0.15025171637535095
53202,0.10697326809167862
53203,0.13685652613639832
53204,0.12418211251497269
53205,0.15510401129722595
53206,0.14437595009803772
53207,0.08665331453084946
53208,0.08544754981994629
53209,0.1000959575176239
53210,0.09922090172767639
53211,0.09298865497112274
53212,0.08775767683982849
53213,0.11246588826179504
53214,0.13050870597362518
53215,0.0981459990143776
53216,0.09262003749608994
53217,0.1061072051525116
53218,0.1023527979850769
53219,0.11406151205301285
53220,0.10527610033750534
53221,0.11077438294887543
53222,0.13507796823978424
53223,0.1300768256187439
53224,0.14419381320476532
53225,0.1318678855895996
53226,0.1475009173154831
53227,0.10701490193605423
53228,0.10277264565229416
53229,0.09674916416406631
53230,0.09707450866699219
53231,0.07717002928256989
53232,0.07700647413730621
53233,0.07255524396896362
53234,0.06903737783432007
53235,0.08613588660955429
53236,0.07855440676212311
53237,0.09296640008687973
53238,0.08899202197790146
53239,0.13562187552452087
53240,0.08587552607059479
53241,0.08315213769674301
53242,0.07226134091615677
53243,0.18908809125423431
53244,0.14145700633525848
53245,0.14488181471824646
53246,0.13521789014339447
53247,0.1577640026807785
53248,0.161057248711586
53249,0.17027290165424347
53250,0.17810750007629395
53251,0.1974019557237625
53252,0.21189041435718536
53253,0.18286609649658203
53254,0.16099509596824646
53255,0.141879141330719
53256,0.16157080233097076
53257,0.15877453982830048
53258,0.15412279963493347
53259,0.15385036170482635
53260,0.14944611489772797
53261,0.15644240379333496
53262,0.17037107050418854
53263,0.15374986827373505
53264,0.1408461630344391
53265,0.19658544659614563
53266,0.17649798095226288
53267,0.2164134979248047
53268,0.21075397729873657
53269,0.1895420104265213
53270,0.16568149626255035
53271,0.1596027910709381
53272,0.18787583708763123
53273,0.18175870180130005
53274,0.18852290511131287
53275,0.17683540284633636
53276,0.1822032779455185
53277,0.16778495907783508
53278,0.16700372099876404
53279,0.2025986611843109
53280,0.19536139070987701
53281,0.18039891123771667
53282,0.18061256408691406
53283,0.17508557438850403
53284,0.18008752167224884
53285,0.17584659159183502
53286,0.17570781707763672
53287,0.18245786428451538
53288,0.17041461169719696
53289,0.19824188947677612
53290,0.2078741043806076
53291,0.21265843510627747
53292,0.2023850828409195
53293,0.20081496238708496
53294,0.18511497974395752
53295,0.19051265716552734
53296,0.1974896788597107
53297,0.1775972843170166
53298,0.18992158770561218
53299,0.1616940200328827
53300,0.17925207316875458
53301,0.1848350167274475
53302,0.1802537441253662
53303,0.19505150616168976
53304,0.2011295109987259
53305,0.19164273142814636
53306,0.16424013674259186
53307,0.18006181716918945
53308,0.1806037575006485
53309,0.16877564787864685
53310,0.1558017134666443
53311,0.16618116199970245
53312,0.1724584847688675
53313,0.17233581840991974
53314,0.11774969100952148
53315,0.15967720746994019
53316,0.13569669425487518
53317,0.1405293047428131
53318,0.16101811826229095
53319,0.1846008598804474
53320,0.15889108180999756
53321,0.14563681185245514
53322,0.13971035182476044
53323,0.13894669711589813
53324,0.14075973629951477
53325,0.13792937994003296
53326,0.14488598704338074
53327,0.18057969212532043
53328,0.13778004050254822
53329,0.16716529428958893
53330,0.13104090094566345
53331,0.15685442090034485
53332,0.13467708230018616
53333,0.12268710881471634
53334,0.11218589544296265
53335,0.10445195436477661
53336,0.10206033289432526
53337,0.12049192190170288
53338,0.11387929320335388
53339,0.12268194556236267
53340,0.12064741551876068
53341,0.10063295066356659
53342,0.13152416050434113
53343,0.10207650810480118
53344,0.10713331401348114
53345,0.10486630350351334
53346,0.1024736762046814
53347,0.11250730603933334
53348,0.1163560003042221
53349,0.11099472641944885
53350,0.10529163479804993
53351,0.10732513666152954
53352,0.0972093790769577
53353,0.16476216912269592
53354,0.09037300199270248
53355,0.0966961532831192
53356,0.10235393792390823
53357,0.09465283155441284
53358,0.09959866851568222
53359,0.10218526422977448
53360,0.12387523055076599
53361,0.13655255734920502
53362,0.13329410552978516
53363,0.11264690011739731
53364,0.11172392219305038
53365,0.09241566061973572
53366,0.11319732666015625
53367,0.12476057559251785
53368,0.13075155019760132
53369,0.12099111080169678
53370,0.10955280810594559
53371,0.10224822163581848
53372,0.07851101458072662
53373,0.07467597723007202
53374,0.07986250519752502
53375,0.06947505474090576
53376,0.0718076229095459
53377,0.07255447655916214
53378,0.07260513305664062
53379,0.08596491068601608
53380,0.07049603760242462
53381,0.0863131508231163
53382,0.08349820971488953
53383,0.08079423010349274
53384,0.08039598166942596
53385,0.077930748462677
53386,0.08474978804588318
53387,0.13928192853927612
53388,0.13759830594062805
53389,0.13370297849178314
53390,0.11338646709918976
53391,0.10875066369771957
53392,0.10923108458518982
53393,0.132036954164505
53394,0.14950750768184662
53395,0.13527679443359375
53396,0.13107764720916748
53397,0.11828571557998657
53398,0.10201002657413483
53399,0.13819268345832825
53400,0.15447193384170532
53401,0.14775994420051575
53402,0.13613776862621307
53403,0.13277286291122437
53404,0.11953825503587723
53405,0.13719390332698822
53406,0.1344216912984848
53407,0.14642317593097687
53408,0.1455855667591095
53409,0.14158958196640015
53410,0.15336385369300842
53411,0.16359734535217285
53412,0.15918251872062683
53413,0.16163648664951324
53414,0.1797318160533905
53415,0.16940820217132568
53416,0.15006843209266663
53417,0.1821795552968979
53418,0.1905822455883026
53419,0.18427209556102753
53420,0.1710185557603836
53421,0.15403714776039124
53422,0.1616455614566803
53423,0.1523687243461609
53424,0.15338511765003204
53425,0.15684287250041962
53426,0.15711864829063416
53427,0.14664076268672943
53428,0.16796603798866272
53429,0.16822123527526855
53430,0.17487719655036926
53431,0.15640011429786682
53432,0.135090634226799
53433,0.11002595722675323
53434,0.09523255378007889
53435,0.10939080268144608
53436,0.10313256829977036
53437,0.1111292615532875
53438,0.11063650995492935
53439,0.1163676530122757
53440,0.113544762134552
53441,0.09838269650936127
53442,0.09825849533081055
53443,0.22908084094524384
53444,0.24625623226165771
53445,0.2591392695903778
53446,0.29560139775276184
53447,0.27123603224754333
53448,0.2453455626964569
53449,0.33552753925323486
53450,0.3302932381629944
53451,0.4291752278804779
53452,0.37956586480140686
53453,0.3915364742279053
53454,0.45266231894493103
53455,0.37774336338043213
53456,0.11945028603076935
53457,0.13391616940498352
53458,0.1303427517414093
53459,0.139797180891037
53460,0.15435084700584412
53461,0.14327411353588104
53462,0.15814697742462158
53463,0.15491405129432678
53464,0.14835277199745178
53465,0.17610692977905273
53466,0.17729848623275757
53467,0.13646754622459412
53468,0.136931374669075
53469,0.16099132597446442
53470,0.11111685633659363
53471,0.11293747276067734
53472,0.12137597799301147
53473,0.13588768243789673
53474,0.10858809947967529
53475,0.12267723679542542
53476,0.12013235688209534
53477,0.11669217050075531
53478,0.10703445971012115
53479,0.09096038341522217
53480,0.0733584463596344
53481,0.0824236273765564
53482,0.07944095134735107
53483,0.06901916861534119
53484,0.08519743382930756
53485,0.09394469112157822
53486,0.13572388887405396
53487,0.13831324875354767
53488,0.17092736065387726
53489,0.14254263043403625
53490,0.13096776604652405
53491,0.10202869772911072
53492,0.09336928278207779
53493,0.07598326355218887
53494,0.08935192227363586
53495,0.09029199182987213
53496,0.1587114781141281
53497,0.15378817915916443
53498,0.13176016509532928
53499,0.1323087513446808
53500,0.09914381057024002
53501,0.10673107206821442
53502,0.10884851217269897
53503,0.11513902246952057
53504,0.11447849869728088
53505,0.12469860911369324
53506,0.11324554681777954
53507,0.13290834426879883
53508,0.12809349596500397
53509,0.10664121806621552
53510,0.10391897708177567
53511,0.10832446068525314
53512,0.11386469006538391
53513,0.125176802277565
53514,0.1363910734653473
53515,0.12355583906173706
53516,0.12094787508249283
53517,0.11711584031581879
53518,0.11966144293546677
53519,0.11493169516324997
53520,0.11295274645090103
53521,0.11732513457536697
53522,0.11869975924491882
53523,0.133658304810524
53524,0.1491120308637619
53525,0.10476189106702805
53526,0.11225028336048126
53527,0.1073172464966774
53528,0.11686127632856369
53529,0.11190444231033325
53530,0.15378959476947784
53531,0.13546645641326904
53532,0.12839823961257935
53533,0.13966724276542664
53534,0.16295982897281647
53535,0.1607728749513626
53536,0.17424261569976807
53537,0.17509910464286804
53538,0.14573894441127777
53539,0.15815035998821259
53540,0.17025382816791534
53541,0.18147964775562286
53542,0.16437916457653046
53543,0.15062740445137024
53544,0.11932535469532013
53545,0.11113808304071426
53546,0.15314505994319916
53547,0.10032476484775543
53548,0.1104925200343132
53549,0.10130229592323303
53550,0.11827989667654037
53551,0.11650329828262329
53552,0.11443767696619034
53553,0.11015264689922333
53554,0.12089373171329498
53555,0.11599842458963394
53556,0.12247878313064575
53557,0.10215358436107635
53558,0.12011551111936569
53559,0.11956397444009781
53560,0.13604332506656647
53561,0.13589784502983093
53562,0.12383407354354858
53563,0.1437746286392212
53564,0.14957952499389648
53565,0.12687523663043976
53566,0.13954950869083405
53567,0.1315373182296753
53568,0.11743811517953873
53569,0.12006469815969467
53570,0.14034074544906616
53571,0.12563274800777435
53572,0.15558457374572754
53573,0.11936108022928238
53574,0.1480928361415863
53575,0.12152300775051117
53576,0.1441596895456314
53577,0.11951422691345215
53578,0.1249186098575592
53579,0.11960902065038681
53580,0.11965733766555786
53581,0.11321554332971573
53582,0.11943314969539642
53583,0.12938307225704193
53584,0.1217828318476677
53585,0.11117804050445557
53586,0.11535325646400452
53587,0.12052999436855316
53588,0.13339507579803467
53589,0.14361447095870972
53590,0.1297544538974762
53591,0.139383465051651
53592,0.1280026137828827
53593,0.11357913911342621
53594,0.1183587908744812
53595,0.1984637975692749
53596,0.1609753519296646
53597,0.12375924736261368
53598,0.1369282603263855
53599,0.12363117933273315
53600,0.11366867274045944
53601,0.12412183731794357
53602,0.14978176355361938
53603,0.15222115814685822
53604,0.11980708688497543
53605,0.1262931376695633
53606,0.12214641273021698
53607,0.11362557113170624
53608,0.10189551115036011
53609,0.1253286600112915
53610,0.14518529176712036
53611,0.12673303484916687
53612,0.10827011615037918
53613,0.10180413722991943
53614,0.0935492143034935
53615,0.09675570577383041
53616,0.10443603992462158
53617,0.10824921727180481
53618,0.10393832623958588
53619,0.11672967672348022
53620,0.10950000584125519
53621,0.10712268203496933
53622,0.09691648185253143
53623,0.10419203341007233
53624,0.1043458804488182
53625,0.1009298786520958
53626,0.12021049857139587
53627,0.12313703447580338
53628,0.1225576400756836
53629,0.11588244140148163
53630,0.11181306093931198
53631,0.12280557304620743
53632,0.10493902862071991
53633,0.11247240006923676
53634,0.12402483075857162
53635,0.1310887187719345
53636,0.1350613683462143
53637,0.13072052597999573
53638,0.12024006992578506
53639,0.10276196897029877
53640,0.0930686667561531
53641,0.10298260301351547
53642,0.09500730782747269
53643,0.10146158188581467
53644,0.07757961004972458
53645,0.07626191526651382
53646,0.08100000768899918
53647,0.1035056933760643
53648,0.09708640724420547
53649,0.10444328188896179
53650,0.11773408204317093
53651,0.07354143261909485
53652,0.09591998904943466
53653,0.09666172415018082
53654,0.09549055993556976
53655,0.12355562299489975
53656,0.13114044070243835
53657,0.13114044070243835
53658,0.12738464772701263
53659,0.1027781218290329
53660,0.094853475689888
53661,0.11046628654003143
53662,0.08016327768564224
53663,0.08412960916757584
53664,0.07771866023540497
53665,0.08654425293207169
53666,0.08490440249443054
53667,0.09129787236452103
53668,0.09478110074996948
53669,0.10857453942298889
53670,0.09989330917596817
53671,0.10152078419923782
53672,0.1076003834605217
53673,0.12756185233592987
53674,0.10217031836509705
53675,0.09940188378095627
53676,0.14223168790340424
53677,0.13284483551979065
53678,0.09653076529502869
53679,0.11110608279705048
53680,0.10297039896249771
53681,0.09116068482398987
53682,0.16041764616966248
53683,0.14994782209396362
53684,0.16464394330978394
53685,0.09357791393995285
53686,0.16067057847976685
53687,0.15613041818141937
53688,0.14175638556480408
53689,0.1129002794623375
53690,0.14342214167118073
53691,0.12293218076229095
53692,0.15840789675712585
53693,0.15788744390010834
53694,0.13195253908634186
53695,0.14485694468021393
53696,0.13215330243110657
53697,0.13406263291835785
53698,0.1151793897151947
53699,0.13155023753643036
53700,0.12136567384004593
53701,0.1326385736465454
53702,0.13721348345279694
53703,0.11813393980264664
53704,0.16118492186069489
53705,0.15109916031360626
53706,0.16849824786186218
53707,0.13780298829078674
53708,0.1275104582309723
53709,0.12459683418273926
53710,0.17317532002925873
53711,0.163412943482399
53712,0.16805824637413025
53713,0.15195658802986145
53714,0.1501489132642746
53715,0.1559554487466812
53716,0.14883045852184296
53717,0.1374857872724533
53718,0.14515496790409088
53719,0.1542559713125229
53720,0.17020395398139954
53721,0.17207887768745422
53722,0.13248148560523987
53723,0.12980036437511444
53724,0.13703978061676025
53725,0.08788580447435379
53726,0.12542273104190826
53727,0.11686693876981735
53728,0.14962711930274963
53729,0.1704486906528473
53730,0.17321670055389404
53731,0.12381749600172043
53732,0.24742645025253296
53733,0.2551944851875305
53734,0.29343733191490173
53735,0.27611473202705383
53736,0.3429853618144989
53737,0.31400352716445923
53738,0.2915495038032532
53739,0.40166062116622925
53740,0.19632257521152496
53741,0.20210036635398865
53742,0.23959635198116302
53743,0.2626119554042816
53744,0.16314251720905304
53745,0.2910461127758026
53746,0.21032054722309113
53747,0.17114566266536713
53748,0.15605653822422028
53749,0.34075796604156494
53750,0.3933030664920807
53751,0.34103310108184814
53752,0.24724417924880981
53753,0.4699804186820984
53754,0.2706737518310547
53755,0.3693142831325531
53756,0.32523033022880554
53757,0.21375495195388794
53758,0.15498852729797363
53759,0.2382909506559372
53760,0.2727205157279968
53761,0.27473124861717224
53762,0.25324779748916626
53763,0.25295427441596985
53764,0.2018333375453949
53765,0.16880682110786438
53766,0.2134017050266266
53767,0.29424849152565
53768,0.21268481016159058
53769,0.2028721272945404
53770,0.24467730522155762
53771,0.2781449556350708
53772,0.24929533898830414
53773,0.24877813458442688
53774,0.24090781807899475
53775,0.20170587301254272
53776,0.182003915309906
53777,0.2093164473772049
53778,0.20292280614376068
53779,0.17379604279994965
53780,0.20600953698158264
53781,0.23284849524497986
53782,0.2535265386104584
53783,0.2673296630382538
53784,0.16531400382518768
53785,0.24403399229049683
53786,0.2574158012866974
53787,0.23561251163482666
53788,0.22910456359386444
53789,0.2509990632534027
53790,0.22720253467559814
53791,0.2291869819164276
53792,0.25802749395370483
53793,0.28347480297088623
53794,0.1680610477924347
53795,0.1799612194299698
53796,0.18414174020290375
53797,0.20315518975257874
53798,0.2350286990404129
53799,0.13190586864948273
53800,0.14601899683475494
53801,0.31670504808425903
53802,0.4128998816013336
53803,0.37330108880996704
53804,0.2844465672969818
53805,0.3381713628768921
53806,0.30254143476486206
53807,0.29546499252319336
53808,0.3286474943161011
53809,0.27110496163368225
53810,0.20059329271316528
53811,0.24093852937221527
53812,0.07733576744794846
53813,0.06313172727823257
53814,0.24172595143318176
53815,0.2603053152561188
53816,0.23470796644687653
53817,0.4089341461658478
53818,0.21654477715492249
53819,0.1598808765411377
53820,0.19557395577430725
53821,0.3483891189098358
53822,0.36794665455818176
53823,0.3041955828666687
53824,0.32237157225608826
53825,0.31171390414237976
53826,0.34529247879981995
53827,0.3236260712146759
53828,0.3117426037788391
53829,0.36568182706832886
53830,0.46741384267807007
53831,0.32095468044281006
53832,0.33600524067878723
53833,0.3602491021156311
53834,0.43453720211982727
53835,0.38749510049819946
53836,0.28392812609672546
53837,0.3027372360229492
53838,0.3451542556285858
53839,0.3455844223499298
53840,0.4145907461643219
53841,0.3257747292518616
53842,0.3530922830104828
53843,0.4217853546142578
53844,0.4109347462654114
53845,0.40889766812324524
53846,0.4448559582233429
53847,0.3209761381149292
53848,0.41834762692451477
53849,0.44345998764038086
53850,0.3288186490535736
53851,0.34618571400642395
53852,0.32841306924819946
53853,0.318952739238739
53854,0.3247445523738861
53855,0.23358678817749023
53856,0.3223602771759033
53857,0.23990970849990845
53858,0.26634398102760315
53859,0.24409453570842743
53860,0.2475425899028778
53861,0.2553294003009796
53862,0.2831163704395294
53863,0.2579815685749054
53864,0.252330482006073
53865,0.25369417667388916
53866,0.268719345331192
53867,0.257611483335495
53868,0.255255788564682
53869,0.25694674253463745
53870,0.3189268708229065
53871,0.26384150981903076
53872,0.31817156076431274
53873,0.28932589292526245
53874,0.28932589292526245
53875,0.290782630443573
53876,0.2091655135154724
53877,0.21749356389045715
53878,0.2603261470794678
53879,0.2815050184726715
53880,0.2804439961910248
53881,0.2804439961910248
53882,0.21530230343341827
53883,0.2641298770904541
53884,0.31302303075790405
53885,0.24895475804805756
53886,0.2591255307197571
53887,0.26836228370666504
53888,0.2210848033428192
53889,0.19899466633796692
53890,0.21402430534362793
53891,0.20588020980358124
53892,0.2410660833120346
53893,0.17075873911380768
53894,0.25549206137657166
53895,0.2942408621311188
53896,0.28841936588287354
53897,0.28440672159194946
53898,0.30058079957962036
53899,0.3234506845474243
53900,0.3256741762161255
53901,0.2688387632369995
53902,0.17011238634586334
53903,0.2076517939567566
53904,0.24292805790901184
53905,0.31751328706741333
53906,0.2323678880929947
53907,0.24382486939430237
53908,0.3119455873966217
53909,0.257796972990036
53910,0.28752341866493225
53911,0.24657505750656128
53912,0.24359478056430817
53913,0.22383283078670502
53914,0.21434372663497925
53915,0.23073522746562958
53916,0.22929085791110992
53917,0.21639926731586456
53918,0.1702883243560791
53919,0.2000904232263565
53920,0.2589584290981293
53921,0.20978786051273346
53922,0.23827587068080902
53923,0.25365182757377625
53924,0.2343907505273819
53925,0.22964434325695038
53926,0.22754548490047455
53927,0.2145543396472931
53928,0.2180006057024002
53929,0.21683929860591888
53930,0.22312375903129578
53931,0.22418658435344696
53932,0.2845337986946106
53933,0.2633659541606903
53934,0.2776854932308197
53935,0.25854364037513733
53936,0.2915329337120056
53937,0.26793476939201355
53938,0.2416183054447174
53939,0.32125231623649597
53940,0.28657928109169006
53941,0.26207396388053894
53942,0.29823243618011475
53943,0.2559453547000885
53944,0.2058926522731781
53945,0.2103804647922516
53946,0.3157554268836975
53947,0.2579275667667389
53948,0.28008487820625305
53949,0.24699392914772034
53950,0.3538272976875305
53951,0.17535081505775452
53952,0.1879398375749588
53953,0.18854092061519623
53954,0.25536736845970154
53955,0.1677759736776352
53956,0.32937318086624146
53957,0.2290516048669815
53958,0.238525852560997
53959,0.25278419256210327
53960,0.18384867906570435
53961,0.3032754063606262
53962,0.23608985543251038
53963,0.27562081813812256
53964,0.2924916744232178
53965,0.18349790573120117
53966,0.3567090630531311
53967,0.16056011617183685
53968,0.2140357792377472
53969,0.23218466341495514
53970,0.14281122386455536
53971,0.2350763976573944
53972,0.2248181253671646
53973,0.1845775693655014
53974,0.2348441779613495
53975,0.14509010314941406
53976,0.22144202888011932
53977,0.21846042573451996
53978,0.3522474765777588
53979,0.2462117224931717
53980,0.25678956508636475
53981,0.31388649344444275
53982,0.24483227729797363
53983,0.24788929522037506
53984,0.18428932130336761
53985,0.202475443482399
53986,0.3248528838157654
53987,0.3084239661693573
53988,0.2732302248477936
53989,0.31306442618370056
53990,0.1739313304424286
53991,0.15005943179130554
53992,0.26813140511512756
53993,0.2515038549900055
53994,0.14122486114501953
53995,0.20579557120800018
53996,0.28734681010246277
53997,0.24289719760417938
53998,0.325310081243515
53999,0.29790198802948
54000,0.3406903147697449
54001,0.21557015180587769
54002,0.17550352215766907
54003,0.13290558755397797
54004,0.1978696584701538
54005,0.2206249088048935
54006,0.20359362661838531
54007,0.25290995836257935
54008,0.22352197766304016
54009,0.30566665530204773
54010,0.288816899061203
54011,0.27101725339889526
54012,0.25739237666130066
54013,0.25010567903518677
54014,0.2612936198711395
54015,0.300662100315094
54016,0.21700215339660645
54017,0.2272787243127823
54018,0.26513683795928955
54019,0.21271252632141113
54020,0.2084847241640091
54021,0.185720294713974
54022,0.16383731365203857
54023,0.3136445879936218
54024,0.2027774602174759
54025,0.3426976799964905
54026,0.24425019323825836
54027,0.1976562887430191
54028,0.21587298810482025
54029,0.24169786274433136
54030,0.2313215434551239
54031,0.21512465178966522
54032,0.21551065146923065
54033,0.18735887110233307
54034,0.18966144323349
54035,0.23875324428081512
54036,0.26887914538383484
54037,0.25954997539520264
54038,0.23926329612731934
54039,0.23197461664676666
54040,0.19372127950191498
54041,0.24703821539878845
54042,0.22946281731128693
54043,0.26050233840942383
54044,0.3081377446651459
54045,0.284626305103302
54046,0.22715702652931213
54047,0.2907521426677704
54048,0.24101915955543518
54049,0.3026156723499298
54050,0.22681881487369537
54051,0.22980402410030365
54052,0.19584904611110687
54053,0.2972152531147003
54054,0.13536208868026733
54055,0.32275328040122986
54056,0.13680128753185272
54057,0.3057194948196411
54058,0.27577364444732666
54059,0.18250583112239838
54060,0.20583586394786835
54061,0.278628408908844
54062,0.15817680954933167
54063,0.172811821103096
54064,0.32679325342178345
