inspection_id,mean_ndvi
40549,0.2200089395046234
40550,0.27396830916404724
40551,0.4394865334033966
40552,0.32542818784713745
40553,0.25739458203315735
40554,0.4057709574699402
40555,0.1714877486228943
40556,0.2782873213291168
40557,0.3975287675857544
40558,0.35903400182724
40559,0.22506359219551086
40560,0.32698336243629456
40561,0.31970828771591187
40562,0.5761050581932068
40563,0.2601519823074341
40564,0.5418325066566467
40565,0.30382537841796875
40566,0.26788440346717834
40567,0.2400498241186142
40568,0.19189852476119995
40569,0.20826470851898193
40570,0.15460993349552155
40571,0.1836528480052948
40572,0.15810653567314148
40573,0.2962563931941986
40574,0.14629743993282318
40575,0.349804550409317
40576,0.4123302698135376
40577,0.21309080719947815
40578,0.19898763298988342
40579,0.20125843584537506
40580,0.2531275749206543
40581,0.2574983537197113
40582,0.29971954226493835
40583,0.21182683110237122
40584,0.23290382325649261
40585,0.21604490280151367
40586,0.28324949741363525
40587,0.2972501516342163
40588,0.28763076663017273
40589,0.2774496078491211
40590,0.20065060257911682
40591,0.1122053861618042
40592,0.30222800374031067
40593,0.15540236234664917
40594,0.1300622820854187
40595,0.22120864689350128
40596,0.24140210449695587
40597,0.27017146348953247
40598,0.12839016318321228
40599,0.3493187427520752
40600,0.34464848041534424
40601,0.24612218141555786
40602,0.27003419399261475
40603,0.23408886790275574
40604,0.23288358747959137
40605,0.20222240686416626
40606,0.16712310910224915
40607,0.13876384496688843
40608,0.1527635008096695
40609,0.14523150026798248
40610,0.14124535024166107
40611,0.14136013388633728
40612,0.16393981873989105
40613,0.1126871183514595
40614,0.1176113709807396
40615,0.1498589962720871
40616,0.08691199868917465
40617,0.125311478972435
40618,0.05853096768260002
40619,0.08871681243181229
40620,0.1267520636320114
40621,0.17405864596366882
40622,0.2505984306335449
40623,0.09163713455200195
40624,0.1313764750957489
40625,0.10692223906517029
40626,0.1744607836008072
40627,0.1661490648984909
40628,0.22232449054718018
40629,0.08685188740491867
40630,0.15596161782741547
40631,0.08967173844575882
40632,0.09808976203203201
40633,0.12162595987319946
40634,0.11302489042282104
40635,0.10107818990945816
40636,0.3090570867061615
40637,0.317465603351593
40638,0.2049989551305771
40639,0.1861056089401245
40640,0.22022300958633423
40641,0.22019746899604797
40642,0.2049815058708191
40643,0.17358092963695526
40644,0.15234753489494324
40645,0.13351373374462128
40646,0.162009596824646
40647,0.1280917078256607
40648,0.10635541379451752
40649,0.19274738430976868
40650,0.22393877804279327
40651,0.13028326630592346
40652,0.1909574717283249
40653,0.21219967305660248
40654,0.15118007361888885
40655,0.15343539416790009
40656,0.18796007335186005
40657,0.2104576975107193
40658,0.24050816893577576
40659,0.36404433846473694
40660,0.1607825756072998
40661,0.37950754165649414
40662,0.3772585690021515
40663,0.23147164285182953
40664,0.1859118938446045
40665,0.2380833774805069
40666,0.19267673790454865
40667,0.1825389862060547
40668,0.1851990520954132
40669,0.16367517411708832
40670,0.07995191216468811
40671,0.137900248169899
40672,0.11481380462646484
40673,0.2816621661186218
40674,0.2618269622325897
40675,0.30476057529449463
40676,0.2613983452320099
40677,0.2746763229370117
40678,0.17899559438228607
40679,0.1181015744805336
40680,0.2078694999217987
40681,0.17704783380031586
40682,0.21008752286434174
40683,0.255414754152298
40684,0.22344274818897247
40685,0.2667277455329895
40686,0.15863804519176483
40687,0.17864014208316803
40688,0.17547696828842163
40689,0.1496850550174713
40690,0.21731144189834595
40691,0.2661634385585785
40692,0.3094535768032074
40693,0.22029590606689453
40694,0.15550853312015533
40695,0.19997538626194
40696,0.17579026520252228
40697,0.2073485255241394
40698,0.19361864030361176
40699,0.1648794710636139
40700,0.12994617223739624
40701,0.17303840816020966
40702,0.3392484784126282
40703,0.23432804644107819
40704,0.19678857922554016
40705,0.28010618686676025
40706,0.2362038642168045
40707,0.30185312032699585
40708,0.25671762228012085
40709,0.32218503952026367
40710,0.32555311918258667
40711,0.1879451423883438
40712,0.2430286556482315
40713,0.22489237785339355
40714,0.25372013449668884
40715,0.20755928754806519
40716,0.18984097242355347
40717,0.2404860407114029
40718,0.2169310748577118
40719,0.31554803252220154
40720,0.2928619980812073
40721,0.3336491286754608
40722,0.312954843044281
40723,0.311442494392395
40724,0.2473183274269104
40725,0.24232280254364014
40726,0.2942386269569397
40727,0.30786728858947754
40728,0.1894957423210144
40729,0.25752463936805725
40730,0.26909422874450684
40731,0.24541045725345612
40732,0.2565911114215851
40733,0.35754066705703735
40734,0.24578529596328735
40735,0.30011335015296936
40736,0.24429604411125183
40737,0.23322662711143494
40738,0.23667235672473907
40739,0.2576494514942169
40740,0.2436109483242035
40741,0.26072990894317627
40742,0.35556259751319885
40743,0.22674600780010223
40744,0.23781368136405945
40745,0.1373749077320099
40746,0.1357463002204895
40747,0.22634300589561462
40748,0.21719211339950562
40749,0.1961769461631775
40750,0.13604791462421417
40751,0.16358014941215515
40752,0.13640213012695312
40753,0.15269623696804047
40754,0.3301548361778259
40755,0.2747253179550171
40756,0.22659119963645935
40757,0.17014144361019135
40758,0.2080073356628418
40759,0.2185802012681961
40760,0.2537168860435486
40761,0.3093244135379791
40762,0.1969025880098343
40763,0.09359337389469147
40764,0.12004312127828598
40765,0.07491891831159592
40766,0.11079547554254532
40767,0.09603355079889297
40768,0.13518111407756805
40769,0.111666738986969
40770,0.17638932168483734
40771,0.12153954803943634
40772,0.10979388654232025
40773,0.12103118002414703
40774,0.10889089852571487
40775,0.17912007868289948
40776,0.22715836763381958
40777,0.4339660108089447
40778,0.23296698927879333
40779,0.33788251876831055
40780,0.19999396800994873
40781,0.23121772706508636
40782,0.27154603600502014
40783,0.246298685669899
40784,0.29325899481773376
40785,0.2629009485244751
40786,0.3392847776412964
40787,0.26589730381965637
40788,0.14608913660049438
40789,0.09423910081386566
40790,0.18042027950286865
40791,0.2976541817188263
40792,0.3441535532474518
40793,0.13094598054885864
40794,0.13858765363693237
40795,0.14972524344921112
40796,0.15627969801425934
40797,0.15750831365585327
40798,0.15059825778007507
40799,0.1470227986574173
40800,0.14851011335849762
40801,0.13758584856987
40802,0.13938696682453156
40803,0.1439560353755951
40804,0.14980070292949677
40805,0.1553497165441513
40806,0.1469879299402237
40807,0.146226167678833
40808,0.14213532209396362
40809,0.1607002466917038
40810,0.1739332526922226
40811,0.16051159799098969
40812,0.3666079342365265
40813,0.44514405727386475
40814,0.1874203085899353
40815,0.1585378348827362
40816,0.23295101523399353
40817,0.2319754958152771
40818,0.26837700605392456
40819,0.41592079401016235
40820,0.34478533267974854
40821,0.15653663873672485
40822,0.16620999574661255
40823,0.1890839785337448
40824,0.16122880578041077
40825,0.2495153248310089
40826,0.34228062629699707
40827,0.17384013533592224
40828,0.15847274661064148
40829,0.19490587711334229
40830,0.15052832663059235
40831,0.2908845841884613
40832,0.2607266902923584
40833,0.16987957060337067
40834,0.22196903824806213
40835,0.24799278378486633
40836,0.18346384167671204
40837,0.30778104066848755
40838,0.2470443844795227
40839,0.22738827764987946
40840,0.2706605792045593
40841,0.21198324859142303
40842,0.14579527080059052
40843,0.18151357769966125
40844,0.19453683495521545
40845,0.28587716817855835
40846,0.24452027678489685
40847,0.21059294044971466
40848,0.2567289173603058
40849,0.242143452167511
40850,0.2848021686077118
40851,0.21872654557228088
40852,0.2649776041507721
40853,0.28412291407585144
40854,0.3251928389072418
40855,0.253707617521286
40856,0.15443038940429688
40857,0.22160297632217407
40858,0.20176759362220764
40859,0.27799198031425476
40860,0.2582736313343048
40861,0.28173908591270447
40862,0.24395807087421417
40863,0.23444268107414246
40864,0.2305915802717209
40865,0.20597785711288452
40866,0.2072627991437912
40867,0.2052324414253235
40868,0.21766000986099243
40869,0.18358075618743896
40870,0.18849630653858185
40871,0.15208737552165985
40872,0.1538848578929901
40873,0.15198858082294464
40874,0.14936396479606628
40875,0.1564113050699234
40876,0.1453893929719925
40877,0.1607813686132431
40878,0.16458763182163239
40879,0.15701712667942047
40880,0.16144677996635437
40881,0.1538970023393631
40882,0.1385042369365692
40883,0.1300922930240631
40884,0.13034585118293762
40885,0.12945730984210968
40886,0.20360463857650757
40887,0.20027707517147064
40888,0.1999024897813797
40889,0.1957041174173355
40890,0.1873113363981247
40891,0.18362878262996674
40892,0.16701602935791016
40893,0.1485285609960556
40894,0.15032032132148743
40895,0.1317223310470581
40896,0.14660421013832092
40897,0.14100252091884613
40898,0.15595188736915588
40899,0.17376655340194702
40900,0.18208079040050507
40901,0.1627388298511505
40902,0.16312925517559052
40903,0.14434631168842316
40904,0.1303761601448059
40905,0.1528857797384262
40906,0.1403418928384781
40907,0.14916843175888062
40908,0.14626023173332214
40909,0.144443541765213
40910,0.14751844108104706
40911,0.14204774796962738
40912,0.15415595471858978
40913,0.1642470359802246
40914,0.17332418262958527
40915,0.18498200178146362
40916,0.17451052367687225
40917,0.17645971477031708
40918,0.17977619171142578
40919,0.1864517331123352
40920,0.205084428191185
40921,0.21966290473937988
40922,0.20830801129341125
40923,0.2238779217004776
40924,0.23155532777309418
40925,0.1859556883573532
40926,0.14771756529808044
40927,0.11441147327423096
40928,0.13181741535663605
40929,0.14503803849220276
40930,0.15132316946983337
40931,0.16257712244987488
40932,0.16271021962165833
40933,0.18631461262702942
40934,0.1747298240661621
40935,0.1672627031803131
40936,0.1785345822572708
40937,0.16707482933998108
40938,0.16159595549106598
40939,0.15408894419670105
40940,0.12789559364318848
40941,0.12476278841495514
40942,0.11922194808721542
40943,0.10604848712682724
40944,0.10673373192548752
40945,0.1143890768289566
40946,0.12389133125543594
40947,0.1533384919166565
40948,0.16650189459323883
40949,0.15486842393875122
40950,0.16593007743358612
40951,0.1768956184387207
40952,0.29470619559288025
40953,0.2737056016921997
40954,0.23403626680374146
40955,0.26845166087150574
40956,0.29154646396636963
40957,0.28435713052749634
40958,0.2869676947593689
40959,0.2661939263343811
40960,0.19316928088665009
40961,0.20944839715957642
40962,0.1577334851026535
40963,0.1511598378419876
40964,0.17813700437545776
40965,0.2086980789899826
40966,0.16147202253341675
40967,0.19991135597229004
40968,0.20461900532245636
40969,0.18867720663547516
40970,0.150375097990036
40971,0.20666980743408203
40972,0.19655971229076385
40973,0.18181388080120087
40974,0.18322871625423431
40975,0.2121550589799881
40976,0.1947939544916153
40977,0.2535415589809418
40978,0.23636722564697266
40979,0.2407827377319336
40980,0.23808471858501434
40981,0.22614090144634247
40982,0.21609516441822052
40983,0.25015735626220703
40984,0.23371891677379608
40985,0.21881622076034546
40986,0.20275749266147614
40987,0.20378819108009338
40988,0.1978904902935028
40989,0.19974005222320557
40990,0.20006443560123444
40991,0.18320927023887634
40992,0.19393371045589447
40993,0.19000329077243805
40994,0.2271927297115326
40995,0.2811903953552246
40996,0.19644489884376526
40997,0.21140608191490173
40998,0.22685569524765015
40999,0.2258952260017395
41000,0.1894056797027588
41001,0.20256397128105164
41002,0.22003795206546783
41003,0.23022164404392242
41004,0.20072396099567413
41005,0.23054493963718414
41006,0.23252452909946442
41007,0.2175423800945282
41008,0.20305171608924866
41009,0.16725842654705048
41010,0.1917630285024643
41011,0.19817925989627838
41012,0.22891169786453247
41013,0.20543956756591797
41014,0.1904565691947937
41015,0.22942401468753815
41016,0.2752046585083008
41017,0.27655282616615295
41018,0.23834800720214844
41019,0.24132196605205536
41020,0.18564806878566742
41021,0.1998528391122818
41022,0.22035565972328186
41023,0.1898588389158249
41024,0.15502279996871948
41025,0.1521046906709671
41026,0.26648467779159546
41027,0.15910549461841583
41028,0.1590677946805954
41029,0.2266784906387329
41030,0.24665521085262299
41031,0.2159397304058075
41032,0.19353428483009338
41033,0.1998639702796936
41034,0.20471146702766418
41035,0.23037603497505188
41036,0.19659806787967682
41037,0.18403878808021545
41038,0.1287958323955536
41039,0.16704191267490387
41040,0.29345592856407166
41041,0.15912024676799774
41042,0.15436433255672455
41043,0.13596713542938232
41044,0.2765243649482727
41045,0.30326128005981445
41046,0.11571477353572845
41047,0.2186243087053299
41048,0.16716822981834412
41049,0.24121463298797607
41050,0.26865100860595703
41051,0.3425106704235077
41052,0.2862567603588104
41053,0.3054949939250946
41054,0.24815700948238373
41055,0.2460208237171173
41056,0.1988193839788437
41057,0.17287829518318176
41058,0.17181307077407837
41059,0.17907263338565826
41060,0.13742274045944214
41061,0.16625583171844482
41062,0.12949290871620178
41063,0.11898662149906158
41064,0.13007794320583344
41065,0.12266215682029724
41066,0.12399419397115707
41067,0.11699164658784866
41068,0.1708291918039322
41069,0.20543216168880463
41070,0.22080856561660767
41071,0.2741274833679199
41072,0.15399354696273804
41073,0.14889590442180634
41074,0.19465669989585876
41075,0.22461161017417908
41076,0.17787770926952362
41077,0.26116642355918884
41078,0.23827935755252838
41079,0.23742078244686127
41080,0.1504652351140976
41081,0.2620238959789276
41082,0.2183445394039154
41083,0.2506570816040039
41084,0.2833288311958313
41085,0.2973627746105194
41086,0.29033124446868896
41087,0.13687774538993835
41088,0.18822136521339417
41089,0.044050056487321854
41090,0.3362620174884796
41091,0.20575514435768127
41092,0.18455660343170166
41093,0.2173427790403366
41094,0.18479079008102417
41095,0.12114875763654709
41096,0.17174220085144043
41097,0.24335543811321259
41098,0.19135695695877075
41099,0.18032778799533844
41100,0.19990147650241852
41101,0.2547646164894104
41102,0.2369779348373413
41103,0.21829408407211304
41104,0.14621151983737946
41105,0.2030799686908722
41106,0.24712543189525604
41107,0.32628604769706726
41108,0.18051712214946747
41109,0.21953649818897247
41110,0.30153951048851013
41111,0.2886933386325836
41112,0.23050269484519958
41113,0.26138028502464294
41114,0.2511847913265228
41115,0.13094858825206757
41116,0.2804310917854309
41117,0.218514546751976
41118,0.2280569225549698
41119,0.21111036837100983
41120,0.21111036837100983
41121,0.22798234224319458
41122,0.14820943772792816
41123,0.16413214802742004
41124,0.1947902888059616
41125,0.22576451301574707
41126,0.14802269637584686
41127,0.1563626229763031
41128,0.2230101227760315
41129,0.2146492749452591
41130,0.2644062340259552
41131,0.17589983344078064
41132,0.12945590913295746
41133,0.29391413927078247
41134,0.28879666328430176
41135,0.21913225948810577
41136,0.25603199005126953
41137,0.2633780241012573
41138,0.22058455646038055
41139,0.2344115972518921
41140,0.1967315673828125
41141,0.11940502375364304
41142,0.2262890487909317
41143,0.28004124760627747
41144,0.2654723823070526
41145,0.3428032696247101
41146,0.22392740845680237
41147,0.18157796561717987
41148,0.2583824396133423
41149,0.26163583993911743
41150,0.18308982253074646
41151,0.17690396308898926
41152,0.39441820979118347
41153,0.3650897145271301
41154,0.2843785285949707
41155,0.2469908446073532
41156,0.1515222042798996
41157,0.13399052619934082
41158,0.17707417905330658
41159,0.3859115242958069
41160,0.23282328248023987
41161,0.3112487196922302
41162,0.4128815531730652
41163,0.19680266082286835
41164,0.30555781722068787
41165,0.2651778757572174
41166,0.2018951177597046
41167,0.19564291834831238
41168,0.25857651233673096
41169,0.19826065003871918
41170,0.2045368254184723
41171,0.24070343375205994
41172,0.21064604818820953
41173,0.2764076590538025
41174,0.2940523624420166
41175,0.3335704207420349
41176,0.3707970082759857
41177,0.23440513014793396
41178,0.20098082721233368
41179,0.2503815293312073
41180,0.24610626697540283
41181,0.2971150577068329
41182,0.372061163187027
41183,0.14805370569229126
41184,0.1797296404838562
41185,0.19446249306201935
41186,0.17859970033168793
41187,0.21273323893547058
41188,0.27161622047424316
41189,0.24707067012786865
41190,0.2549179494380951
41191,0.2876521646976471
41192,0.2887587547302246
41193,0.27597111463546753
41194,0.12325882911682129
41195,0.2599113881587982
41196,0.26987385749816895
41197,0.20558802783489227
41198,0.2888430655002594
41199,0.25401771068573
41200,0.20162057876586914
41201,0.16648884117603302
41202,0.2996580898761749
41203,0.3379356861114502
41204,0.23348447680473328
41205,0.22806687653064728
41206,0.20522743463516235
41207,0.20976340770721436
41208,0.21866291761398315
41209,0.24477039277553558
41210,0.22113586962223053
41211,0.2157607078552246
41212,0.1977338343858719
41213,0.19286680221557617
41214,0.21774563193321228
41215,0.20062024891376495
41216,0.20566436648368835
41217,0.2198379933834076
41218,0.1585986614227295
41219,0.144732266664505
41220,0.21088652312755585
41221,0.28390440344810486
41222,0.1852647215127945
41223,0.24293991923332214
41224,0.1657562404870987
41225,0.21155376732349396
41226,0.34531375765800476
41227,0.3292522430419922
41228,0.291914165019989
41229,0.30714932084083557
41230,0.36664262413978577
41231,0.39177224040031433
41232,0.13134583830833435
41233,0.3255307972431183
41234,0.24155092239379883
41235,0.1606462299823761
41236,0.19155138731002808
41237,0.19659197330474854
41238,0.16688866913318634
41239,0.17728731036186218
41240,0.2486092746257782
41241,0.21039962768554688
41242,0.2303043007850647
41243,0.1800016611814499
41244,0.18567690253257751
41245,0.2047574818134308
41246,0.16853424906730652
41247,0.25270557403564453
41248,0.16489282250404358
41249,0.15111207962036133
41250,0.1624438762664795
41251,0.15342676639556885
41252,0.1037631630897522
41253,0.23557472229003906
41254,0.1966741383075714
41255,0.24920786917209625
41256,0.2442505657672882
41257,0.18838515877723694
41258,0.14279094338417053
41259,0.2100074738264084
41260,0.10589361935853958
41261,0.12018544226884842
41262,0.24886272847652435
41263,0.13871097564697266
41264,0.1286034882068634
41265,0.35646766424179077
41266,0.29102277755737305
41267,0.35833603143692017
41268,0.35932019352912903
41269,0.3551187813282013
41270,0.36642587184906006
41271,0.24994994699954987
41272,0.18837030231952667
41273,0.2743290364742279
41274,0.19147220253944397
41275,0.2155698537826538
41276,0.14941169321537018
41277,0.23454532027244568
41278,0.26713359355926514
41279,0.3117055892944336
41280,0.19705966114997864
41281,0.1982475370168686
41282,0.14926213026046753
41283,0.22673550248146057
41284,0.2975282371044159
41285,0.2757234573364258
41286,0.23248696327209473
41287,0.18921667337417603
41288,0.1910465955734253
41289,0.22689570486545563
41290,0.2061166614294052
41291,0.17624624073505402
41292,0.22201736271381378
41293,0.2027227282524109
41294,0.21679158508777618
41295,0.21065886318683624
41296,0.15212011337280273
41297,0.22420355677604675
41298,0.15158124268054962
41299,0.18216775357723236
41300,0.30138882994651794
41301,0.1580934375524521
41302,0.13706821203231812
41303,0.2864447236061096
41304,0.19840790331363678
41305,0.16725996136665344
41306,0.1628817766904831
41307,0.15313071012496948
41308,0.24536573886871338
41309,0.19142773747444153
41310,0.20269747078418732
41311,0.2073303610086441
41312,0.16017472743988037
41313,0.2338981032371521
41314,0.28274810314178467
41315,0.16661958396434784
41316,0.2237582802772522
41317,0.2584066390991211
41318,0.30635181069374084
41319,0.22387827932834625
41320,0.23797433078289032
41321,0.2310587763786316
41322,0.21225103735923767
41323,0.21539053320884705
41324,0.2563851773738861
41325,0.23501968383789062
41326,0.21255217492580414
41327,0.20487920939922333
41328,0.22649598121643066
41329,0.2645830512046814
41330,0.3285810649394989
41331,0.2106548249721527
41332,0.17999139428138733
41333,0.15458647906780243
41334,0.2184385061264038
41335,0.16510464251041412
41336,0.2934763431549072
41337,0.27491796016693115
41338,0.24442526698112488
41339,0.1595463752746582
41340,0.2088441103696823
41341,0.2214847207069397
41342,0.22319936752319336
41343,0.3233850300312042
41344,0.2671329081058502
41345,0.1935369074344635
41346,0.2925250828266144
41347,0.2920621633529663
41348,0.26128077507019043
41349,0.24491411447525024
41350,0.19744554162025452
41351,0.2097632884979248
41352,0.19688592851161957
41353,0.3261171579360962
41354,0.20710915327072144
41355,0.31128159165382385
41356,0.1847088783979416
41357,0.27288350462913513
41358,0.19600479304790497
41359,0.2543439567089081
41360,0.2601270079612732
41361,0.21938155591487885
41362,0.21925795078277588
41363,0.2324315756559372
41364,0.21590666472911835
41365,0.290944367647171
41366,0.19394415616989136
41367,0.34815433621406555
41368,0.2176782339811325
41369,0.22824996709823608
41370,0.24455861747264862
41371,0.2655729055404663
41372,0.22431690990924835
41373,0.3419951796531677
41374,0.19471275806427002
41375,0.25596755743026733
41376,0.23105399310588837
41377,0.12613415718078613
41378,0.23878222703933716
41379,0.2637842297554016
41380,0.2517877221107483
41381,0.229538232088089
41382,0.17195641994476318
41383,0.21040283143520355
41384,0.1776612251996994
41385,0.14928072690963745
41386,0.1874571442604065
41387,0.14819888770580292
41388,0.3003782629966736
41389,0.2821422815322876
41390,0.25492140650749207
41391,0.24126960337162018
41392,0.22040139138698578
41393,0.2195529043674469
41394,0.26968175172805786
41395,0.23677831888198853
41396,0.22936034202575684
41397,0.27812454104423523
41398,0.25675350427627563
41399,0.22749492526054382
41400,0.18114297091960907
41401,0.22197476029396057
41402,0.2143010050058365
41403,0.19844383001327515
41404,0.16629888117313385
41405,0.14665476977825165
41406,0.1910359263420105
41407,0.20657099783420563
41408,0.20834559202194214
41409,0.11458060145378113
41410,0.22410398721694946
41411,0.27052438259124756
41412,0.20106080174446106
41413,0.20147544145584106
41414,0.2886168956756592
41415,0.30819982290267944
41416,0.16635988652706146
41417,0.18194185197353363
41418,0.17036856710910797
41419,0.17870990931987762
41420,0.26844459772109985
41421,0.19645492732524872
41422,0.13610363006591797
41423,0.1878657042980194
41424,0.21803218126296997
41425,0.18906667828559875
41426,0.19635939598083496
41427,0.2026437222957611
41428,0.23498478531837463
41429,0.14433914422988892
41430,0.27116167545318604
41431,0.23906372487545013
41432,0.18208083510398865
41433,0.23429350554943085
41434,0.1801166832447052
41435,0.16894641518592834
41436,0.12883637845516205
41437,0.18911273777484894
41438,0.1639666110277176
41439,0.22626592218875885
41440,0.17826107144355774
41441,0.44510820508003235
41442,0.2544843852519989
41443,0.1818220317363739
41444,0.21307626366615295
41445,0.12852171063423157
41446,0.23449763655662537
41447,0.13642649352550507
41448,0.334764301776886
41449,0.2880544662475586
41450,0.286884605884552
41451,0.2872144281864166
41452,0.18968947231769562
41453,0.19952763617038727
41454,0.1208946630358696
41455,0.2761271297931671
41456,0.22702543437480927
41457,0.15105804800987244
41458,0.10200367867946625
41459,0.24381613731384277
41460,0.21796421706676483
41461,0.1696886420249939
41462,0.14600315690040588
41463,0.22306016087532043
41464,0.20722615718841553
41465,0.1066577136516571
41466,0.2369081974029541
41467,0.2010868936777115
41468,0.3156367540359497
41469,0.3557060956954956
41470,0.1700291931629181
41471,0.09972318261861801
41472,0.21768948435783386
41473,0.2611881196498871
41474,0.2801304757595062
41475,0.29579341411590576
41476,0.1757819503545761
41477,0.2580638527870178
41478,0.1910184919834137
41479,0.23410995304584503
41480,0.14040899276733398
41481,0.1818825602531433
41482,0.18088050186634064
41483,0.17019911110401154
41484,0.15160690248012543
41485,0.1290590912103653
41486,0.22221782803535461
41487,0.22159360349178314
41488,0.19132789969444275
41489,0.1672118604183197
41490,0.1861916482448578
41491,0.1767755150794983
41492,0.2168445736169815
41493,0.23372308909893036
41494,0.23600853979587555
41495,0.2270481437444687
41496,0.20758548378944397
41497,0.1180303692817688
41498,0.14853543043136597
41499,0.14084604382514954
41500,0.13027134537696838
41501,0.14556550979614258
41502,0.10628331452608109
41503,0.10847411304712296
41504,0.09741045534610748
41505,0.08669672906398773
41506,0.09634187072515488
41507,0.09700208157300949
41508,0.10517162084579468
41509,0.0972747802734375
41510,0.08528172969818115
41511,0.08102019131183624
41512,0.08310506492853165
41513,0.07939553260803223
41514,0.07321576774120331
41515,0.1053844466805458
41516,0.09756927937269211
41517,0.10379341244697571
41518,0.09305472671985626
41519,0.10424056649208069
41520,0.10691674798727036
41521,0.10356997698545456
41522,0.09273036569356918
41523,0.09117669612169266
41524,0.08846883475780487
41525,0.088568776845932
41526,0.1213187575340271
41527,0.11138059943914413
41528,0.10930405557155609
41529,0.14546754956245422
41530,0.13220375776290894
41531,0.14333616197109222
41532,0.1257891207933426
41533,0.1757897436618805
41534,0.15738052129745483
41535,0.13545575737953186
41536,0.12067028880119324
41537,0.1316736787557602
41538,0.13749562203884125
41539,0.14045023918151855
41540,0.13050885498523712
41541,0.12958021461963654
41542,0.10296563804149628
41543,0.12335718423128128
41544,0.1270694136619568
41545,0.12430976331233978
41546,0.12267403304576874
41547,0.1544608622789383
41548,0.1591675877571106
41549,0.12725594639778137
41550,0.1323116421699524
41551,0.13140162825584412
41552,0.14603766798973083
41553,0.14765945076942444
41554,0.15843766927719116
41555,0.15870614349842072
41556,0.1591862440109253
41557,0.15713904798030853
41558,0.1520717740058899
41559,0.15656715631484985
41560,0.14804117381572723
41561,0.12742798030376434
41562,0.08899666368961334
41563,0.09578509628772736
41564,0.14890755712985992
41565,0.17431016266345978
41566,0.09789953380823135
41567,0.1251211166381836
41568,0.14605697989463806
41569,0.177152618765831
41570,0.17741931974887848
41571,0.1759519875049591
41572,0.16409476101398468
41573,0.14593513309955597
41574,0.13563533127307892
41575,0.12593406438827515
41576,0.12020174413919449
41577,0.1295124590396881
41578,0.13998110592365265
41579,0.13933522999286652
41580,0.10142789036035538
41581,0.0967852771282196
41582,0.09909515082836151
41583,0.2643469572067261
41584,0.19473282992839813
41585,0.222066730260849
41586,0.14457476139068604
41587,0.1483025848865509
41588,0.13685724139213562
41589,0.1495426446199417
41590,0.15901057422161102
41591,0.17877736687660217
41592,0.3598466217517853
41593,0.28017500042915344
41594,0.2516399025917053
41595,0.2938889265060425
41596,0.23479844629764557
41597,0.1894325315952301
41598,0.16027601063251495
41599,0.13050323724746704
41600,0.23284053802490234
41601,0.22549693286418915
41602,0.22475565969944
41603,0.39403069019317627
41604,0.3659732937812805
41605,0.3423026502132416
41606,0.23818285763263702
41607,0.22947733104228973
41608,0.3344828188419342
41609,0.2637362778186798
41610,0.28116804361343384
41611,0.19171391427516937
41612,0.26235121488571167
41613,0.25132977962493896
41614,0.21238762140274048
41615,0.2313980907201767
41616,0.20828555524349213
41617,0.2607644200325012
41618,0.2044868916273117
41619,0.22522000968456268
41620,0.2403673380613327
41621,0.22013972699642181
41622,0.3196297883987427
41623,0.20979860424995422
41624,0.1512279212474823
41625,0.20265410840511322
41626,0.17605002224445343
41627,0.19144988059997559
41628,0.2618422210216522
41629,0.22468975186347961
41630,0.2001933753490448
41631,0.1992468535900116
41632,0.3403059244155884
41633,0.2812553346157074
41634,0.2289251983165741
41635,0.2874673008918762
41636,0.31447359919548035
41637,0.36616751551628113
41638,0.30932000279426575
41639,0.28871071338653564
41640,0.3368583619594574
41641,0.23379629850387573
41642,0.2678540349006653
41643,0.23284652829170227
41644,0.21222639083862305
41645,0.28272566199302673
41646,0.25954002141952515
41647,0.34736666083335876
41648,0.32762545347213745
41649,0.2987927496433258
41650,0.2978005111217499
41651,0.2659197151660919
41652,0.25609636306762695
41653,0.2555690109729767
41654,0.24289056658744812
41655,0.274371474981308
41656,0.25626757740974426
41657,0.26181453466415405
41658,0.20770931243896484
41659,0.23049621284008026
41660,0.2499081939458847
41661,0.1889544278383255
41662,0.15966467559337616
41663,0.20585545897483826
41664,0.19325722754001617
41665,0.26688170433044434
41666,0.2509186267852783
41667,0.2258988618850708
41668,0.17340439558029175
41669,0.2176046520471573
41670,0.1945924013853073
41671,0.15922696888446808
41672,0.15392377972602844
41673,0.25097835063934326
41674,0.257172554731369
41675,0.1680348664522171
41676,0.20172333717346191
41677,0.2228107452392578
41678,0.18673479557037354
41679,0.21981580555438995
41680,0.19823184609413147
41681,0.17314578592777252
41682,0.15530748665332794
41683,0.22013071179389954
41684,0.25116729736328125
41685,0.21749477088451385
41686,0.22836118936538696
41687,0.13419826328754425
41688,0.1480342000722885
41689,0.17967255413532257
41690,0.19772391021251678
41691,0.1889454424381256
41692,0.18749012053012848
41693,0.18462178111076355
41694,0.18951581418514252
41695,0.3079908788204193
41696,0.30400535464286804
41697,0.18368887901306152
41698,0.20246922969818115
41699,0.27057886123657227
41700,0.14243660867214203
41701,0.16662558913230896
41702,0.13360372185707092
41703,0.19536201655864716
41704,0.21312397718429565
41705,0.19744360446929932
41706,0.20229455828666687
41707,0.16279564797878265
41708,0.19952604174613953
41709,0.22498570382595062
41710,0.0833306610584259
41711,0.1551429182291031
41712,0.14267350733280182
41713,0.13940051198005676
41714,0.13891495764255524
41715,0.2036924958229065
41716,0.2311285138130188
41717,0.2577213943004608
41718,0.14901387691497803
41719,0.27488332986831665
41720,0.21744558215141296
41721,0.13494771718978882
41722,0.18732000887393951
41723,0.206950843334198
41724,0.18090595304965973
41725,0.21127444505691528
41726,0.1919325888156891
41727,0.20753923058509827
41728,0.20407813787460327
41729,0.20001596212387085
41730,0.1809951215982437
41731,0.16176283359527588
41732,0.209729865193367
41733,0.18385079503059387
41734,0.22450396418571472
41735,0.20969848334789276
41736,0.19084854423999786
41737,0.2635224759578705
41738,0.2915905714035034
41739,0.28956377506256104
41740,0.2644474506378174
41741,0.2539636790752411
41742,0.23870573937892914
41743,0.23575043678283691
41744,0.2013590931892395
41745,0.29875752329826355
41746,0.19867776334285736
41747,0.21130536496639252
41748,0.22063876688480377
41749,0.21223603188991547
41750,0.18183915317058563
41751,0.21742838621139526
41752,0.20888783037662506
41753,0.2738349437713623
41754,0.3156709372997284
41755,0.25437459349632263
41756,0.17880839109420776
41757,0.1756315529346466
41758,0.22472995519638062
41759,0.21105173230171204
41760,0.23927858471870422
41761,0.28723517060279846
41762,0.2195364236831665
41763,0.2097422480583191
41764,0.2080237716436386
41765,0.1940501481294632
41766,0.1857919842004776
41767,0.21505063772201538
41768,0.24176719784736633
41769,0.22158794105052948
41770,0.16572238504886627
41771,0.19790507853031158
41772,0.1937113255262375
41773,0.17314141988754272
41774,0.2143915742635727
41775,0.23362433910369873
41776,0.2040000855922699
41777,0.22074387967586517
41778,0.26629048585891724
41779,0.2899259626865387
41780,0.23287105560302734
41781,0.25199395418167114
41782,0.28509047627449036
41783,0.26761937141418457
41784,0.19466476142406464
41785,0.27936992049217224
41786,0.24703359603881836
41787,0.20267194509506226
41788,0.24856381118297577
41789,0.22368381917476654
41790,0.17167557775974274
41791,0.2752143144607544
41792,0.2274738848209381
41793,0.20993557572364807
41794,0.19072400033473969
41795,0.25133195519447327
41796,0.1911957859992981
41797,0.22429706156253815
41798,0.18274110555648804
41799,0.1872357279062271
41800,0.19879138469696045
41801,0.1745532602071762
41802,0.2308618724346161
41803,0.13056500256061554
41804,0.17054295539855957
41805,0.1695333868265152
41806,0.19954058527946472
41807,0.22312523424625397
41808,0.2302314043045044
41809,0.2787087857723236
41810,0.2737663686275482
41811,0.28610309958457947
41812,0.22370979189872742
41813,0.24050620198249817
41814,0.24659663438796997
41815,0.2505236566066742
41816,0.2014916092157364
41817,0.18120135366916656
41818,0.1905132532119751
41819,0.220767542719841
41820,0.20588532090187073
41821,0.24722780287265778
41822,0.22014319896697998
41823,0.2314271330833435
41824,0.30573520064353943
41825,0.2954080104827881
41826,0.29928821325302124
41827,0.21264468133449554
41828,0.2729649543762207
41829,0.24700415134429932
41830,0.2315467894077301
41831,0.18397599458694458
41832,0.16659493744373322
41833,0.18388333916664124
41834,0.17798475921154022
41835,0.21608556807041168
41836,0.20565947890281677
41837,0.21993683278560638
41838,0.24162469804286957
41839,0.21110403537750244
41840,0.2569349408149719
41841,0.2368813157081604
41842,0.23315972089767456
41843,0.1965956836938858
41844,0.21684974431991577
41845,0.23517771065235138
41846,0.24236036837100983
41847,0.26974695920944214
41848,0.23286955058574677
41849,0.2416490912437439
41850,0.10438430309295654
41851,0.08474566787481308
41852,0.06824585050344467
41853,0.10541072487831116
41854,0.07549064606428146
41855,0.08289241790771484
41856,0.14931854605674744
41857,0.14931854605674744
41858,0.06579359620809555
41859,0.07973185926675797
41860,0.09526515007019043
41861,0.10419724881649017
41862,0.10419724881649017
41863,0.15592217445373535
41864,0.08076097071170807
41865,0.07995060086250305
41866,0.06783059239387512
41867,0.06783059239387512
41868,0.06783059239387512
41869,0.06783059239387512
41870,0.06783059239387512
41871,0.06241022050380707
41872,0.05966367945075035
41873,0.071867935359478
41874,0.06756357103586197
41875,0.07238305360078812
41876,0.11599414050579071
41877,0.0863952711224556
41878,0.07340606302022934
41879,0.06756357103586197
41880,0.20236249268054962
41881,0.15581688284873962
41882,0.0887727290391922
41883,0.115641750395298
41884,0.115641750395298
41885,0.15016061067581177
41886,0.15016061067581177
41887,0.18047493696212769
41888,0.24633699655532837
41889,0.16654302179813385
41890,0.28419071435928345
41891,0.30897587537765503
41892,0.2670481503009796
41893,0.19395576417446136
41894,0.17970433831214905
41895,0.27976348996162415
41896,0.22860626876354218
41897,0.2770994305610657
41898,0.17191173136234283
41899,0.17462892830371857
41900,0.16843217611312866
41901,0.20263463258743286
41902,0.15619859099388123
41903,0.1678839772939682
41904,0.20248763263225555
41905,0.10218894481658936
41906,0.07501275092363358
41907,0.15589693188667297
41908,0.13760696351528168
41909,0.1368016004562378
41910,0.08772057294845581
41911,0.21202905476093292
41912,0.23820912837982178
41913,0.25553587079048157
41914,0.22780704498291016
41915,0.21780486404895782
41916,0.25208383798599243
41917,0.22413966059684753
41918,0.22837470471858978
41919,0.19587568938732147
41920,0.229366272687912
41921,0.21090850234031677
41922,0.198850616812706
41923,0.1978244185447693
41924,0.23553234338760376
41925,0.22654448449611664
41926,0.17568108439445496
41927,0.20663651823997498
41928,0.26302075386047363
41929,0.24662840366363525
41930,0.23004181683063507
41931,0.21337226033210754
41932,0.19907715916633606
41933,0.24431823194026947
41934,0.2157289683818817
41935,0.2360529601573944
41936,0.19508390128612518
41937,0.1904187798500061
41938,0.17766804993152618
41939,0.17967887222766876
41940,0.1850494146347046
41941,0.20281893014907837
41942,0.2142045795917511
41943,0.2795739769935608
41944,0.18793949484825134
41945,0.2125358134508133
41946,0.19760176539421082
41947,0.20510289072990417
41948,0.16120629012584686
41949,0.2555573284626007
41950,0.23271791636943817
41951,0.2944530248641968
41952,0.2630994915962219
41953,0.18693216145038605
41954,0.18401630222797394
41955,0.17760346829891205
41956,0.1879914551973343
41957,0.20663407444953918
41958,0.1644560694694519
41959,0.21801429986953735
41960,0.15821784734725952
41961,0.2327839434146881
41962,0.25291624665260315
41963,0.20517419278621674
41964,0.26807650923728943
41965,0.2222730815410614
41966,0.24746325612068176
41967,0.27122989296913147
41968,0.2607813775539398
41969,0.2592150866985321
41970,0.25617241859436035
41971,0.30519089102745056
41972,0.2837604582309723
41973,0.24001257121562958
41974,0.21986404061317444
41975,0.3465639650821686
41976,0.19030159711837769
41977,0.18165819346904755
41978,0.1873554140329361
41979,0.22793690860271454
41980,0.14473123848438263
41981,0.17550387978553772
41982,0.28037378191947937
41983,0.27764642238616943
41984,0.27699267864227295
41985,0.23621588945388794
41986,0.2676227390766144
41987,0.23596185445785522
41988,0.22758997976779938
41989,0.17611126601696014
41990,0.19684869050979614
41991,0.2733076512813568
41992,0.24283279478549957
41993,0.2998480498790741
41994,0.23572871088981628
41995,0.27112236618995667
41996,0.27144935727119446
41997,0.24711839854717255
41998,0.23120754957199097
41999,0.22350291907787323
42000,0.21667040884494781
42001,0.2137128710746765
42002,0.22108645737171173
42003,0.22269029915332794
42004,0.2239212691783905
42005,0.22670546174049377
42006,0.22746647894382477
42007,0.22030915319919586
42008,0.23110607266426086
42009,0.2584688365459442
42010,0.29850807785987854
42011,0.29524555802345276
42012,0.227584570646286
42013,0.29558053612709045
42014,0.23603658378124237
42015,0.31918948888778687
42016,0.2923831641674042
42017,0.2619642913341522
42018,0.26973509788513184
42019,0.2877865731716156
42020,0.30014848709106445
42021,0.2935313880443573
42022,0.26107341051101685
42023,0.25889354944229126
42024,0.19478505849838257
42025,0.3054889440536499
42026,0.38552671670913696
42027,0.3498234450817108
42028,0.3296409547328949
42029,0.18083670735359192
42030,0.27657967805862427
42031,0.30964502692222595
42032,0.2802615761756897
42033,0.22547981142997742
42034,0.2963799238204956
42035,0.31546369194984436
42036,0.2946358025074005
42037,0.2682691514492035
42038,0.2671861946582794
42039,0.2789691984653473
42040,0.27164480090141296
42041,0.2777158319950104
42042,0.2736470103263855
42043,0.26673609018325806
42044,0.20700648427009583
42045,0.18584312498569489
42046,0.21869848668575287
42047,0.22400787472724915
42048,0.18716838955879211
42049,0.3117496073246002
42050,0.24543261528015137
42051,0.23075836896896362
42052,0.20763364434242249
42053,0.18824303150177002
42054,0.2642855942249298
42055,0.24612727761268616
42056,0.2528092861175537
42057,0.2075495421886444
42058,0.2282831370830536
42059,0.23732686042785645
42060,0.2939627766609192
42061,0.2650647759437561
42062,0.25467225909233093
42063,0.20760399103164673
42064,0.21583344042301178
42065,0.20667144656181335
42066,0.22338813543319702
42067,0.24518762528896332
42068,0.2902350127696991
42069,0.22296831011772156
42070,0.2306193709373474
42071,0.1788540780544281
42072,0.20971663296222687
42073,0.18685367703437805
42074,0.15854045748710632
42075,0.16377504169940948
42076,0.1991686224937439
42077,0.193683460354805
42078,0.19688622653484344
42079,0.21385201811790466
42080,0.16258147358894348
42081,0.15204153954982758
42082,0.16829873621463776
42083,0.16829873621463776
42084,0.16313239932060242
42085,0.18663278222084045
42086,0.2018469274044037
42087,0.23917773365974426
42088,0.20119141042232513
42089,0.21574079990386963
42090,0.26864996552467346
42091,0.21182957291603088
42092,0.2698366045951843
42093,0.24824821949005127
42094,0.2069501280784607
42095,0.23053355515003204
42096,0.24910973012447357
42097,0.2189657986164093
42098,0.1470060646533966
42099,0.17710670828819275
42100,0.1971326768398285
42101,0.19482514262199402
42102,0.17359696328639984
42103,0.2842181324958801
42104,0.2867436408996582
42105,0.2732497453689575
42106,0.28916460275650024
42107,0.287457138299942
42108,0.2740395963191986
42109,0.2845127582550049
42110,0.3161807656288147
42111,0.3139607310295105
42112,0.2848120331764221
42113,0.3020665943622589
42114,0.2675881087779999
42115,0.28465333580970764
42116,0.3347330093383789
42117,0.31406351923942566
42118,0.25478535890579224
42119,0.24140630662441254
42120,0.24201764166355133
42121,0.2312764823436737
42122,0.25665104389190674
42123,0.2396804690361023
42124,0.2519952654838562
42125,0.20525525510311127
42126,0.23712734878063202
42127,0.23211827874183655
42128,0.2923625409603119
42129,0.2705705165863037
42130,0.24523858726024628
42131,0.2859398424625397
42132,0.2977994978427887
42133,0.3054341673851013
42134,0.28056976199150085
42135,0.26149216294288635
42136,0.2521769404411316
42137,0.21625235676765442
42138,0.23135575652122498
42139,0.2717611491680145
42140,0.28870999813079834
42141,0.2927491366863251
42142,0.31569844484329224
42143,0.3000888526439667
42144,0.25939226150512695
42145,0.23370571434497833
42146,0.2292553037405014
42147,0.24981121718883514
42148,0.27061596512794495
42149,0.34040507674217224
42150,0.33308443427085876
42151,0.30324146151542664
42152,0.30910828709602356
42153,0.32460230588912964
42154,0.1972065567970276
42155,0.21411849558353424
42156,0.17773690819740295
42157,0.23178794980049133
42158,0.220382958650589
42159,0.2549821436405182
42160,0.26245996356010437
42161,0.2237505167722702
42162,0.21743761003017426
42163,0.2229742854833603
42164,0.19219870865345
42165,0.14499089121818542
42166,0.1622905284166336
42167,0.14225783944129944
42168,0.12879566848278046
42169,0.12804491817951202
42170,0.1581394523382187
42171,0.14966915547847748
42172,0.19819949567317963
42173,0.2489141970872879
42174,0.15464471280574799
42175,0.3671535849571228
42176,0.27264776825904846
42177,0.2723173499107361
42178,0.18151186406612396
42179,0.2586944103240967
42180,0.21904131770133972
42181,0.2172698974609375
42182,0.1011519730091095
42183,0.09702804684638977
42184,0.1011519730091095
42185,0.13098910450935364
42186,0.12734153866767883
42187,0.138181671500206
42188,0.19259756803512573
42189,0.13125059008598328
42190,0.1924251914024353
42191,0.2635447084903717
42192,0.2446567416191101
42193,0.16763822734355927
42194,0.2953185737133026
42195,0.25881141424179077
42196,0.24629738926887512
42197,0.2505747973918915
42198,0.27049878239631653
42199,0.25970593094825745
42200,0.28286024928092957
42201,0.25914904475212097
42202,0.21312394738197327
42203,0.2488054782152176
42204,0.22407108545303345
42205,0.27690884470939636
42206,0.23889796435832977
42207,0.25044605135917664
42208,0.23322653770446777
42209,0.2560948133468628
42210,0.376295804977417
42211,0.27616897225379944
42212,0.26965126395225525
42213,0.3048945665359497
42214,0.3096790909767151
42215,0.3053405284881592
42216,0.33303433656692505
42217,0.255252867937088
42218,0.33208754658699036
42219,0.30490365624427795
42220,0.33607420325279236
42221,0.3471623361110687
42222,0.2809732258319855
42223,0.28073057532310486
42224,0.34586358070373535
42225,0.320980966091156
42226,0.24463626742362976
42227,0.3378426432609558
42228,0.323765367269516
42229,0.3293132185935974
42230,0.27210867404937744
42231,0.2687142491340637
42232,0.20966650545597076
42233,0.28327786922454834
42234,0.21497225761413574
42235,0.34234413504600525
42236,0.18343888223171234
42237,0.20442694425582886
42238,0.18250808119773865
42239,0.23116949200630188
42240,0.2547853887081146
42241,0.19787508249282837
42242,0.19352656602859497
42243,0.29902613162994385
42244,0.20290341973304749
42245,0.27301669120788574
42246,0.14565709233283997
42247,0.29173925518989563
42248,0.2593308985233307
42249,0.344683974981308
42250,0.23964180052280426
42251,0.38814637064933777
42252,0.16752436757087708
42253,0.18907321989536285
42254,0.21963007748126984
42255,0.20557080209255219
42256,0.17453931272029877
42257,0.23078550398349762
42258,0.189250186085701
42259,0.1899614930152893
42260,0.20328575372695923
42261,0.29820168018341064
42262,0.31499871611595154
42263,0.17146213352680206
42264,0.21423760056495667
42265,0.3143532872200012
42266,0.20502008497714996
42267,0.14628463983535767
42268,0.2850361168384552
42269,0.2995098829269409
42270,0.26514536142349243
42271,0.2475651651620865
42272,0.18783576786518097
42273,0.184617817401886
42274,0.27720579504966736
42275,0.22561180591583252
42276,0.2912057936191559
42277,0.18481746315956116
42278,0.17935875058174133
42279,0.2177763283252716
42280,0.30724847316741943
42281,0.2759002447128296
42282,0.25859519839286804
42283,0.285076379776001
42284,0.2431746870279312
42285,0.1797909438610077
42286,0.22203044593334198
42287,0.24704262614250183
42288,0.2393190860748291
42289,0.24562416970729828
42290,0.3133701682090759
42291,0.2877374291419983
42292,0.2225942313671112
42293,0.22886815667152405
42294,0.21284961700439453
42295,0.24913500249385834
42296,0.24961933493614197
42297,0.24916543066501617
42298,0.24395911395549774
42299,0.1941671073436737
42300,0.24768728017807007
42301,0.2148001343011856
42302,0.20375734567642212
42303,0.18589958548545837
42304,0.2161540985107422
42305,0.16214615106582642
42306,0.36122068762779236
42307,0.17592628300189972
42308,0.19370102882385254
42309,0.27531325817108154
42310,0.23743590712547302
42311,0.2364194244146347
42312,0.24058175086975098
42313,0.2799099087715149
42314,0.25637009739875793
42315,0.27470237016677856
42316,0.271898090839386
42317,0.22789323329925537
42318,0.24638360738754272
42319,0.2054641991853714
42320,0.24303539097309113
42321,0.2886969745159149
42322,0.27208608388900757
42323,0.2158418893814087
42324,0.20321129262447357
42325,0.23807716369628906
42326,0.23969633877277374
42327,0.25577476620674133
42328,0.25202956795692444
42329,0.2632623314857483
42330,0.21600782871246338
42331,0.1964348554611206
42332,0.23204320669174194
42333,0.26431554555892944
42334,0.2564692497253418
42335,0.2670322060585022
42336,0.23878957331180573
42337,0.17531098425388336
42338,0.16324815154075623
42339,0.26036497950553894
42340,0.19542033970355988
42341,0.20866508781909943
42342,0.21433092653751373
42343,0.20501703023910522
42344,0.21582454442977905
42345,0.2281363308429718
42346,0.23520468175411224
42347,0.18124021589756012
42348,0.17409473657608032
42349,0.20495004951953888
42350,0.20863917469978333
42351,0.2027774453163147
42352,0.2118520736694336
42353,0.21389330923557281
42354,0.24521246552467346
42355,0.2074742466211319
42356,0.19181206822395325
42357,0.16558672487735748
42358,0.16491088271141052
42359,0.18549767136573792
42360,0.19539958238601685
42361,0.2127787172794342
42362,0.22534401714801788
42363,0.2153245210647583
42364,0.22160598635673523
42365,0.1981806755065918
42366,0.18637652695178986
42367,0.187910795211792
42368,0.21927852928638458
42369,0.21803011000156403
42370,0.2165369987487793
42371,0.2108774036169052
42372,0.21936878561973572
42373,0.24713781476020813
42374,0.23466339707374573
42375,0.2585628628730774
42376,0.2207116335630417
42377,0.21670185029506683
42378,0.2340286523103714
42379,0.24608102440834045
42380,0.1886730194091797
42381,0.1739741563796997
42382,0.2169782966375351
42383,0.21511545777320862
42384,0.21171525120735168
42385,0.23134370148181915
42386,0.22660598158836365
42387,0.21905668079853058
42388,0.17785856127738953
42389,0.20807498693466187
42390,0.22781376540660858
42391,0.2595341205596924
42392,0.27389928698539734
42393,0.26028960943222046
42394,0.2172800898551941
42395,0.23797595500946045
42396,0.2225678712129593
42397,0.1898719221353531
42398,0.22687233984470367
42399,0.19771234691143036
42400,0.1963435858488083
42401,0.20763608813285828
42402,0.24678240716457367
42403,0.24198442697525024
42404,0.2416432648897171
42405,0.2194187194108963
42406,0.21470975875854492
42407,0.21284641325473785
42408,0.20573531091213226
42409,0.19500486552715302
42410,0.24270789325237274
42411,0.2351682186126709
42412,0.2795393168926239
42413,0.2329467386007309
42414,0.22302667796611786
42415,0.2326182872056961
42416,0.2441936582326889
42417,0.26695048809051514
42418,0.24021662771701813
42419,0.20893710851669312
42420,0.18102054297924042
42421,0.1688520908355713
42422,0.1652342677116394
42423,0.16773295402526855
42424,0.21615904569625854
42425,0.23532269895076752
42426,0.27150893211364746
42427,0.31344783306121826
42428,0.27819812297821045
42429,0.28827807307243347
42430,0.09457714855670929
42431,0.09717155992984772
42432,0.11124060302972794
42433,0.11594089865684509
42434,0.1153794601559639
42435,0.11812116205692291
42436,0.10317739099264145
42437,0.10416921228170395
42438,0.08566604554653168
42439,0.11302333325147629
42440,0.08994540572166443
42441,0.11118105053901672
42442,0.1086961105465889
42443,0.10699275135993958
42444,0.13123711943626404
42445,0.11722660809755325
42446,0.1047794297337532
42447,0.12888787686824799
42448,0.105596624314785
42449,0.09235876798629761
42450,0.08681172877550125
42451,0.0977148711681366
42452,0.1116214469075203
42453,0.11690887808799744
42454,0.12073890119791031
42455,0.1268102079629898
42456,0.10869666188955307
42457,0.09602658450603485
42458,0.08792205899953842
42459,0.08529088646173477
42460,0.08794207870960236
42461,0.0872407779097557
42462,0.0815657302737236
42463,0.07923907041549683
42464,0.08626894652843475
42465,0.09281381219625473
42466,0.10245698690414429
42467,0.08991792052984238
42468,0.09400714188814163
42469,0.08855989575386047
42470,0.09104777127504349
42471,0.08132237941026688
42472,0.08851779997348785
42473,0.2254527360200882
42474,0.2855660021305084
42475,0.2058899849653244
42476,0.2827302813529968
42477,0.23694917559623718
42478,0.20849665999412537
42479,0.20119063556194305
42480,0.1718505173921585
42481,0.22269469499588013
42482,0.22192691266536713
42483,0.2043527513742447
42484,0.20706577599048615
42485,0.18052129447460175
42486,0.17351014912128448
42487,0.18031862378120422
42488,0.18940392136573792
42489,0.3046413064002991
42490,0.3444756865501404
42491,0.3485025465488434
42492,0.3262241780757904
42493,0.28916794061660767
42494,0.27984628081321716
42495,0.2790279686450958
42496,0.2650529146194458
42497,0.20911148190498352
42498,0.22960849106311798
42499,0.1947706788778305
42500,0.1895209550857544
42501,0.19348400831222534
42502,0.2087169736623764
42503,0.23395423591136932
42504,0.21364019811153412
42505,0.19696037471294403
42506,0.38607993721961975
42507,0.2575452923774719
42508,0.2575452923774719
42509,0.23837552964687347
42510,0.23837552964687347
42511,0.2435210645198822
42512,0.2435210645198822
42513,0.2435210645198822
42514,0.28932544589042664
42515,0.2867746949195862
42516,0.28932544589042664
42517,0.2507067322731018
42518,0.2507067322731018
42519,0.32700347900390625
42520,0.29964348673820496
42521,0.29964348673820496
42522,0.3811410069465637
42523,0.3811410069465637
42524,0.3191487193107605
42525,0.3191487193107605
42526,0.40889063477516174
42527,0.40889063477516174
42528,0.3347353935241699
42529,0.33536291122436523
42530,0.33536291122436523
42531,0.33536291122436523
42532,0.33536291122436523
42533,0.33536291122436523
42534,0.39278268814086914
42535,0.39278268814086914
42536,0.33131858706474304
42537,0.3466467261314392
42538,0.3466467261314392
42539,0.289951354265213
42540,0.289951354265213
42541,0.36633360385894775
42542,0.36633360385894775
42543,0.37903928756713867
42544,0.37903928756713867
42545,0.3448202610015869
42546,0.3448202610015869
42547,0.3553307056427002
42548,0.3553307056427002
42549,0.3553307056427002
42550,0.28575798869132996
42551,0.28575798869132996
42552,0.28575798869132996
42553,0.2461041659116745
42554,0.22727252542972565
42555,0.23810261487960815
42556,0.27228716015815735
42557,0.2608118951320648
42558,0.20715558528900146
42559,0.16012568771839142
42560,0.18754427134990692
42561,0.2463454157114029
42562,0.14972278475761414
42563,0.20309069752693176
42564,0.23201414942741394
42565,0.208039328455925
42566,0.20163796842098236
42567,0.19367505609989166
42568,0.2115420401096344
42569,0.2249574363231659
42570,0.2281537503004074
42571,0.20464445650577545
42572,0.18438036739826202
42573,0.1925363391637802
42574,0.20411697030067444
42575,0.22868983447551727
42576,0.22670689225196838
42577,0.2003844529390335
42578,0.20808757841587067
42579,0.24173839390277863
42580,0.24748685956001282
42581,0.23843428492546082
42582,0.27850109338760376
42583,0.2946705222129822
42584,0.30342763662338257
42585,0.33004918694496155
42586,0.3204144239425659
42587,0.2569672167301178
42588,0.23150111734867096
42589,0.23291392624378204
42590,0.26060613989830017
42591,0.22088444232940674
42592,0.2694283425807953
42593,0.09942832589149475
42594,0.09869804978370667
42595,0.1918504536151886
42596,0.26270556449890137
42597,0.1929657906293869
42598,0.16805864870548248
42599,0.14352552592754364
42600,0.13057731091976166
42601,0.20826110243797302
42602,0.18911541998386383
42603,0.17602409422397614
42604,0.17399229109287262
42605,0.16439539194107056
42606,0.1692451685667038
42607,0.1531277447938919
42608,0.18894745409488678
42609,0.212294340133667
42610,0.2042924165725708
42611,0.20415471494197845
42612,0.19079959392547607
42613,0.21913546323776245
42614,0.17427201569080353
42615,0.20289385318756104
42616,0.21153509616851807
42617,0.22196106612682343
42618,0.2048047035932541
42619,0.22437572479248047
42620,0.2177404761314392
42621,0.2177538275718689
42622,0.1984650194644928
42623,0.20687653124332428
42624,0.1865258514881134
42625,0.19308996200561523
42626,0.17945697903633118
42627,0.2351623922586441
42628,0.2459685057401657
42629,0.2554927468299866
42630,0.2039310336112976
42631,0.2680891156196594
42632,0.22477874159812927
42633,0.2310643196105957
42634,0.2500518560409546
42635,0.22519417107105255
42636,0.25880375504493713
42637,0.2802979052066803
42638,0.2375147044658661
42639,0.2550135552883148
42640,0.24560832977294922
42641,0.28714269399642944
42642,0.29770395159721375
42643,0.29157736897468567
42644,0.29024747014045715
42645,0.33928975462913513
42646,0.3019525110721588
42647,0.30721935629844666
42648,0.2719759941101074
42649,0.35589027404785156
42650,0.3071877658367157
42651,0.2523055672645569
42652,0.27645787596702576
42653,0.2790146470069885
42654,0.25683996081352234
42655,0.23923327028751373
42656,0.29286614060401917
42657,0.3118303716182709
42658,0.3229427635669708
42659,0.29181137681007385
42660,0.32501864433288574
42661,0.31024855375289917
42662,0.3064543604850769
42663,0.2732989192008972
42664,0.307047575712204
42665,0.30063027143478394
42666,0.2698034346103668
42667,0.29372262954711914
42668,0.34440717101097107
42669,0.2573622465133667
42670,0.3376290202140808
42671,0.3174951672554016
42672,0.256814569234848
42673,0.20668521523475647
42674,0.21163734793663025
42675,0.24477344751358032
42676,0.2294686883687973
42677,0.20999360084533691
42678,0.211669459939003
42679,0.22544941306114197
42680,0.24328050017356873
42681,0.20354710519313812
42682,0.2047395259141922
42683,0.1547962725162506
42684,0.1563672572374344
42685,0.1656578928232193
42686,0.18492716550827026
42687,0.23940756916999817
42688,0.30173948407173157
42689,0.171630859375
42690,0.196649432182312
42691,0.26445603370666504
42692,0.3173697292804718
42693,0.3504176139831543
42694,0.25515085458755493
42695,0.39566344022750854
42696,0.36233967542648315
42697,0.3123990297317505
42698,0.20828214287757874
42699,0.2626344859600067
42700,0.2300821840763092
42701,0.21845507621765137
42702,0.3155146837234497
42703,0.23117531836032867
42704,0.33421462774276733
42705,0.19907638430595398
42706,0.17506203055381775
42707,0.15620291233062744
42708,0.22558239102363586
42709,0.2797263264656067
42710,0.343048632144928
42711,0.22198978066444397
42712,0.3102571368217468
42713,0.17028947174549103
42714,0.16014906764030457
42715,0.2780178189277649
42716,0.2514168918132782
42717,0.26549914479255676
42718,0.3240572214126587
42719,0.18481937050819397
42720,0.22902944684028625
42721,0.22771045565605164
42722,0.43136855959892273
42723,0.18208202719688416
42724,0.17072831094264984
42725,0.17872655391693115
42726,0.1884629875421524
42727,0.064103864133358
42728,0.08769932389259338
42729,0.11861252039670944
42730,0.17366203665733337
42731,0.12354190647602081
42732,0.11335427314043045
42733,0.10785649716854095
42734,0.12669916450977325
42735,0.14805878698825836
42736,0.1686105728149414
42737,0.15230131149291992
42738,0.1484021246433258
42739,0.1282459795475006
42740,0.14007706940174103
42741,0.16835695505142212
42742,0.18036985397338867
42743,0.16143584251403809
42744,0.1079363003373146
42745,0.14578506350517273
42746,0.11915341019630432
42747,0.12591320276260376
42748,0.12920179963111877
42749,0.13521750271320343
42750,0.13011592626571655
42751,0.13072258234024048
42752,0.12121818959712982
42753,0.13343775272369385
42754,0.1708150953054428
42755,0.1753552407026291
42756,0.15083971619606018
42757,0.14662612974643707
42758,0.15550512075424194
42759,0.1473493129014969
42760,0.1754525750875473
42761,0.1879759579896927
42762,0.3970213532447815
42763,0.28200680017471313
42764,0.27098339796066284
42765,0.3436932861804962
42766,0.3131026327610016
42767,0.39197424054145813
42768,0.3572917580604553
42769,0.4287116229534149
42770,0.30474796891212463
42771,0.2666168510913849
42772,0.3481152355670929
42773,0.26317545771598816
42774,0.38259223103523254
42775,0.33039847016334534
42776,0.3375324010848999
42777,0.3651788532733917
42778,0.12110903114080429
42779,0.22047889232635498
42780,0.35079115629196167
42781,0.23550261557102203
42782,0.2149122953414917
42783,0.24545492231845856
42784,0.2531474828720093
42785,0.23891673982143402
42786,0.23920530080795288
42787,0.34879299998283386
42788,0.46930649876594543
42789,0.28790539503097534
42790,0.2898004949092865
42791,0.19404639303684235
42792,0.23956140875816345
42793,0.259978711605072
42794,0.20529089868068695
42795,0.32424890995025635
42796,0.07996276021003723
42797,0.20468182861804962
42798,0.16636580228805542
42799,0.2135799080133438
42800,0.22285349667072296
42801,0.17963245511054993
42802,0.2865104675292969
42803,0.2812653183937073
42804,0.03184661641716957
42805,0.12653027474880219
42806,0.13614261150360107
42807,0.13921429216861725
42808,0.1685458868741989
42809,0.10272148251533508
42810,0.08949483186006546
42811,0.10823611170053482
42812,0.05817785486578941
42813,0.1236552968621254
42814,0.10904230177402496
42815,0.18112041056156158
42816,0.18014372885227203
42817,0.17028328776359558
42818,0.1715599000453949
42819,0.2096915990114212
42820,0.22039861977100372
42821,0.2083876132965088
42822,0.2028859555721283
42823,0.21192005276679993
42824,0.2153647094964981
42825,0.21234875917434692
42826,0.25748464465141296
42827,0.2521684169769287
42828,0.2656955122947693
42829,0.26150521636009216
42830,0.23840802907943726
42831,0.256248414516449
42832,0.14016801118850708
42833,0.13399051129817963
42834,0.16112211346626282
42835,0.1824130415916443
42836,0.20751816034317017
42837,0.2014446258544922
42838,0.2049815058708191
42839,0.19169652462005615
42840,0.18396827578544617
42841,0.1749652922153473
42842,0.1421089768409729
42843,0.15512017905712128
42844,0.1746441274881363
42845,0.19424410164356232
42846,0.18773360550403595
42847,0.20555824041366577
42848,0.18916597962379456
42849,0.16692760586738586
42850,0.16609638929367065
42851,0.1814464032649994
42852,0.18729837238788605
42853,0.20946559309959412
42854,0.19603566825389862
42855,0.18425774574279785
42856,0.1732606589794159
42857,0.15632523596286774
42858,0.16124312579631805
42859,0.15915659070014954
42860,0.180882528424263
42861,0.20655420422554016
42862,0.17326682806015015
42863,0.2070917934179306
42864,0.21856503188610077
42865,0.16523076593875885
42866,0.16963165998458862
42867,0.19436343014240265
42868,0.2048502117395401
42869,0.18086281418800354
42870,0.17653977870941162
42871,0.17286770045757294
42872,0.1513727605342865
42873,0.14659297466278076
42874,0.12305343896150589
42875,0.1629481017589569
42876,0.1766616553068161
42877,0.20018859207630157
42878,0.18840128183364868
42879,0.128651425242424
42880,0.13160645961761475
42881,0.13476510345935822
42882,0.15141059458255768
42883,0.14093033969402313
42884,0.13681916892528534
42885,0.11707580089569092
42886,0.1365399807691574
42887,0.14229010045528412
42888,0.15642957389354706
42889,0.16315120458602905
42890,0.1632891148328781
42891,0.16621077060699463
42892,0.162178173661232
42893,0.11265315115451813
42894,0.13462603092193604
42895,0.12709194421768188
42896,0.1593651920557022
42897,0.13506673276424408
42898,0.1519962102174759
42899,0.1418210119009018
42900,0.14597521722316742
42901,0.16357477009296417
42902,0.12569530308246613
42903,0.15960702300071716
42904,0.15648475289344788
42905,0.15461915731430054
42906,0.15120121836662292
42907,0.1356453150510788
42908,0.14852213859558105
42909,0.1404258906841278
42910,0.13845482468605042
42911,0.12779438495635986
42912,0.16707517206668854
42913,0.16072463989257812
42914,0.18104279041290283
42915,0.14781056344509125
42916,0.1426326334476471
42917,0.14492610096931458
42918,0.14487844705581665
42919,0.15008896589279175
42920,0.16119666397571564
42921,0.14819033443927765
42922,0.3686724603176117
42923,0.1311485767364502
42924,0.14389880001544952
42925,0.09074917435646057
42926,0.09530879557132721
42927,0.10979463160037994
42928,0.11302482336759567
42929,0.14659537374973297
42930,0.14448712766170502
42931,0.12207614630460739
42932,0.1309216469526291
42933,0.11945407092571259
42934,0.11485402286052704
42935,0.19442997872829437
42936,0.11560377478599548
42937,0.11861543357372284
42938,0.13380298018455505
42939,0.10573844611644745
42940,0.11760563403367996
42941,0.13346146047115326
42942,0.13226743042469025
42943,0.11996270716190338
42944,0.08644597232341766
42945,0.10492633283138275
42946,0.11440127342939377
42947,0.11681415140628815
42948,0.1170298382639885
42949,0.11669248342514038
42950,0.09705889970064163
42951,0.21583616733551025
42952,0.20422883331775665
42953,0.2018623650074005
42954,0.14573101699352264
42955,0.1536567062139511
42956,0.1331583857536316
42957,0.13691142201423645
42958,0.1336863487958908
42959,0.12748292088508606
42960,0.1463480144739151
42961,0.1108439713716507
42962,0.1540270745754242
42963,0.16253070533275604
42964,0.15717025101184845
42965,0.1529601812362671
42966,0.15198388695716858
42967,0.14436204731464386
42968,0.13816826045513153
42969,0.113349549472332
42970,0.1269833892583847
42971,0.1401035636663437
42972,0.1324157565832138
42973,0.1379145383834839
42974,0.1382356435060501
42975,0.12309972196817398
42976,0.11354393512010574
42977,0.12421275675296783
42978,0.13294829428195953
42979,0.12405552715063095
42980,0.1190810576081276
42981,0.11783073842525482
42982,0.1291225552558899
42983,0.13241513073444366
42984,0.10883171111345291
42985,0.1270267367362976
42986,0.10172338783740997
42987,0.12122869491577148
42988,0.11684194952249527
42989,0.09262854605913162
42990,0.09440241754055023
42991,0.12564590573310852
42992,0.13663509488105774
42993,0.1391870230436325
42994,0.13567575812339783
42995,0.1215163990855217
42996,0.1290101557970047
42997,0.11791486293077469
42998,0.13076166808605194
42999,0.14092203974723816
43000,0.1300133764743805
43001,0.12506461143493652
43002,0.1467617303133011
43003,0.14545510709285736
43004,0.149266317486763
43005,0.15160039067268372
43006,0.14691556990146637
43007,0.14554496109485626
43008,0.13767766952514648
43009,0.15730375051498413
43010,0.16974326968193054
43011,0.16889192163944244
43012,0.1359020471572876
43013,0.12694239616394043
43014,0.1279778778553009
43015,0.13369852304458618
43016,0.13630297780036926
43017,0.14134110510349274
43018,0.14426563680171967
43019,0.1453048139810562
43020,0.14445503056049347
43021,0.14303115010261536
43022,0.14536388218402863
43023,0.1434655785560608
43024,0.13639406859874725
43025,0.13275645673274994
43026,0.1326919049024582
43027,0.12440433353185654
43028,0.1313338577747345
43029,0.137027770280838
43030,0.13917022943496704
43031,0.1486874520778656
43032,0.1434384435415268
43033,0.13785229623317719
43034,0.136501282453537
43035,0.1353985220193863
43036,0.13591095805168152
43037,0.1442556232213974
43038,0.1477755755186081
43039,0.13797368109226227
43040,0.14167901873588562
43041,0.13889221847057343
43042,0.12934835255146027
43043,0.12724032998085022
43044,0.13321314752101898
43045,0.13419020175933838
43046,0.14043040573596954
43047,0.137167289853096
43048,0.14095744490623474
43049,0.14635998010635376
43050,0.12594002485275269
43051,0.14057005941867828
43052,0.16531051695346832
43053,0.18168866634368896
43054,0.16682809591293335
43055,0.17144277691841125
43056,0.1776532083749771
43057,0.18520736694335938
43058,0.10870661586523056
43059,0.11505568772554398
43060,0.11884018778800964
43061,0.1155555322766304
43062,0.13024070858955383
43063,0.1222054585814476
43064,0.13962103426456451
43065,0.16444773972034454
43066,0.15794040262699127
43067,0.15853159129619598
43068,0.16267310082912445
43069,0.12603385746479034
43070,0.17559559643268585
43071,0.20912416279315948
43072,0.20525500178337097
43073,0.1824544221162796
43074,0.14525288343429565
43075,0.16528639197349548
43076,0.17858396470546722
43077,0.1856835037469864
43078,0.17382459342479706
43079,0.17191125452518463
43080,0.17336636781692505
43081,0.182011216878891
43082,0.16041363775730133
43083,0.1482742428779602
43084,0.133029043674469
43085,0.16819897294044495
43086,0.187763512134552
43087,0.19412972033023834
43088,0.1872589886188507
43089,0.1307290941476822
43090,0.14081601798534393
43091,0.13971801102161407
43092,0.1654491424560547
43093,0.17706508934497833
43094,0.24459746479988098
43095,0.17935144901275635
43096,0.20435744524002075
43097,0.3017379641532898
43098,0.16097673773765564
43099,0.20605401694774628
43100,0.22003573179244995
43101,0.2199021279811859
43102,0.23786517977714539
43103,0.20765842497348785
43104,0.19520190358161926
43105,0.2490157037973404
43106,0.20400263369083405
43107,0.21695397794246674
43108,0.23585882782936096
43109,0.23622006177902222
43110,0.2047913670539856
43111,0.2329787313938141
43112,0.22276054322719574
43113,0.2391384392976761
43114,0.2721883952617645
43115,0.27294403314590454
43116,0.29043686389923096
43117,0.26498091220855713
43118,0.27213922142982483
43119,0.3152950406074524
43120,0.27087143063545227
43121,0.21860812604427338
43122,0.2963557243347168
43123,0.3025469481945038
43124,0.2831416130065918
43125,0.3324006497859955
43126,0.22774890065193176
43127,0.20185914635658264
43128,0.316209614276886
43129,0.28082698583602905
43130,0.3596534729003906
43131,0.36425530910491943
43132,0.3349347412586212
43133,0.312946081161499
43134,0.23485489189624786
43135,0.2573009431362152
43136,0.2168467491865158
43137,0.2915186583995819
43138,0.21821625530719757
43139,0.23225733637809753
43140,0.21779245138168335
43141,0.2877533733844757
43142,0.2454174906015396
43143,0.23747926950454712
43144,0.24023288488388062
43145,0.21424853801727295
43146,0.22130197286605835
43147,0.21323151886463165
43148,0.22658026218414307
43149,0.263248473405838
43150,0.22345393896102905
43151,0.19799542427062988
43152,0.20521767437458038
43153,0.2052241563796997
43154,0.19457951188087463
43155,0.17939350008964539
43156,0.18234065175056458
43157,0.15210658311843872
43158,0.28019484877586365
43159,0.041559524834156036
43160,0.08571434766054153
43161,0.14261752367019653
43162,0.314797967672348
43163,0.30042096972465515
43164,0.24123428761959076
43165,0.2641708552837372
43166,0.23331712186336517
43167,0.1878175139427185
43168,0.1639622002840042
43169,0.34703725576400757
43170,0.24183888733386993
43171,0.25209248065948486
43172,0.14801858365535736
43173,0.1940678358078003
43174,0.1492888629436493
43175,0.15511420369148254
43176,0.26776885986328125
43177,0.3255949020385742
43178,0.3802585005760193
43179,0.2608667016029358
43180,0.19884967803955078
43181,0.3216625154018402
43182,0.21875834465026855
43183,0.2346433699131012
43184,0.20897290110588074
43185,0.20982465147972107
43186,0.2037930190563202
43187,0.20503680408000946
43188,0.19151218235492706
43189,0.18491314351558685
43190,0.17892736196517944
43191,0.18567527830600739
43192,0.2111208736896515
43193,0.2221982777118683
43194,0.2288094162940979
43195,0.19974325597286224
43196,0.19629241526126862
43197,0.4169260561466217
43198,0.3221803307533264
43199,0.34735870361328125
43200,0.11290963739156723
43201,0.16884054243564606
43202,0.2720886170864105
43203,0.2405657172203064
43204,0.27057167887687683
43205,0.2539212107658386
43206,0.2582555115222931
43207,0.2770078182220459
43208,0.26662787795066833
43209,0.21950361132621765
43210,0.20041848719120026
43211,0.2725324332714081
43212,0.2336866855621338
43213,0.1996803730726242
43214,0.229461207985878
43215,0.24149179458618164
43216,0.19122684001922607
43217,0.20258529484272003
43218,0.21630695462226868
43219,0.2231513112783432
43220,0.2171398550271988
43221,0.17347091436386108
43222,0.2467546910047531
43223,0.23943674564361572
43224,0.2776814103126526
43225,0.1951054036617279
43226,0.27444592118263245
43227,0.2216133028268814
43228,0.23523777723312378
43229,0.214974045753479
43230,0.23752301931381226
43231,0.22616426646709442
43232,0.24788089096546173
43233,0.24249954521656036
43234,0.18651661276817322
43235,0.18898509442806244
43236,0.2067754566669464
43237,0.21266959607601166
43238,0.19343073666095734
43239,0.23419161140918732
43240,0.25951412320137024
43241,0.27063819766044617
43242,0.2526337802410126
43243,0.1937056928873062
43244,0.24754996597766876
43245,0.20627588033676147
43246,0.24376936256885529
43247,0.24004703760147095
43248,0.23470598459243774
43249,0.28215292096138
43250,0.21937604248523712
43251,0.23006480932235718
43252,0.3199062943458557
43253,0.32045379281044006
43254,0.24987627565860748
43255,0.2788166105747223
43256,0.2746492326259613
43257,0.28628888726234436
43258,0.22136780619621277
43259,0.33030685782432556
43260,0.16355553269386292
43261,0.21040616929531097
43262,0.2208343893289566
43263,0.1995885968208313
43264,0.19407565891742706
43265,0.15157060325145721
43266,0.14472009241580963
43267,0.17759938538074493
43268,0.19131293892860413
43269,0.16163864731788635
43270,0.18488433957099915
43271,0.18882495164871216
43272,0.30070191621780396
43273,0.2863680124282837
43274,0.2112029641866684
43275,0.13629600405693054
43276,0.3033890128135681
43277,0.23850663006305695
43278,0.27440720796585083
43279,0.26762714982032776
43280,0.15007956326007843
43281,0.2366345375776291
43282,0.17320384085178375
43283,0.25039142370224
43284,0.1599235087633133
43285,0.18101716041564941
43286,0.2312949001789093
43287,0.1878790557384491
43288,0.18295663595199585
43289,0.24782851338386536
43290,0.2914029359817505
43291,0.25639113783836365
43292,0.289682000875473
43293,0.3133484721183777
43294,0.29543206095695496
43295,0.1989556849002838
43296,0.22321967780590057
43297,0.11505690217018127
43298,0.09477666765451431
43299,0.10853245854377747
43300,0.13174709677696228
43301,0.2169550657272339
43302,0.22474010288715363
43303,0.20033049583435059
43304,0.1909104436635971
43305,0.19389379024505615
43306,0.19034746289253235
43307,0.2529284954071045
43308,0.34348946809768677
43309,0.22493192553520203
43310,0.28637754917144775
43311,0.09948357194662094
43312,0.26775062084198
43313,0.21723559498786926
43314,0.4052218794822693
43315,0.28843387961387634
43316,0.29811787605285645
43317,0.09727821499109268
43318,0.18943524360656738
43319,0.13942280411720276
43320,0.2424752116203308
43321,0.2976010739803314
43322,0.1560155600309372
43323,0.2510527968406677
43324,0.3221687376499176
43325,0.2800810933113098
43326,0.30819863080978394
43327,0.2300269603729248
43328,0.3517087996006012
43329,0.2656615376472473
43330,0.20150883495807648
43331,0.22298970818519592
43332,0.20380128920078278
43333,0.20157116651535034
43334,0.32355403900146484
43335,0.271268367767334
43336,0.21804428100585938
43337,0.1912999153137207
43338,0.31402432918548584
43339,0.15836599469184875
43340,0.18832635879516602
43341,0.2753961682319641
43342,0.21946781873703003
43343,0.27777308225631714
43344,0.26151010394096375
43345,0.275230348110199
43346,0.16055205464363098
43347,0.15926295518875122
43348,0.16998200118541718
43349,0.34132933616638184
43350,0.3537217676639557
43351,0.35660362243652344
43352,0.3612790107727051
43353,0.35460495948791504
43354,0.34119492769241333
43355,0.31238895654678345
43356,0.3005361258983612
43357,0.2841331362724304
43358,0.2962041199207306
43359,0.28751248121261597
43360,0.22275637090206146
43361,0.3163827657699585
43362,0.2734726369380951
43363,0.2834357023239136
43364,0.219187393784523
43365,0.282686710357666
43366,0.35510408878326416
43367,0.22760362923145294
43368,0.20783905684947968
43369,0.2757212817668915
43370,0.18472616374492645
43371,0.14165127277374268
43372,0.20234598219394684
43373,0.14702042937278748
43374,0.31499046087265015
43375,0.15273088216781616
43376,0.20644105970859528
43377,0.2887812852859497
43378,0.17850078642368317
43379,0.29469820857048035
43380,0.2155250757932663
43381,0.1593419313430786
43382,0.17402595281600952
43383,0.10530908405780792
43384,0.32209673523902893
43385,0.17796653509140015
43386,0.2022930234670639
43387,0.2792649567127228
43388,0.22732099890708923
43389,0.18952114880084991
43390,0.18351204693317413
43391,0.1744319051504135
43392,0.17774806916713715
43393,0.19271190464496613
43394,0.1861148476600647
43395,0.14608462154865265
43396,0.1945371776819229
43397,0.1959344446659088
43398,0.18703997135162354
43399,0.2012965828180313
43400,0.170541912317276
43401,0.1647876501083374
43402,0.17318879067897797
43403,0.13202524185180664
43404,0.19801068305969238
43405,0.17035269737243652
43406,0.12130153924226761
43407,0.1633186936378479
43408,0.18359915912151337
43409,0.10545739531517029
43410,0.2522200047969818
43411,0.13343003392219543
43412,0.16058236360549927
43413,0.1292240172624588
43414,0.13726674020290375
43415,0.29154613614082336
43416,0.17251844704151154
43417,0.16843900084495544
43418,0.1739402562379837
43419,0.29550912976264954
43420,0.24659256637096405
43421,0.19952011108398438
43422,0.35665643215179443
43423,0.27935564517974854
43424,0.21930904686450958
43425,0.35543060302734375
43426,0.2691868245601654
43427,0.1577489674091339
43428,0.41762304306030273
43429,0.35140690207481384
43430,0.3790604770183563
43431,0.36374497413635254
43432,0.40574344992637634
43433,0.2543783485889435
43434,0.15226179361343384
43435,0.15816302597522736
43436,0.1723325252532959
43437,0.16711297631263733
43438,0.13243906199932098
43439,0.28037598729133606
43440,0.29688364267349243
43441,0.16891899704933167
43442,0.12865839898586273
43443,0.18405243754386902
43444,0.3279835879802704
43445,0.24975897371768951
43446,0.2399481236934662
43447,0.19590841233730316
43448,0.1745542287826538
43449,0.21000102162361145
43450,0.18742386996746063
43451,0.17174911499023438
43452,0.20440036058425903
43453,0.25096413493156433
43454,0.24325203895568848
43455,0.19188153743743896
43456,0.20950308442115784
43457,0.21017080545425415
43458,0.22993874549865723
43459,0.22841688990592957
43460,0.22845275700092316
43461,0.20781953632831573
43462,0.14536115527153015
43463,0.15953561663627625
43464,0.18488433957099915
43465,0.15952865779399872
43466,0.26749348640441895
43467,0.26923325657844543
43468,0.24660836160182953
43469,0.32096725702285767
43470,0.1151452362537384
43471,0.29203519225120544
43472,0.38799938559532166
43473,0.43841421604156494
43474,0.38680341839790344
43475,0.3328896760940552
43476,0.27785056829452515
43477,0.2538612186908722
43478,0.35243290662765503
43479,0.2858109772205353
43480,0.31370148062705994
43481,0.23218509554862976
43482,0.13171321153640747
43483,0.21744190156459808
43484,0.14872686564922333
43485,0.16054949164390564
43486,0.30389824509620667
43487,0.17049601674079895
43488,0.21488863229751587
43489,0.16244249045848846
43490,0.2903490364551544
43491,0.26435160636901855
43492,0.3023543953895569
43493,0.19780023396015167
43494,0.16282393038272858
43495,0.20121389627456665
43496,0.1625218242406845
43497,0.1883394867181778
43498,0.20132683217525482
43499,0.13435223698616028
43500,0.1904032677412033
43501,0.3489052653312683
43502,0.30791592597961426
43503,0.37029772996902466
43504,0.34430062770843506
43505,0.1853742152452469
43506,0.1863640695810318
43507,0.24252580106258392
43508,0.2059130072593689
43509,0.20945997536182404
43510,0.17462968826293945
43511,0.1930764764547348
43512,0.24211385846138
43513,0.18084190785884857
43514,0.16598500311374664
43515,0.20102886855602264
43516,0.21136511862277985
43517,0.21598650515079498
43518,0.15249650180339813
43519,0.15346384048461914
43520,0.3696865439414978
43521,0.24471347033977509
43522,0.2358117401599884
43523,0.2649671733379364
43524,0.14663946628570557
43525,0.23402516543865204
43526,0.17533531785011292
43527,0.34651315212249756
43528,0.19507232308387756
43529,0.20936110615730286
43530,0.18349196016788483
43531,0.18388748168945312
43532,0.16969163715839386
43533,0.2735224962234497
43534,0.29069483280181885
43535,0.3164653480052948
43536,0.16354306042194366
43537,0.14427585899829865
43538,0.17202866077423096
43539,0.14754295349121094
43540,0.23366257548332214
43541,0.14370854198932648
43542,0.3352038860321045
43543,0.17650645971298218
43544,0.10759036242961884
43545,0.12280569970607758
43546,0.30278074741363525
43547,0.19180110096931458
43548,0.2550602853298187
43549,0.31777191162109375
43550,0.3050990700721741
43551,0.17675329744815826
43552,0.1491675227880478
43553,0.15311045944690704
43554,0.19601553678512573
43555,0.32382628321647644
43556,0.4479432702064514
43557,0.4367040693759918
43558,0.39629650115966797
43559,0.40394899249076843
43560,0.16003233194351196
43561,0.25457999110221863
43562,0.20498839020729065
43563,0.22202804684638977
43564,0.16879603266716003
43565,0.15832866728305817
43566,0.19993607699871063
43567,0.2016894817352295
43568,0.18584391474723816
43569,0.18623840808868408
43570,0.17683114111423492
43571,0.20752593874931335
43572,0.16835656762123108
43573,0.20524398982524872
43574,0.22271797060966492
43575,0.13093841075897217
43576,0.194785937666893
43577,0.1963728815317154
43578,0.15943844616413116
43579,0.21832670271396637
43580,0.19464433193206787
43581,0.14633525907993317
43582,0.1602546125650406
43583,0.1364516168832779
43584,0.17770622670650482
43585,0.13796772062778473
43586,0.16133955121040344
43587,0.1754942387342453
43588,0.19981521368026733
43589,0.302110493183136
43590,0.27636730670928955
43591,0.18751724064350128
43592,0.1456032693386078
43593,0.3143630027770996
43594,0.15681912004947662
43595,0.1644725352525711
43596,0.17573140561580658
43597,0.1523323357105255
43598,0.2046351581811905
43599,0.2976289987564087
43600,0.20798276364803314
43601,0.14483201503753662
43602,0.15325075387954712
43603,0.26506292819976807
43604,0.20759490132331848
43605,0.19891798496246338
43606,0.3315545618534088
43607,0.22407761216163635
43608,0.19997629523277283
43609,0.21421769261360168
43610,0.20625513792037964
43611,0.2771293520927429
43612,0.3120514750480652
43613,0.2221708744764328
43614,0.3147919476032257
43615,0.24897515773773193
43616,0.19284658133983612
43617,0.12394879758358002
43618,0.23217074573040009
43619,0.25303927063941956
43620,0.33169397711753845
43621,0.20738738775253296
43622,0.2016412913799286
43623,0.15242260694503784
43624,0.13574561476707458
43625,0.15842771530151367
43626,0.23912698030471802
43627,0.19566816091537476
43628,0.189467191696167
43629,0.18794383108615875
43630,0.15027135610580444
43631,0.19843348860740662
43632,0.21260586380958557
43633,0.2893807590007782
43634,0.3050844073295593
43635,0.2457292079925537
43636,0.22141902148723602
43637,0.2720405161380768
43638,0.2464011162519455
43639,0.1865474283695221
43640,0.18389016389846802
43641,0.19199520349502563
43642,0.31654471158981323
43643,0.2325751781463623
43644,0.2409401684999466
43645,0.24155762791633606
43646,0.26021403074264526
43647,0.153162881731987
43648,0.13911741971969604
43649,0.15875190496444702
43650,0.17731814086437225
43651,0.13824006915092468
43652,0.1740303337574005
43653,0.2315654754638672
43654,0.16574186086654663
43655,0.17153656482696533
43656,0.13411062955856323
43657,0.15547700226306915
43658,0.18963640928268433
43659,0.2455918788909912
43660,0.16301849484443665
43661,0.1432112455368042
43662,0.24884115159511566
43663,0.13645589351654053
43664,0.11850679665803909
43665,0.17305707931518555
43666,0.23662540316581726
43667,0.2666254937648773
43668,0.2623952627182007
43669,0.3405364155769348
43670,0.24787166714668274
43671,0.22532875835895538
43672,0.24495883285999298
43673,0.198963463306427
43674,0.23306818306446075
43675,0.25850820541381836
43676,0.1800997108221054
43677,0.290828138589859
43678,0.1575472056865692
43679,0.21851882338523865
43680,0.17751415073871613
43681,0.16466322541236877
43682,0.1921570897102356
43683,0.2183917760848999
43684,0.2271803766489029
43685,0.19367048144340515
43686,0.19834965467453003
43687,0.21746540069580078
43688,0.25192275643348694
43689,0.26072677969932556
43690,0.2062104344367981
43691,0.3611260652542114
43692,0.23122765123844147
43693,0.19232656061649323
43694,0.173259899020195
43695,0.173259899020195
43696,0.25303933024406433
43697,0.22558823227882385
43698,0.21543435752391815
43699,0.2139623612165451
43700,0.22558823227882385
43701,0.2660216689109802
43702,0.24240703880786896
43703,0.24411679804325104
43704,0.18530815839767456
43705,0.19503338634967804
43706,0.15680545568466187
43707,0.18580816686153412
43708,0.1629263311624527
43709,0.18582533299922943
43710,0.16423968970775604
43711,0.23939956724643707
43712,0.2164928913116455
43713,0.16921883821487427
43714,0.15156716108322144
43715,0.129574716091156
43716,0.1121150478720665
43717,0.1440882533788681
43718,0.17087320983409882
43719,0.2020559310913086
43720,0.1715114861726761
43721,0.13393473625183105
43722,0.15821972489356995
43723,0.24203836917877197
43724,0.1983630657196045
43725,0.21081803739070892
43726,0.1976265013217926
43727,0.16658452153205872
43728,0.2272123545408249
43729,0.23512177169322968
43730,0.23808065056800842
43731,0.29361483454704285
43732,0.2783631980419159
43733,0.14251987636089325
43734,0.2108081728219986
43735,0.23765844106674194
43736,0.22664131224155426
43737,0.21697652339935303
43738,0.20868703722953796
43739,0.32243508100509644
43740,0.1555740088224411
43741,0.1952722817659378
43742,0.1520656794309616
43743,0.32412973046302795
43744,0.25938794016838074
43745,0.243543803691864
43746,0.2110806405544281
43747,0.24202220141887665
43748,0.20953427255153656
43749,0.3223573565483093
43750,0.32466423511505127
43751,0.35963553190231323
43752,0.36381348967552185
43753,0.1410255879163742
43754,0.18411694467067719
43755,0.13525377213954926
43756,0.13796056807041168
43757,0.1630733460187912
43758,0.2011032998561859
43759,0.16328157484531403
43760,0.2708180844783783
43761,0.20060083270072937
43762,0.12830261886119843
43763,0.19794566929340363
43764,0.17134004831314087
43765,0.1715746521949768
43766,0.17516577243804932
43767,0.16059474647045135
43768,0.1400309056043625
43769,0.23807591199874878
43770,0.19172993302345276
43771,0.19676309823989868
43772,0.2194918841123581
43773,0.16136087477207184
43774,0.17886827886104584
43775,0.3421458899974823
43776,0.23662909865379333
43777,0.2439662218093872
43778,0.27053332328796387
43779,0.1602756530046463
43780,0.1991923600435257
43781,0.2115672528743744
43782,0.23488923907279968
43783,0.1740577071905136
43784,0.2585773468017578
43785,0.1796998232603073
43786,0.1503632366657257
43787,0.15479759871959686
43788,0.25650957226753235
43789,0.20560799539089203
43790,0.22961309552192688
43791,0.24045582115650177
43792,0.20150364935398102
43793,0.19415049254894257
43794,0.13749374449253082
43795,0.30335673689842224
43796,0.3412019610404968
43797,0.3074896037578583
43798,0.22749565541744232
43799,0.12950602173805237
43800,0.2873198390007019
43801,0.27405479550361633
43802,0.23185397684574127
43803,0.1693168729543686
43804,0.34096959233283997
43805,0.32720205187797546
43806,0.21366874873638153
43807,0.20442306995391846
43808,0.1369875818490982
43809,0.17914678156375885
43810,0.17301686108112335
43811,0.1783696413040161
43812,0.31092819571495056
43813,0.3211420178413391
43814,0.18508413434028625
43815,0.14916382730007172
43816,0.18526002764701843
43817,0.20363613963127136
43818,0.17159095406532288
43819,0.14911839365959167
43820,0.154351606965065
43821,0.1482117474079132
43822,0.13936775922775269
43823,0.27955037355422974
43824,0.25950345396995544
43825,0.12604422867298126
43826,0.20945905148983002
43827,0.24188485741615295
43828,0.26728394627571106
43829,0.21996277570724487
43830,0.21916881203651428
43831,0.2790980339050293
43832,0.24598725140094757
43833,0.12175851315259933
43834,0.21314047276973724
43835,0.23320408165454865
43836,0.1950315684080124
43837,0.16155558824539185
43838,0.15528516471385956
43839,0.12507414817810059
43840,0.11812148243188858
43841,0.17473524808883667
43842,0.22562238574028015
43843,0.2975813150405884
43844,0.24334204196929932
43845,0.22556474804878235
43846,0.22788415849208832
43847,0.19445742666721344
43848,0.3009032607078552
43849,0.25194811820983887
43850,0.3848065435886383
43851,0.22492729127407074
43852,0.17425918579101562
43853,0.19753074645996094
43854,0.21027448773384094
43855,0.19693060219287872
43856,0.21750743687152863
43857,0.15269899368286133
43858,0.2684331238269806
43859,0.22918927669525146
43860,0.27486246824264526
43861,0.17857515811920166
43862,0.16754582524299622
43863,0.17303410172462463
43864,0.2747901380062103
43865,0.241355299949646
43866,0.22580991685390472
43867,0.4042905271053314
43868,0.3873595595359802
43869,0.31257200241088867
43870,0.22304071485996246
43871,0.22771872580051422
43872,0.24222910404205322
43873,0.18118099868297577
43874,0.18902477622032166
43875,0.1689603179693222
43876,0.13901542127132416
43877,0.13463519513607025
43878,0.18066009879112244
43879,0.17052127420902252
43880,0.20037756860256195
43881,0.16011647880077362
43882,0.17578691244125366
43883,0.2201693058013916
43884,0.24582205712795258
43885,0.1676243543624878
43886,0.2107917070388794
43887,0.2792517840862274
43888,0.20612110197544098
43889,0.21388570964336395
43890,0.22527457773685455
43891,0.1958283931016922
43892,0.2090025395154953
43893,0.23167157173156738
43894,0.19387094676494598
43895,0.17481382191181183
43896,0.24115721881389618
43897,0.19278790056705475
43898,0.12734226882457733
43899,0.1515038162469864
43900,0.12595318257808685
43901,0.31697484850883484
43902,0.29190316796302795
43903,0.33267471194267273
43904,0.3438756465911865
43905,0.3688577711582184
43906,0.2111731320619583
43907,0.222702294588089
43908,0.1807204782962799
43909,0.18195438385009766
43910,0.1389535814523697
43911,0.17946653068065643
43912,0.3781508505344391
43913,0.3938888907432556
43914,0.3931819200515747
43915,0.3938884139060974
43916,0.2362961620092392
43917,0.24493874609470367
43918,0.21757647395133972
43919,0.27976134419441223
43920,0.2772451937198639
43921,0.2446245700120926
43922,0.1776174157857895
43923,0.399277001619339
43924,0.26482629776000977
43925,0.12040600180625916
43926,0.15628598630428314
43927,0.20019260048866272
43928,0.26612725853919983
43929,0.21736952662467957
43930,0.24198585748672485
43931,0.20536388456821442
43932,0.14248254895210266
43933,0.12921665608882904
43934,0.3965224623680115
43935,0.22127090394496918
43936,0.2624169588088989
43937,0.27717602252960205
43938,0.3608049154281616
43939,0.3329751193523407
43940,0.3329751193523407
43941,0.3510150909423828
43942,0.3527282476425171
43943,0.3550441265106201
43944,0.3759831190109253
43945,0.17682573199272156
43946,0.15714387595653534
43947,0.2515382170677185
43948,0.20116084814071655
43949,0.11748623847961426
43950,0.13923774659633636
43951,0.191399484872818
43952,0.19068752229213715
43953,0.3301231265068054
43954,0.27460911870002747
43955,0.25667041540145874
43956,0.18912746012210846
43957,0.23279741406440735
43958,0.22121389210224152
43959,0.22197145223617554
43960,0.2139284312725067
43961,0.23838035762310028
43962,0.23966823518276215
43963,0.25199028849601746
43964,0.21840731799602509
43965,0.2063850611448288
43966,0.09856163710355759
43967,0.2521017789840698
43968,0.27207985520362854
43969,0.30752691626548767
43970,0.2863812744617462
43971,0.2707788944244385
43972,0.24814555048942566
43973,0.1399838775396347
43974,0.1535414308309555
43975,0.15915682911872864
43976,0.15817542374134064
43977,0.2580357789993286
43978,0.19542379677295685
43979,0.22973650693893433
43980,0.16779939830303192
43981,0.19496497511863708
43982,0.2062501758337021
43983,0.18906114995479584
43984,0.20596638321876526
43985,0.18057888746261597
43986,0.1945028454065323
43987,0.19593296945095062
43988,0.1359022855758667
43989,0.3065381944179535
43990,0.2187417894601822
43991,0.19832241535186768
43992,0.13112179934978485
43993,0.209062859416008
43994,0.1381804347038269
43995,0.14322058856487274
43996,0.1509595811367035
43997,0.16041354835033417
43998,0.14921410381793976
43999,0.15764755010604858
44000,0.15192407369613647
44001,0.2523656189441681
44002,0.24081093072891235
44003,0.23507855832576752
44004,0.2816910445690155
44005,0.2847612798213959
44006,0.2064473181962967
44007,0.22082142531871796
44008,0.1460065245628357
44009,0.2095508724451065
44010,0.20933693647384644
44011,0.18715451657772064
44012,0.1823670119047165
44013,0.17372599244117737
44014,0.2011045664548874
44015,0.21927878260612488
44016,0.18225280940532684
44017,0.1804056614637375
44018,0.14928072690963745
44019,0.17459966242313385
44020,0.1813286691904068
44021,0.18793030083179474
44022,0.2591104507446289
44023,0.21646912395954132
44024,0.2243606299161911
44025,0.31644847989082336
44026,0.2561204135417938
44027,0.2257317304611206
44028,0.1823413223028183
44029,0.28768545389175415
44030,0.1812598705291748
44031,0.15170469880104065
44032,0.2164292186498642
44033,0.24410781264305115
44034,0.2309444695711136
44035,0.19791284203529358
44036,0.37383827567100525
44037,0.3796577751636505
44038,0.28282612562179565
44039,0.16227547824382782
44040,0.2566410303115845
44041,0.280914843082428
44042,0.3204761743545532
44043,0.31091198325157166
44044,0.14639553427696228
44045,0.14631351828575134
44046,0.2626230716705322
44047,0.2549549341201782
44048,0.2381609082221985
44049,0.2531875967979431
44050,0.20794692635536194
44051,0.18507474660873413
44052,0.19674403965473175
44053,0.21530300378799438
44054,0.2097904235124588
44055,0.16665314137935638
44056,0.1568187177181244
44057,0.18613198399543762
44058,0.2579878270626068
44059,0.16098634898662567
44060,0.25634413957595825
44061,0.24291163682937622
44062,0.21210534870624542
44063,0.2176697850227356
44064,0.2194930762052536
44065,0.1527668535709381
44066,0.1826963573694229
44067,0.19475768506526947
44068,0.30393508076667786
44069,0.2637363374233246
44070,0.2890912592411041
44071,0.2815842926502228
44072,0.27873724699020386
44073,0.2033807337284088
44074,0.19621828198432922
44075,0.2198602259159088
44076,0.26302865147590637
44077,0.2063177078962326
44078,0.38721001148223877
44079,0.3446356952190399
44080,0.2434137910604477
44081,0.1972910463809967
44082,0.27562010288238525
44083,0.20366045832633972
44084,0.279944509267807
44085,0.20197977125644684
44086,0.2011244148015976
44087,0.19305899739265442
44088,0.22740305960178375
44089,0.22839397192001343
44090,0.18093734979629517
44091,0.16809071600437164
44092,0.17459382116794586
44093,0.18191465735435486
44094,0.18944600224494934
44095,0.1817489117383957
44096,0.18309810757637024
44097,0.1898670494556427
44098,0.16304314136505127
44099,0.23588767647743225
44100,0.21506533026695251
44101,0.25070881843566895
44102,0.21939262747764587
44103,0.20048847794532776
44104,0.1924625039100647
44105,0.20863746106624603
44106,0.23920731246471405
44107,0.14072054624557495
44108,0.17015229165554047
44109,0.159829780459404
44110,0.17257705330848694
44111,0.1940697878599167
44112,0.17940066754817963
44113,0.15585656464099884
44114,0.12779965996742249
44115,0.08338676393032074
44116,0.10586252808570862
44117,0.22471071779727936
44118,0.23976314067840576
44119,0.20523861050605774
44120,0.2966742515563965
44121,0.19839952886104584
44122,0.2937694489955902
44123,0.2758495509624481
44124,0.2651916444301605
44125,0.2627202570438385
44126,0.15953516960144043
44127,0.11344249546527863
44128,0.2930982708930969
44129,0.1459653675556183
44130,0.1895587146282196
44131,0.17637337744235992
44132,0.1881135255098343
44133,0.18058224022388458
44134,0.19304437935352325
44135,0.2311285138130188
44136,0.2615390717983246
44137,0.2594715356826782
44138,0.21520556509494781
44139,0.22507613897323608
44140,0.20754490792751312
44141,0.23356829583644867
44142,0.13648110628128052
44143,0.20072340965270996
44144,0.24250288307666779
44145,0.23511715233325958
44146,0.17942410707473755
44147,0.22035180032253265
44148,0.15943743288516998
44149,0.16141058504581451
44150,0.2084379345178604
44151,0.25206783413887024
44152,0.29895561933517456
44153,0.18687650561332703
44154,0.1309562474489212
44155,0.2133023887872696
44156,0.13881482183933258
44157,0.28204819560050964
44158,0.17190717160701752
44159,0.21240712702274323
44160,0.14237210154533386
44161,0.15840820968151093
44162,0.13529132306575775
44163,0.24071994423866272
44164,0.2077709436416626
44165,0.21004071831703186
44166,0.29908135533332825
44167,0.15306490659713745
44168,0.19639500975608826
44169,0.14943069219589233
44170,0.26983076333999634
44171,0.20467884838581085
44172,0.16185951232910156
44173,0.20187099277973175
44174,0.31857743859291077
44175,0.23566687107086182
44176,0.18960703909397125
44177,0.12736356258392334
44178,0.23463678359985352
44179,0.20243842899799347
44180,0.1869424432516098
44181,0.17438258230686188
44182,0.1604260802268982
44183,0.17982050776481628
44184,0.22936715185642242
44185,0.1943633109331131
44186,0.2271624654531479
44187,0.20071110129356384
44188,0.16383731365203857
44189,0.2592706084251404
44190,0.15243643522262573
44191,0.19300293922424316
44192,0.21247321367263794
44193,0.24693413078784943
44194,0.2505374848842621
44195,0.2683787941932678
44196,0.18903693556785583
44197,0.22806018590927124
44198,0.2530284821987152
44199,0.2097155749797821
44200,0.1733933538198471
44201,0.2550200819969177
44202,0.28182002902030945
44203,0.1427309513092041
44204,0.13849692046642303
44205,0.11795499920845032
44206,0.30366113781929016
44207,0.18078389763832092
44208,0.216520756483078
44209,0.22553852200508118
44210,0.1811080425977707
44211,0.22180284559726715
44212,0.34156879782676697
44213,0.2608639895915985
44214,0.19394239783287048
44215,0.29287010431289673
44216,0.363879531621933
44217,0.29175034165382385
44218,0.3655722439289093
44219,0.27000218629837036
44220,0.29979369044303894
44221,0.28642335534095764
44222,0.30219703912734985
44223,0.2265133112668991
44224,0.18171562254428864
44225,0.20204602181911469
44226,0.34487563371658325
44227,0.29629597067832947
44228,0.2037135511636734
44229,0.17030955851078033
44230,0.21108944714069366
44231,0.28641581535339355
44232,0.23842060565948486
44233,0.20380288362503052
44234,0.21735304594039917
44235,0.13996656239032745
44236,0.0944213718175888
44237,0.21007594466209412
44238,0.17073164880275726
44239,0.30144646763801575
44240,0.22916211187839508
44241,0.2500685751438141
44242,0.20794948935508728
44243,0.3347353935241699
44244,0.33131858706474304
44245,0.39278268814086914
44246,0.39278268814086914
44247,0.25658273696899414
44248,0.25658273696899414
44249,0.28932544589042664
44250,0.23837552964687347
44251,0.38813093304634094
44252,0.29747721552848816
44253,0.3214677572250366
44254,0.14068526029586792
44255,0.20795994997024536
44256,0.21281848847866058
44257,0.24575069546699524
44258,0.1924716681241989
44259,0.18014749884605408
44260,0.1441456526517868
44261,0.38636142015457153
44262,0.4156022369861603
44263,0.12831425666809082
44264,0.3289119303226471
44265,0.3813161551952362
44266,0.2007649689912796
44267,0.14879411458969116
44268,0.16519014537334442
44269,0.16471992433071136
44270,0.18501093983650208
44271,0.21136532723903656
44272,0.25493764877319336
44273,0.21094320714473724
44274,0.26988840103149414
44275,0.2532505393028259
44276,0.1967567354440689
44277,0.2643287479877472
44278,0.2643287479877472
44279,0.39403069019317627
44280,0.3659732937812805
44281,0.23284053802490234
44282,0.22549693286418915
44283,0.24146123230457306
44284,0.3423026502132416
44285,0.3423026502132416
44286,0.3423026502132416
44287,0.30648699402809143
44288,0.30648699402809143
44289,0.3265586793422699
44290,0.3265586793422699
44291,0.3265586793422699
44292,0.2692258358001709
44293,0.2692258358001709
44294,0.22475565969944
44295,0.23818285763263702
44296,0.23818285763263702
44297,0.23818285763263702
44298,0.2637362778186798
44299,0.3344828188419342
44300,0.3344828188419342
44301,0.3344828188419342
44302,0.28116804361343384
44303,0.2637362778186798
44304,0.22947733104228973
44305,0.22947733104228973
44306,0.22947733104228973
44307,0.2591392695903778
44308,0.24625623226165771
44309,0.22908084094524384
44310,0.29560139775276184
44311,0.29560139775276184
44312,0.33552753925323486
44313,0.33552753925323486
44314,0.33552753925323486
44315,0.3302932381629944
44316,0.3302932381629944
44317,0.3302932381629944
44318,0.37774336338043213
44319,0.45266231894493103
44320,0.3915364742279053
44321,0.37956586480140686
44322,0.37956586480140686
44323,0.4291752278804779
44324,0.2453455626964569
44325,0.2453455626964569
44326,0.27123603224754333
44327,0.27123603224754333
44328,0.27123603224754333
44329,0.3468755781650543
44330,0.3528299629688263
44331,0.3528299629688263
44332,0.3528299629688263
44333,0.34916138648986816
44334,0.17952674627304077
44335,0.15899385511875153
44336,0.3032591640949249
44337,0.26683083176612854
44338,0.24019327759742737
44339,0.24746713042259216
44340,0.2028188854455948
44341,0.15682679414749146
44342,0.13930732011795044
44343,0.167446106672287
44344,0.15039856731891632
44345,0.37122228741645813
44346,0.18285326659679413
44347,0.14905071258544922
44348,0.15062931180000305
44349,0.3095567226409912
44350,0.19356364011764526
44351,0.22153204679489136
44352,0.22084207832813263
44353,0.25732481479644775
44354,0.2668420076370239
44355,0.29215872287750244
44356,0.2542029321193695
44357,0.17430652678012848
44358,0.16005180776119232
44359,0.16043603420257568
44360,0.15239402651786804
44361,0.12711921334266663
44362,0.09145388007164001
44363,0.12585555016994476
44364,0.3137068450450897
44365,0.24068965017795563
44366,0.14532458782196045
44367,0.1319553107023239
44368,0.11785698682069778
44369,0.18519869446754456
44370,0.14569084346294403
44371,0.12967364490032196
44372,0.11411787569522858
44373,0.12441390752792358
44374,0.11976409703493118
44375,0.09671749174594879
44376,0.10602249950170517
44377,0.09681082516908646
44378,0.09054137021303177
44379,0.11559481173753738
44380,0.14717747271060944
44381,0.1309097707271576
44382,0.1252574920654297
44383,0.17477285861968994
44384,0.07741957902908325
44385,0.07841841131448746
44386,0.09631501883268356
44387,0.12812966108322144
44388,0.10202186554670334
44389,0.10880211740732193
44390,0.1318630874156952
44391,0.11980719119310379
44392,0.0950712263584137
44393,0.1104266494512558
44394,0.1051422581076622
44395,0.1179465651512146
44396,0.1272359937429428
44397,0.14248208701610565
44398,0.16459745168685913
44399,0.14261220395565033
44400,0.19564619660377502
44401,0.15171855688095093
44402,0.17108675837516785
44403,0.15094546973705292
44404,0.2196272909641266
44405,0.2003771960735321
44406,0.1661546677350998
44407,0.19169403612613678
44408,0.17984022200107574
44409,0.18933936953544617
44410,0.28440359234809875
44411,0.25977009534835815
44412,0.27283820509910583
44413,0.302303284406662
44414,0.29723453521728516
44415,0.28507480025291443
44416,0.2309289127588272
44417,0.15838749706745148
44418,0.15031881630420685
44419,0.11307546496391296
44420,0.12092900276184082
44421,0.2052702158689499
44422,0.19416438043117523
44423,0.12271848320960999
44424,0.11806199699640274
44425,0.09619607776403427
44426,0.11645414680242538
44427,0.11779017001390457
44428,0.10141383856534958
44429,0.1093515157699585
44430,0.11978454142808914
44431,0.11808529496192932
44432,0.1391092985868454
44433,0.29414036870002747
44434,0.2502254843711853
44435,0.2772328853607178
44436,0.2804386019706726
44437,0.23036524653434753
44438,0.2683388292789459
44439,0.2413039654493332
44440,0.22990652918815613
44441,0.2548636198043823
44442,0.20393125712871552
44443,0.14506052434444427
44444,0.15031181275844574
44445,0.2849811911582947
44446,0.2861554026603699
44447,0.28749847412109375
44448,0.18103918433189392
44449,0.14341817796230316
44450,0.11900866776704788
44451,0.19565773010253906
44452,0.1574724316596985
44453,0.29562222957611084
44454,0.34349432587623596
44455,0.23856757581233978
44456,0.20318686962127686
44457,0.23239299654960632
44458,0.19195903837680817
44459,0.18923743069171906
44460,0.2765868902206421
44461,0.2720964848995209
44462,0.33494284749031067
44463,0.20625145733356476
44464,0.22810517251491547
44465,0.16214905679225922
44466,0.22096121311187744
44467,0.2296537607908249
44468,0.22993774712085724
44469,0.21810616552829742
44470,0.20061460137367249
44471,0.09263841062784195
44472,0.21484534442424774
44473,0.07794616371393204
44474,0.050271499902009964
44475,0.24701781570911407
44476,0.31423717737197876
44477,0.24062654376029968
44478,0.28099068999290466
44479,0.16494478285312653
44480,-0.0023310251999646425
44481,0.10383179783821106
44482,0.13626843690872192
44483,0.16246189177036285
44484,0.14991380274295807
44485,0.1428394317626953
44486,0.12315471470355988
44487,0.12874723970890045
44488,0.12992924451828003
44489,0.1197897344827652
44490,0.17564448714256287
44491,0.0903409942984581
44492,0.09221479296684265
44493,0.08901629596948624
44494,0.13038016855716705
44495,0.13143911957740784
44496,0.14413413405418396
44497,0.15445737540721893
44498,0.14587774872779846
44499,0.16525745391845703
44500,0.1742902398109436
44501,0.14326262474060059
44502,0.14068609476089478
44503,0.12920677661895752
44504,0.14563624560832977
44505,0.12929123640060425
44506,0.15228787064552307
44507,0.16142413020133972
44508,0.14934371411800385
44509,0.18765631318092346
44510,0.23360681533813477
44511,0.21653050184249878
44512,0.19314400851726532
44513,0.1603025197982788
44514,0.18705853819847107
44515,0.15889525413513184
44516,0.13758958876132965
44517,0.152947336435318
44518,0.16971231997013092
44519,0.1831909716129303
44520,0.25109419226646423
44521,0.19925732910633087
44522,0.2737225592136383
44523,0.23674002289772034
44524,0.17534318566322327
44525,0.1079644188284874
44526,0.09925001859664917
44527,0.11416960507631302
44528,0.10902512073516846
44529,0.12164121866226196
44530,0.10962085425853729
44531,0.1251969188451767
44532,0.15736307203769684
44533,0.15929414331912994
44534,0.14771787822246552
44535,0.2189285010099411
44536,0.05781564116477966
44537,0.07340606302022934
44538,0.21192166209220886
44539,0.11828138679265976
44540,0.09986624866724014
44541,0.12456294149160385
44542,0.12855376303195953
44543,0.22749954462051392
44544,0.2671072781085968
44545,0.20116488635540009
44546,0.31707265973091125
44547,0.2339436113834381
44548,0.32625994086265564
44549,0.22282953560352325
44550,0.22614382207393646
44551,0.27215152978897095
44552,0.2617725431919098
44553,0.24343524873256683
44554,0.2662047743797302
44555,0.22128035128116608
44556,0.1786787062883377
44557,0.1371508687734604
44558,0.3360387980937958
44559,0.15993277728557587
44560,0.2966884970664978
44561,0.34129518270492554
44562,0.3330954909324646
44563,0.19798916578292847
44564,0.27687016129493713
44565,0.22116659581661224
44566,0.16588819026947021
44567,0.1973475068807602
44568,0.18888157606124878
44569,0.2156892865896225
44570,0.15302246809005737
44571,0.16438689827919006
44572,0.2013685405254364
44573,0.22154434025287628
44574,0.309818834066391
44575,0.21684964001178741
44576,0.16839586198329926
44577,0.20646217465400696
44578,0.10289869457483292
44579,0.10882261395454407
44580,0.17824190855026245
44581,0.18537774682044983
44582,0.26105278730392456
44583,0.2019345462322235
44584,0.1302783042192459
44585,0.14864304661750793
44586,0.2611725926399231
44587,0.17550154030323029
44588,0.1881425380706787
44589,0.1366875171661377
44590,0.2010764479637146
44591,0.19153757393360138
44592,0.22137409448623657
44593,0.20353803038597107
44594,0.23874613642692566
44595,0.1595679223537445
44596,0.19218704104423523
44597,0.18357592821121216
44598,0.14601176977157593
44599,0.10380303859710693
44600,0.2310543805360794
44601,0.16890758275985718
44602,0.19100800156593323
44603,0.08540399372577667
44604,0.09098494052886963
44605,0.10347696393728256
44606,0.09247532486915588
44607,0.08774466067552567
44608,0.0884689912199974
44609,0.0922805666923523
44610,0.08373259752988815
44611,0.07033871114253998
44612,0.07215530425310135
44613,0.07027745246887207
44614,0.06892288476228714
44615,0.0660080760717392
44616,0.0670153796672821
44617,0.07069089263677597
44618,0.0714002251625061
44619,0.06993532925844193
44620,0.0810185894370079
44621,0.09351571649312973
44622,0.07736365497112274
44623,0.07734623551368713
44624,0.07391571998596191
44625,0.0698162317276001
44626,0.06930314004421234
44627,0.06159410625696182
44628,0.05373657867312431
44629,0.10166997462511063
44630,0.10990054905414581
44631,0.09886226058006287
44632,0.11642829328775406
44633,0.09271503984928131
44634,0.12363860011100769
44635,0.12930358946323395
44636,0.06419795751571655
44637,0.17508330941200256
44638,0.24191154539585114
44639,0.24531053006649017
44640,0.10462284833192825
44641,0.19020022451877594
44642,0.20010310411453247
44643,0.18017566204071045
44644,0.1905093640089035
44645,0.19777607917785645
44646,0.2654148042201996
44647,0.22074487805366516
44648,0.1963041126728058
44649,0.20828445255756378
44650,
44651,0.2598823010921478
44652,0.2226252555847168
44653,0.19271275401115417
44654,0.263991117477417
44655,0.18883152306079865
44656,0.2145850509405136
44657,0.22873196005821228
44658,0.19002142548561096
44659,0.1375209242105484
44660,0.11823704838752747
44661,0.15387876331806183
44662,0.13171401619911194
44663,0.25392913818359375
44664,0.2219821661710739
44665,0.18600037693977356
44666,0.22316230833530426
44667,0.20889592170715332
44668,0.244331493973732
44669,0.26048681139945984
44670,0.20186635851860046
44671,0.20300132036209106
44672,0.20702823996543884
44673,0.16755977272987366
44674,0.17472411692142487
44675,0.1929088532924652
44676,0.18336457014083862
44677,0.21029245853424072
44678,0.21426022052764893
44679,0.20943602919578552
44680,0.2191767692565918
44681,0.3261153995990753
44682,0.3801337778568268
44683,0.28046321868896484
44684,0.34390196204185486
44685,0.22465698421001434
44686,0.21892188489437103
44687,0.26646101474761963
44688,0.15374723076820374
44689,0.16875334084033966
44690,0.1550319939851761
44691,0.09970320016145706
44692,0.08123032748699188
44693,0.10627865046262741
44694,0.1348598152399063
44695,0.10131813585758209
44696,0.16115131974220276
44697,0.11054626107215881
44698,0.12672680616378784
44699,0.12361885607242584
44700,0.1008978858590126
44701,0.14993612468242645
44702,0.1044340580701828
44703,0.10931724309921265
44704,0.12358829379081726
44705,0.20395492017269135
44706,0.1378304660320282
44707,0.23752924799919128
44708,0.0739835649728775
44709,0.08811402320861816
44710,0.103485107421875
44711,0.16220174729824066
44712,0.11716583371162415
44713,0.17431023716926575
44714,0.1371634602546692
44715,0.12444767355918884
44716,0.26439881324768066
44717,0.1122141033411026
44718,0.07798835635185242
44719,0.09060022234916687
44720,0.08947540074586868
44721,0.09192118793725967
44722,0.12218345701694489
44723,0.10271542519330978
44724,0.07629971951246262
44725,0.053607381880283356
44726,0.06098363921046257
44727,0.07048069685697556
44728,0.0820414200425148
44729,0.1061713770031929
44730,0.10150203108787537
44731,0.10343043506145477
44732,0.09160320460796356
44733,0.08433850109577179
44734,0.06519191712141037
44735,0.06678666174411774
44736,0.06970690190792084
44737,0.1104426458477974
44738,0.11214054375886917
44739,0.07613234221935272
44740,0.07131438702344894
44741,0.0707128643989563
44742,0.127601757645607
44743,0.08263791352510452
44744,0.08467742055654526
44745,0.08294094353914261
44746,0.07102000713348389
44747,0.07029345631599426
44748,0.055817946791648865
44749,0.08820080012083054
44750,0.11254551261663437
44751,0.06832358241081238
44752,0.10872238874435425
44753,0.10942226648330688
44754,0.11566827446222305
44755,0.08009651303291321
44756,0.08772969245910645
44757,0.1080455482006073
44758,0.08190049231052399
44759,0.06294891983270645
44760,0.07164573669433594
44761,0.08178085088729858
44762,0.0702892541885376
44763,0.08978039771318436
44764,0.13079777359962463
44765,0.11762446165084839
44766,0.08681623637676239
44767,0.05461987107992172
44768,0.10153905302286148
44769,0.055668264627456665
44770,0.06164328753948212
44771,0.06808169931173325
44772,0.07439038157463074
44773,0.07876028120517731
44774,0.06787307560443878
44775,0.07094599306583405
44776,0.07870522141456604
44777,0.060232892632484436
44778,0.05803817883133888
44779,0.05288849025964737
44780,0.05805011838674545
44781,0.0593109130859375
44782,0.06451839208602905
44783,0.06638987362384796
44784,0.06363596767187119
44785,0.045783594250679016
44786,0.04665305092930794
44787,0.04865023493766785
44788,0.047355204820632935
44789,0.0485006719827652
44790,0.04809039831161499
44791,0.050948433578014374
44792,0.0439625084400177
44793,0.09169740974903107
44794,0.10534206032752991
44795,0.10563336312770844
44796,0.059996236115694046
44797,0.0667915940284729
44798,0.06903685629367828
44799,0.0672905370593071
44800,0.06737260520458221
44801,0.07011368125677109
44802,0.07520409673452377
44803,0.06957902759313583
44804,0.07138246297836304
44805,0.0744435116648674
44806,0.06964574009180069
44807,0.07147549837827682
44808,0.06441102176904678
44809,0.05519326403737068
44810,0.06111792474985123
44811,0.06653935462236404
44812,0.058633480221033096
44813,0.05510641261935234
44814,0.05315561220049858
44815,0.04285319894552231
44816,0.0973842591047287
44817,0.08670420944690704
44818,0.0837254747748375
44819,0.05810360983014107
44820,0.08938000351190567
44821,0.08091587573289871
44822,0.07558634877204895
44823,0.05718432366847992
44824,0.09087084233760834
44825,0.1066385954618454
44826,0.13915520906448364
44827,0.0800013542175293
44828,0.08756762742996216
44829,0.07958429306745529
44830,0.07001429051160812
44831,0.08604571223258972
44832,0.08390124887228012
44833,0.06618505716323853
44834,0.06995892524719238
44835,0.10559961944818497
44836,0.09262955188751221
44837,0.091954305768013
44838,0.10462258011102676
44839,0.10523400455713272
44840,0.14602722227573395
44841,0.11462942510843277
44842,0.057853952050209045
44843,0.04642360284924507
44844,0.06296194344758987
44845,0.06774955987930298
44846,0.0680297389626503
44847,0.07970072329044342
44848,0.11505216360092163
44849,0.0928129032254219
44850,0.08229130506515503
44851,0.087998166680336
44852,0.09296925365924835
44853,0.09587885439395905
44854,0.10275650024414062
44855,0.09683481603860855
44856,0.09653259068727493
44857,0.09186960011720657
44858,0.10824058204889297
44859,0.10847491770982742
44860,0.05254489183425903
44861,0.07678629457950592
44862,0.10818031430244446
44863,0.08991943299770355
44864,0.27253255248069763
44865,0.20569080114364624
44866,0.1406201422214508
44867,0.14945653080940247
44868,0.1872328370809555
44869,0.11641114950180054
44870,0.1578512042760849
44871,0.1631799191236496
44872,0.1596786230802536
44873,0.21686996519565582
44874,0.17149701714515686
44875,0.22582989931106567
44876,0.28290966153144836
44877,0.19262132048606873
44878,0.1708310842514038
44879,0.23093028366565704
44880,0.18881472945213318
44881,0.24766328930854797
44882,0.23476670682430267
44883,0.24452027678489685
44884,0.12467127293348312
44885,0.11119891703128815
44886,0.10364609211683273
44887,0.10444816201925278
44888,0.12418860197067261
44889,0.1727379560470581
44890,0.20027054846286774
44891,0.26456642150878906
44892,0.2019510567188263
44893,0.149368017911911
44894,0.14712515473365784
44895,0.15405955910682678
44896,0.2471098154783249
44897,0.22891803085803986
44898,0.14479109644889832
44899,0.2103351503610611
44900,0.24499966204166412
44901,0.5044470429420471
44902,0.34560495615005493
44903,0.2033829391002655
44904,0.2856768071651459
44905,0.22248303890228271
44906,0.16853059828281403
44907,0.1480301022529602
44908,0.27548500895500183
44909,0.1664479523897171
44910,0.2687567174434662
44911,0.22461658716201782
44912,0.2706167995929718
44913,0.23795287311077118
44914,0.20217648148536682
44915,0.22200582921504974
44916,0.31754952669143677
44917,0.27616292238235474
44918,0.12233611196279526
44919,0.24036923050880432
44920,0.25465601682662964
44921,0.19271276891231537
44922,0.17188212275505066
44923,0.19316235184669495
44924,0.16811206936836243
44925,0.2319680154323578
44926,0.17102377116680145
44927,0.29000306129455566
44928,0.19378113746643066
44929,0.16757945716381073
44930,0.1788003295660019
44931,0.22205393016338348
44932,0.1574399322271347
44933,0.14990268647670746
44934,0.18756704032421112
44935,0.1885569840669632
44936,0.19066809117794037
44937,0.26634034514427185
44938,0.1772942990064621
44939,0.21363961696624756
44940,0.24045565724372864
44941,0.3182533085346222
44942,0.2790062725543976
44943,0.23892781138420105
44944,0.17953771352767944
44945,0.18065676093101501
44946,0.1906822770833969
44947,0.15542267262935638
44948,0.21101771295070648
44949,0.15049517154693604
44950,0.1830195039510727
44951,0.17190347611904144
44952,0.1527102291584015
44953,0.17551057040691376
44954,0.20666882395744324
44955,0.15823540091514587
44956,0.1956101506948471
44957,0.13747023046016693
44958,0.17094740271568298
44959,0.151828795671463
44960,0.2317671775817871
44961,0.1543481945991516
44962,0.2526845932006836
44963,0.1593240201473236
44964,0.38095295429229736
44965,0.22418910264968872
44966,0.29304686188697815
44967,0.15817807614803314
44968,0.19833865761756897
44969,0.19500841200351715
44970,0.14998352527618408
44971,0.1978507936000824
44972,0.23977841436862946
44973,0.2101730853319168
44974,0.2453342080116272
44975,0.13543255627155304
44976,0.19619697332382202
44977,0.12450196593999863
44978,0.17447532713413239
44979,0.15832866728305817
44980,0.2637564539909363
44981,0.190156489610672
44982,0.1431511491537094
44983,0.15044450759887695
44984,0.14979974925518036
44985,0.2373131811618805
44986,0.2889500856399536
44987,0.1928381770849228
44988,0.23526623845100403
44989,0.1813707798719406
44990,0.22864684462547302
44991,0.13594534993171692
44992,0.2052808701992035
44993,0.19179432094097137
44994,0.25454187393188477
44995,0.13709183037281036
44996,0.28868260979652405
44997,0.23954428732395172
44998,0.1507773995399475
44999,0.19334104657173157
45000,0.15602844953536987
45001,0.10465406626462936
45002,0.20867498219013214
45003,0.19000613689422607
45004,0.2626112103462219
45005,0.12766806781291962
45006,0.2076600193977356
45007,0.21905143558979034
45008,0.19038239121437073
45009,0.13677401840686798
45010,0.17106834053993225
45011,0.13397176563739777
45012,0.1768808811903
45013,0.16888608038425446
45014,0.12757618725299835
45015,0.15278540551662445
45016,0.2433861941099167
45017,0.13523675501346588
45018,0.29551154375076294
45019,0.40546658635139465
45020,0.22256647050380707
45021,0.11953406035900116
45022,0.2257033884525299
45023,0.15947818756103516
45024,0.21136295795440674
45025,0.18713127076625824
45026,0.2329973727464676
45027,0.1539360135793686
45028,0.17915618419647217
45029,0.20847871899604797
45030,0.18755707144737244
45031,0.13599219918251038
45032,0.15216168761253357
45033,0.17046213150024414
45034,0.16050955653190613
45035,0.18594035506248474
45036,0.17359104752540588
45037,0.21324984729290009
45038,0.2520074248313904
45039,0.23403435945510864
45040,0.17765730619430542
45041,0.17803891003131866
45042,0.22970695793628693
45043,0.2592920958995819
45044,0.21235233545303345
45045,0.22864992916584015
45046,0.29881080985069275
45047,0.12732550501823425
45048,0.14810405671596527
45049,0.12435773015022278
45050,0.1433849036693573
45051,0.22251281142234802
45052,0.147966206073761
45053,0.17393161356449127
45054,0.18208174407482147
45055,0.1784842610359192
45056,0.10607116669416428
45057,0.22649498283863068
45058,0.20739273726940155
45059,0.2585582733154297
45060,0.11116833239793777
45061,0.2412026971578598
45062,0.20994682610034943
45063,0.16630558669567108
45064,0.2824941575527191
45065,0.15119609236717224
45066,0.1456729918718338
45067,0.20548796653747559
45068,0.1389821320772171
45069,0.15072020888328552
45070,0.23627370595932007
45071,0.16905711591243744
45072,0.17587463557720184
45073,0.1715562641620636
45074,0.29152414202690125
45075,0.30612659454345703
45076,0.42857030034065247
45077,0.20418983697891235
45078,0.20856261253356934
45079,0.2545076608657837
45080,0.27495434880256653
45081,0.160479336977005
45082,0.22642762959003448
45083,0.1998632401227951
45084,0.2477916032075882
45085,0.18004383146762848
45086,0.18522638082504272
45087,0.19565416872501373
45088,0.15429387986660004
45089,0.1813225895166397
45090,0.18864242732524872
45091,0.2433314472436905
45092,0.19477957487106323
45093,0.14065873622894287
45094,0.1833629161119461
45095,0.17993973195552826
45096,0.2115728259086609
45097,0.25335317850112915
45098,0.26508599519729614
45099,0.19124214351177216
45100,0.23226462304592133
45101,0.20543034374713898
45102,0.1796911209821701
45103,0.11697207391262054
45104,0.19516727328300476
45105,0.14536860585212708
45106,0.21882861852645874
45107,0.1662440299987793
45108,0.16673323512077332
45109,0.20090581476688385
45110,0.1668710559606552
45111,0.23268021643161774
45112,0.22103378176689148
45113,0.2461870312690735
45114,0.23861956596374512
45115,0.16567690670490265
45116,0.20692016184329987
45117,0.15375345945358276
45118,0.19158655405044556
45119,0.13309133052825928
45120,0.12903821468353271
45121,0.17924156785011292
45122,0.18149758875370026
45123,0.17706969380378723
45124,0.15433025360107422
45125,0.09890198707580566
45126,0.2704438865184784
45127,0.2181757539510727
45128,0.30885306000709534
45129,0.1412958949804306
45130,0.19482000172138214
45131,0.2737370729446411
45132,0.22023844718933105
45133,0.19344758987426758
45134,0.15925303101539612
45135,0.1662270724773407
45136,0.14188671112060547
45137,0.14055845141410828
45138,0.30598872900009155
45139,0.1962452232837677
45140,0.2798258662223816
45141,0.1937529295682907
45142,0.1660292148590088
45143,0.3202279806137085
45144,0.3617074191570282
45145,0.19413475692272186
45146,0.20474398136138916
45147,0.22484156489372253
45148,0.2682153582572937
45149,0.26864245533943176
45150,0.31004390120506287
45151,0.19595976173877716
45152,0.28592535853385925
45153,0.21821074187755585
45154,0.16920475661754608
45155,0.16638968884944916
45156,0.1877516657114029
45157,0.1870284080505371
45158,0.19991610944271088
45159,0.26972147822380066
45160,0.20564407110214233
45161,0.3662109673023224
45162,0.21852238476276398
45163,0.1787492334842682
45164,0.1644575595855713
45165,0.3261445164680481
45166,0.2550318241119385
45167,0.15146227180957794
45168,0.14214268326759338
45169,0.23943014442920685
45170,0.21815256774425507
45171,0.22619788348674774
45172,0.18373267352581024
45173,0.16968266665935516
45174,0.1447324901819229
45175,0.17219921946525574
45176,0.1918390393257141
45177,0.18274345993995667
45178,0.17981207370758057
45179,0.21779517829418182
45180,0.222084641456604
45181,0.2610630691051483
45182,0.19824495911598206
45183,0.17567844688892365
45184,0.18103761970996857
45185,0.1855117380619049
45186,0.20260193943977356
45187,0.2259298413991928
45188,0.21383191645145416
45189,0.16228899359703064
45190,0.16710680723190308
45191,0.22549323737621307
45192,0.21466262638568878
45193,0.2147892564535141
45194,0.17506705224514008
45195,0.19406118988990784
45196,0.28852176666259766
45197,0.21586984395980835
45198,0.17129719257354736
45199,0.12476904690265656
45200,0.18641386926174164
45201,0.1466054767370224
45202,0.16547255218029022
45203,0.15578879415988922
45204,0.1546742469072342
45205,0.21037045121192932
45206,0.12187378108501434
45207,0.19228947162628174
45208,0.24464860558509827
45209,0.18395963311195374
45210,0.1568472534418106
45211,0.13251715898513794
45212,0.2391304075717926
45213,0.2985527813434601
45214,0.15479227900505066
45215,0.1634983867406845
45216,0.19392475485801697
45217,0.1817939132452011
45218,0.17822766304016113
45219,0.2180158942937851
45220,0.21456077694892883
45221,0.2229994833469391
45222,0.20133717358112335
45223,0.2823409140110016
45224,0.16410161554813385
45225,0.1348479688167572
45226,0.24122394621372223
45227,0.17507891356945038
45228,0.1768863946199417
45229,0.1636815220117569
45230,0.09895151108503342
45231,0.1859775334596634
45232,0.18772932887077332
45233,0.23232412338256836
45234,0.20806612074375153
45235,0.22934702038764954
45236,0.22391504049301147
45237,0.15021340548992157
45238,0.17983536422252655
45239,0.17888925969600677
45240,0.1811649650335312
45241,0.19039392471313477
45242,0.12738603353500366
45243,0.2441560924053192
45244,0.2395990639925003
45245,0.15112604200839996
45246,0.21858887374401093
45247,0.1933671087026596
45248,0.15004535019397736
45249,0.16835223138332367
45250,0.226401224732399
45251,0.16172315180301666
45252,0.24182401597499847
45253,0.20719574391841888
45254,0.17425645887851715
45255,0.1605350375175476
45256,0.14442238211631775
45257,0.1510629653930664
45258,0.13744355738162994
45259,0.10973073542118073
45260,0.2080717831850052
45261,0.24957241117954254
45262,0.1853533685207367
45263,0.15693816542625427
45264,0.1802191585302353
45265,0.1699076145887375
45266,0.1490737497806549
45267,0.16157428920269012
45268,0.20746664702892303
45269,0.11952871829271317
45270,0.22293291985988617
45271,0.3784679174423218
45272,0.3869951069355011
45273,0.40554600954055786
45274,0.30489659309387207
45275,0.23872552812099457
45276,0.3354583978652954
45277,0.20873317122459412
45278,0.20749765634536743
45279,0.22221620380878448
45280,0.15058937668800354
45281,0.1760086864233017
45282,0.26071301102638245
45283,0.17767781019210815
45284,0.16995558142662048
45285,0.13078781962394714
45286,0.17055463790893555
45287,0.20181356370449066
45288,0.15613240003585815
45289,0.29107826948165894
45290,0.1530419886112213
45291,0.19338469207286835
45292,0.23901742696762085
45293,0.21007385849952698
45294,0.3135317265987396
45295,0.217487633228302
45296,0.24966278672218323
45297,0.19760002195835114
45298,0.307842493057251
45299,0.16415351629257202
45300,0.27582788467407227
45301,0.2531570792198181
45302,0.16722871363162994
45303,0.19307218492031097
45304,0.17140784859657288
45305,0.206609308719635
45306,0.17130112648010254
45307,0.3022609055042267
45308,0.21571321785449982
45309,0.2002633810043335
45310,0.18584685027599335
45311,0.18248049914836884
45312,0.15551763772964478
45313,0.20832018554210663
45314,0.22881639003753662
45315,0.12631411850452423
45316,0.16227243840694427
45317,0.25428932905197144
45318,0.18801797926425934
45319,0.17736822366714478
45320,0.2696279287338257
45321,0.20813675224781036
45322,0.1865609735250473
45323,0.16106267273426056
45324,0.20306746661663055
45325,0.3128097653388977
45326,0.23986394703388214
45327,0.20337757468223572
45328,0.19378606975078583
45329,0.25826525688171387
45330,0.2470005601644516
45331,0.25701844692230225
45332,0.18763211369514465
45333,0.2172188013792038
45334,0.31319868564605713
45335,0.33328479528427124
45336,0.27875465154647827
45337,0.2886076271533966
45338,0.2854273021221161
45339,0.2569008767604828
45340,0.24288736283779144
45341,0.35784661769866943
45342,0.32764387130737305
45343,0.2214471995830536
45344,0.2641628384590149
45345,0.23316775262355804
45346,0.267520546913147
45347,0.24172678589820862
45348,0.15518417954444885
45349,0.18516364693641663
45350,0.18933513760566711
45351,0.07923781126737595
45352,0.16793827712535858
45353,0.18915806710720062
45354,0.17948125302791595
45355,0.14817087352275848
45356,0.13201282918453217
45357,0.09705307334661484
45358,0.0922321304678917
45359,0.09102202206850052
45360,0.14616450667381287
45361,0.3232201337814331
45362,0.25790631771087646
45363,0.3006477355957031
45364,0.26876193284988403
45365,0.24769754707813263
45366,0.3114452064037323
45367,0.28851085901260376
45368,0.3539988696575165
45369,0.40461939573287964
45370,0.3617676794528961
45371,0.2993195950984955
45372,0.35801205039024353
45373,0.4134919047355652
45374,0.28179407119750977
45375,0.1530369371175766
45376,0.34328436851501465
45377,0.3622390329837799
45378,0.30823999643325806
45379,0.3975215554237366
45380,0.39170005917549133
45381,0.2959707975387573
45382,0.22236117720603943
45383,0.3823989927768707
45384,0.3054761588573456
45385,0.09777379035949707
45386,0.2473248392343521
45387,0.26811838150024414
45388,0.30252668261528015
45389,0.12057887762784958
45390,0.36518651247024536
45391,0.322935551404953
45392,0.32571250200271606
45393,0.3578379154205322
45394,0.44475752115249634
45395,0.2780594825744629
45396,0.27659842371940613
45397,0.2581993341445923
45398,0.25131720304489136
45399,0.1747775673866272
45400,0.24609175324440002
45401,0.2525467276573181
45402,0.29127562046051025
45403,0.18955819308757782
45404,0.2076723873615265
45405,0.22709643840789795
45406,0.2226068377494812
45407,0.23938409984111786
45408,0.2177659422159195
45409,0.22177289426326752
45410,0.2140546441078186
45411,0.206521674990654
45412,0.21726135909557343
45413,0.24384066462516785
45414,0.26616722345352173
45415,0.2601836025714874
45416,0.2600383758544922
45417,0.2569151222705841
45418,0.28160956501960754
45419,0.23016102612018585
45420,0.2595904469490051
45421,0.2511179745197296
45422,0.24055077135562897
45423,0.23914939165115356
45424,0.2501213252544403
45425,0.23561613261699677
45426,0.2401372641324997
45427,0.24028679728507996
45428,0.23242315649986267
45429,0.24803175032138824
45430,0.2513176202774048
45431,0.24390292167663574
45432,0.27247047424316406
45433,0.2673638164997101
45434,0.26269638538360596
45435,0.23038652539253235
45436,0.2423267364501953
45437,0.2286398857831955
45438,0.2346731573343277
45439,0.26361382007598877
45440,0.2564513385295868
45441,0.2655535042285919
45442,0.2473132461309433
45443,0.24388155341148376
45444,0.26848891377449036
45445,0.1919805407524109
45446,0.18623647093772888
45447,0.21923887729644775
45448,0.2157279998064041
45449,0.20055072009563446
45450,0.2445414662361145
45451,0.2641807198524475
45452,0.26597538590431213
45453,0.26902881264686584
45454,0.25423845648765564
45455,0.20933882892131805
45456,0.2254495769739151
45457,0.2643800973892212
45458,0.27404704689979553
45459,0.28543317317962646
45460,0.3008611500263214
45461,0.23286843299865723
45462,0.22731293737888336
45463,0.23973040282726288
45464,0.2342490255832672
45465,0.20915153622627258
45466,0.18418441712856293
45467,0.18208175897598267
45468,0.19997388124465942
45469,0.1850099414587021
45470,0.2167702168226242
45471,0.2165706753730774
45472,0.24490556120872498
45473,0.22179089486598969
45474,0.20021148025989532
45475,0.23358891904354095
45476,0.2348659336566925
45477,0.22530700266361237
45478,0.23949936032295227
45479,0.23752115666866302
45480,0.24744237959384918
45481,0.2518724203109741
45482,0.2356742024421692
45483,0.23811492323875427
45484,0.20358258485794067
45485,0.23613125085830688
45486,0.23199394345283508
45487,0.2521715462207794
45488,0.25256583094596863
45489,0.21325501799583435
45490,0.2361276000738144
45491,0.23029573261737823
45492,0.20892435312271118
45493,0.24991080164909363
45494,0.2160126119852066
45495,0.24353338778018951
45496,0.2560742497444153
45497,0.35697510838508606
45498,0.32316604256629944
45499,0.3096938729286194
45500,0.31893280148506165
45501,0.31087711453437805
45502,0.30522650480270386
45503,0.29188627004623413
45504,0.23993250727653503
45505,0.2237497866153717
45506,0.21713075041770935
45507,0.20980213582515717
45508,0.21743044257164001
45509,0.22101788222789764
45510,0.20588696002960205
45511,0.21401174366474152
45512,0.2145855724811554
45513,0.26781484484672546
45514,0.2031349092721939
45515,0.2067175656557083
45516,0.2037954181432724
45517,0.19949959218502045
45518,0.2156209647655487
45519,0.24189603328704834
45520,0.25574544072151184
45521,0.23848721385002136
45522,0.23835426568984985
45523,0.21778447926044464
45524,0.2376822829246521
45525,0.23500841856002808
45526,0.17859125137329102
45527,0.1632596254348755
45528,0.20159955322742462
45529,0.17240044474601746
45530,0.31925544142723083
45531,0.32221803069114685
45532,0.18651016056537628
45533,0.20619478821754456
45534,0.205120250582695
45535,0.19293801486492157
45536,0.17480838298797607
45537,0.18113559484481812
45538,0.20928148925304413
45539,0.2034134566783905
45540,0.215113565325737
45541,0.19485244154930115
45542,0.18226350843906403
45543,0.20206722617149353
45544,0.22353310883045197
45545,0.21280913054943085
45546,0.20339354872703552
45547,0.20755647122859955
45548,0.2623773515224457
45549,0.33405885100364685
45550,0.2025103121995926
45551,0.29446253180503845
45552,0.3156890273094177
45553,0.3008815050125122
45554,0.2738726735115051
45555,0.2895500063896179
45556,0.2502344846725464
45557,0.14689622819423676
45558,0.331787109375
45559,0.18770314753055573
45560,0.20737580955028534
45561,0.19767658412456512
45562,0.3073374330997467
45563,0.1980876922607422
45564,0.18407002091407776
45565,0.20335714519023895
45566,0.23302915692329407
45567,0.2434350699186325
45568,0.26110565662384033
45569,0.23953257501125336
45570,0.26109808683395386
45571,0.31147345900535583
45572,0.31679344177246094
45573,0.1792335957288742
45574,0.19982561469078064
45575,0.26561811566352844
45576,0.21723945438861847
45577,0.2218237817287445
45578,0.2518869936466217
45579,0.22674426436424255
45580,0.2516070306301117
45581,0.30145028233528137
45582,0.31067147850990295
45583,0.17530421912670135
45584,0.22335600852966309
45585,0.23497839272022247
45586,0.1816394180059433
45587,0.3509308695793152
45588,0.20403939485549927
45589,0.2808414697647095
45590,0.341546893119812
45591,0.27996155619621277
45592,0.30092427134513855
45593,0.289907306432724
45594,0.39042434096336365
45595,0.3700011372566223
45596,0.327401727437973
45597,0.33095547556877136
45598,0.4075492024421692
45599,0.4142838716506958
45600,0.35688042640686035
45601,0.40604597330093384
45602,0.33364295959472656
45603,0.3337329924106598
45604,0.28205204010009766
45605,0.3590335249900818
45606,0.2928600311279297
45607,0.24278630316257477
45608,0.27485761046409607
45609,0.2759697735309601
45610,0.3040730953216553
45611,0.3202475607395172
45612,0.2534365653991699
45613,0.22050513327121735
45614,0.20538581907749176
45615,0.21694983541965485
45616,0.252008318901062
45617,0.23899461328983307
45618,0.23876726627349854
45619,0.22999924421310425
45620,0.22502373158931732
45621,0.27852150797843933
45622,0.24412740767002106
45623,0.23668985068798065
45624,0.30711573362350464
45625,0.25984570384025574
45626,0.2575657069683075
45627,0.23418651521205902
45628,0.2356976717710495
45629,0.21995799243450165
45630,0.22366373240947723
45631,0.2554233968257904
45632,0.2507236897945404
45633,0.2562236487865448
45634,0.2108580768108368
45635,0.20218613743782043
45636,0.1970483362674713
45637,0.32192033529281616
45638,0.28850096464157104
45639,0.312962144613266
45640,0.3506259322166443
45641,0.3159213066101074
45642,0.330897718667984
45643,0.30808141827583313
45644,0.26244425773620605
45645,0.33412012457847595
45646,0.262233167886734
45647,0.22468630969524384
45648,0.2768869400024414
45649,0.2879196107387543
45650,0.26536667346954346
45651,0.3250766098499298
45652,0.26357120275497437
45653,0.27470916509628296
45654,0.2659930884838104
45655,0.24326062202453613
45656,0.2731883227825165
45657,0.33556145429611206
45658,0.3411605656147003
45659,0.3591688275337219
45660,0.31958505511283875
45661,0.2943851351737976
45662,0.31428420543670654
45663,0.2801071107387543
45664,0.23752041161060333
45665,0.2513490319252014
45666,0.28503987193107605
45667,0.26146721839904785
45668,0.22886782884597778
45669,0.2572641968727112
45670,0.3141826391220093
45671,0.3547900915145874
45672,0.29618287086486816
45673,0.3152538239955902
45674,0.2706086039543152
45675,0.3172396719455719
45676,0.30845770239830017
45677,0.3231838047504425
45678,0.27075719833374023
45679,0.2965277135372162
45680,0.2750227749347687
45681,0.3048830032348633
45682,0.30482715368270874
45683,0.30630531907081604
45684,0.28327125310897827
45685,0.2840237021446228
45686,0.2738398015499115
45687,0.2754741311073303
45688,0.2761613428592682
45689,0.3099903166294098
45690,0.27886661887168884
45691,0.31200480461120605
45692,0.3203446865081787
45693,0.3529677391052246
45694,0.31561294198036194
45695,0.2756791114807129
45696,0.29445624351501465
45697,0.28352659940719604
45698,0.32361796498298645
45699,0.3018489480018616
45700,0.3483462333679199
45701,0.35676485300064087
45702,0.3479359447956085
45703,0.3221971392631531
45704,0.28504955768585205
45705,0.27730974555015564
45706,0.3120899796485901
45707,0.2970462143421173
45708,0.31763648986816406
45709,0.3040056526660919
45710,0.29951074719429016
45711,0.21901990473270416
45712,0.21811409294605255
45713,0.25773927569389343
45714,0.26554426550865173
45715,0.2491386979818344
45716,0.18437109887599945
45717,0.18417614698410034
45718,0.18724295496940613
45719,0.20410358905792236
45720,0.25245118141174316
45721,0.2634439766407013
45722,0.2339147925376892
45723,0.24290671944618225
45724,0.21792960166931152
45725,0.27491602301597595
45726,0.2437925785779953
45727,0.2135489284992218
45728,0.22374974191188812
45729,0.18824976682662964
45730,0.2326643317937851
45731,0.21860316395759583
45732,0.18296115100383759
45733,0.18202336132526398
45734,0.1969584822654724
45735,0.20904769003391266
45736,0.24638155102729797
45737,0.25835105776786804
45738,0.27749186754226685
45739,0.2607673704624176
45740,0.26008346676826477
45741,0.2655861973762512
45742,0.270550400018692
45743,0.2431931048631668
45744,0.29942309856414795
45745,0.31880173087120056
45746,0.32330214977264404
45747,0.3198699951171875
45748,0.3135284185409546
45749,0.2737441658973694
45750,0.2445291131734848
45751,0.23012769222259521
45752,0.26640766859054565
45753,0.21411292254924774
45754,0.23895619809627533
45755,0.25742167234420776
45756,0.2602432072162628
45757,0.23444758355617523
45758,0.18703031539916992
45759,0.27869105339050293
45760,0.27748239040374756
45761,0.2668520510196686
45762,0.26215583086013794
45763,0.2564830780029297
45764,0.2678331434726715
45765,0.2514127492904663
45766,0.22691388428211212
45767,0.20249691605567932
45768,0.2274593710899353
45769,0.23809552192687988
45770,0.23557333648204803
45771,0.24922092258930206
45772,0.25361374020576477
45773,0.2743798792362213
45774,0.27002495527267456
45775,0.25813594460487366
45776,0.20169728994369507
45777,0.21416394412517548
45778,0.2251431792974472
45779,0.236212819814682
45780,0.25788068771362305
45781,0.23424410820007324
45782,0.18881899118423462
45783,0.17213165760040283
45784,0.16592054069042206
45785,0.17844709753990173
45786,0.15809334814548492
45787,0.18388953804969788
45788,0.20768210291862488
45789,0.23823466897010803
45790,0.22072818875312805
45791,0.2824019491672516
45792,0.35070404410362244
45793,0.3658064305782318
45794,0.3523414134979248
45795,0.3454541862010956
45796,0.3298598825931549
45797,0.3437052071094513
45798,0.31533804535865784
45799,0.24375076591968536
45800,0.22251001000404358
45801,0.2370457649230957
45802,0.2468147724866867
45803,0.21266652643680573
45804,0.22218769788742065
45805,0.2418375164270401
45806,0.23918263614177704
45807,0.22755159437656403
45808,0.23552091419696808
45809,0.2360329031944275
45810,0.24895423650741577
45811,0.21796180307865143
45812,0.20513184368610382
45813,0.26014748215675354
45814,0.23780962824821472
45815,0.2252809703350067
45816,0.19562667608261108
45817,0.23822064697742462
45818,0.22993512451648712
45819,0.22707289457321167
45820,0.24032285809516907
45821,0.21487106382846832
45822,0.2630479335784912
45823,0.2741750478744507
45824,0.267660915851593
45825,0.2746007442474365
45826,0.2540694773197174
45827,0.29560163617134094
45828,0.2910385727882385
45829,0.24911095201969147
45830,0.21015776693820953
45831,0.2739303708076477
45832,0.28359314799308777
45833,0.27772578597068787
45834,0.2927859127521515
45835,0.27540692687034607
45836,0.23455771803855896
45837,0.2929704487323761
45838,0.285540908575058
45839,0.2345285415649414
45840,0.27544787526130676
45841,0.2512892186641693
45842,0.22229896485805511
45843,0.24033355712890625
45844,0.23868049681186676
45845,0.2502630949020386
45846,0.2580871284008026
45847,0.23957957327365875
45848,0.2327817976474762
45849,0.2493240088224411
45850,0.25494804978370667
45851,0.2147926241159439
45852,0.22359289228916168
45853,0.2386707067489624
45854,0.2514718174934387
45855,0.25909554958343506
45856,0.22123824059963226
45857,0.2313956320285797
45858,0.2713766098022461
45859,0.27191147208213806
45860,0.26536285877227783
45861,0.2460004836320877
45862,0.24968834221363068
45863,0.21438395977020264
45864,0.22740663588047028
45865,0.25667262077331543
45866,0.2697524428367615
45867,0.2857784032821655
45868,0.30875828862190247
45869,0.3293902575969696
45870,0.33630988001823425
45871,0.30811503529548645
45872,0.3081662356853485
45873,0.2921285927295685
45874,0.26469311118125916
45875,0.2796422839164734
45876,0.2758271396160126
45877,0.26875364780426025
45878,0.249491885304451
45879,0.23542432487010956
45880,0.23590978980064392
45881,0.23324985802173615
45882,0.24627558887004852
45883,0.2107812464237213
45884,0.20079539716243744
45885,0.24177908897399902
45886,0.25037848949432373
45887,0.2818046808242798
45888,0.24785572290420532
45889,0.18163511157035828
45890,0.3097406327724457
45891,0.2855747938156128
45892,0.283732533454895
45893,0.26181674003601074
45894,0.2506313621997833
45895,0.24858704209327698
45896,0.24258291721343994
45897,0.2409040331840515
45898,0.22465939819812775
45899,0.22147780656814575
45900,0.24193927645683289
45901,0.2958236634731293
45902,0.2606287896633148
45903,0.2681230902671814
45904,0.27175721526145935
45905,0.26331543922424316
45906,0.25880634784698486
45907,0.25916850566864014
45908,0.2739168405532837
45909,0.300592303276062
45910,0.32213449478149414
45911,0.27999410033226013
45912,0.23598188161849976
45913,0.21386204659938812
45914,0.2234598994255066
45915,0.22739551961421967
45916,0.22066964209079742
45917,0.22178280353546143
45918,0.18017499148845673
45919,0.18579281866550446
45920,0.1940246820449829
45921,0.18626795709133148
45922,0.18297897279262543
45923,0.18052096664905548
45924,0.20963171124458313
45925,0.19943967461585999
45926,0.19569207727909088
45927,0.2393682599067688
45928,0.24411503970623016
45929,0.2429131120443344
45930,0.25339004397392273
45931,0.24665120244026184
45932,0.18448615074157715
45933,0.2195757031440735
45934,0.22264353930950165
45935,0.3117060661315918
45936,0.3340560793876648
45937,0.1461832970380783
45938,0.1660933792591095
45939,0.14500433206558228
45940,0.2080836147069931
45941,0.22798360884189606
45942,0.22421696782112122
45943,0.2707226276397705
45944,0.20877566933631897
45945,0.2824523150920868
45946,0.2215469628572464
45947,0.27708911895751953
45948,0.2554040253162384
45949,0.20388653874397278
45950,0.19529475271701813
45951,0.22669588029384613
45952,0.2229759842157364
45953,0.2165733128786087
45954,0.20859846472740173
45955,0.3577187955379486
45956,0.29843583703041077
45957,0.2977150082588196
45958,0.3071833550930023
45959,0.300974577665329
45960,0.23498481512069702
45961,0.2288188636302948
45962,0.22629348933696747
45963,0.22525160014629364
45964,0.28158342838287354
45965,0.2931743264198303
45966,0.3038650453090668
45967,0.3270019590854645
45968,0.29471731185913086
45969,0.24417996406555176
45970,0.2900901138782501
45971,0.25397956371307373
45972,0.2486792802810669
45973,0.2442762553691864
45974,0.23942559957504272
45975,0.18957683444023132
45976,0.18234294652938843
45977,0.18760694563388824
45978,0.18345944583415985
45979,0.18914100527763367
45980,0.19577331840991974
45981,0.28332847356796265
45982,0.20700190961360931
45983,0.18912486732006073
45984,0.18552498519420624
45985,0.17795413732528687
45986,0.1821133941411972
45987,0.16962547600269318
45988,0.16702371835708618
45989,0.1606612205505371
45990,0.16600577533245087
45991,0.17219507694244385
45992,0.1820617914199829
45993,0.18881122767925262
45994,0.19408585131168365
45995,0.19335268437862396
45996,0.24609375
45997,0.2757161855697632
45998,0.2365371137857437
45999,0.23526114225387573
46000,0.23763106763362885
46001,0.24643582105636597
46002,0.23632998764514923
46003,0.28704434633255005
46004,0.23421360552310944
46005,0.32949429750442505
46006,0.25056594610214233
46007,0.21559779345989227
46008,0.20921958982944489
46009,0.22857274115085602
46010,0.2278856635093689
46011,0.2428881824016571
46012,0.24557922780513763
46013,0.2372986227273941
46014,0.24902929365634918
46015,0.25873038172721863
46016,0.23997332155704498
46017,0.24375887215137482
46018,0.22449833154678345
46019,0.2200283706188202
46020,0.22958984971046448
46021,0.18943840265274048
46022,0.20506365597248077
46023,0.22174188494682312
46024,0.20771345496177673
46025,0.2074262499809265
46026,0.20798353850841522
46027,0.2126481831073761
46028,0.2007732391357422
46029,0.18976914882659912
46030,0.19696934521198273
46031,0.2085714489221573
46032,0.2269638180732727
46033,0.23512837290763855
46034,0.19391988217830658
46035,0.2008904367685318
46036,0.20367033779621124
46037,0.20036253333091736
46038,0.21611985564231873
46039,0.21601295471191406
46040,0.223207026720047
46041,0.15176519751548767
46042,0.28340625762939453
46043,0.17526857554912567
46044,0.2061377912759781
46045,0.19634602963924408
46046,0.1708098202943802
46047,0.15283028781414032
46048,0.16181062161922455
46049,0.1720830351114273
46050,0.1864766776561737
46051,0.21009747684001923
46052,0.17542177438735962
46053,0.16003704071044922
46054,0.13676747679710388
46055,0.14550399780273438
46056,0.12462032586336136
46057,0.14672449231147766
46058,0.16396255791187286
46059,0.16630956530570984
46060,0.1580788791179657
46061,0.13251574337482452
46062,0.15483951568603516
46063,0.16892607510089874
46064,0.17356956005096436
46065,0.17934982478618622
46066,0.17064346373081207
46067,0.1293492168188095
46068,0.1567123383283615
46069,0.14966358244419098
46070,0.15829475224018097
46071,0.1314307004213333
46072,0.18742536008358002
46073,0.1713978797197342
46074,0.15962819755077362
46075,0.14912016689777374
46076,0.14991633594036102
46077,0.15923148393630981
46078,0.14592677354812622
46079,0.14792603254318237
46080,0.13492533564567566
46081,0.1477251648902893
46082,0.19918586313724518
46083,0.2052406370639801
46084,0.20961178839206696
46085,0.17500731348991394
46086,0.1467260867357254
46087,0.16521812975406647
46088,0.15949752926826477
46089,0.13344623148441315
46090,0.17329546809196472
46091,0.1896449625492096
46092,0.1871211975812912
46093,0.22053512930870056
46094,0.22520509362220764
46095,0.21440209448337555
46096,0.20904022455215454
46097,0.19676955044269562
46098,0.1986328661441803
46099,0.18903721868991852
46100,0.18569211661815643
46101,0.1839219480752945
46102,0.17806100845336914
46103,0.1809997856616974
46104,0.16572962701320648
46105,0.1402466893196106
46106,0.23493692278862
46107,0.19537048041820526
46108,0.19373056292533875
46109,0.21829140186309814
46110,0.22329668700695038
46111,0.2402172088623047
46112,0.2376013845205307
46113,0.24203218519687653
46114,0.239109069108963
46115,0.2417898178100586
46116,0.25941070914268494
46117,0.2594449818134308
46118,0.25088244676589966
46119,0.22409021854400635
46120,0.24815107882022858
46121,0.2589443325996399
46122,0.24797017872333527
46123,0.21147429943084717
46124,0.20692864060401917
46125,0.21035079658031464
46126,0.2374778687953949
46127,0.21878919005393982
46128,0.22916248440742493
46129,0.24228498339653015
46130,0.24735842645168304
46131,0.24048471450805664
46132,0.20091211795806885
46133,0.17073582112789154
46134,0.19294582307338715
46135,0.2317507266998291
46136,0.2300674468278885
46137,0.216951385140419
46138,0.2899922728538513
46139,0.2660031318664551
46140,0.2516372799873352
46141,0.2710321247577667
46142,0.3018214702606201
46143,0.26625192165374756
46144,0.23094752430915833
46145,0.22043436765670776
46146,0.24084097146987915
46147,0.2778632342815399
46148,0.2773796617984772
46149,0.2976973354816437
46150,0.28430262207984924
46151,0.25743377208709717
46152,0.24724097549915314
46153,0.29508933424949646
46154,0.24905231595039368
46155,0.2589828670024872
46156,0.25782325863838196
46157,0.26385700702667236
46158,0.2731102705001831
46159,0.293064683675766
46160,0.2774001955986023
46161,0.24621213972568512
46162,0.26775383949279785
46163,0.2859208583831787
46164,0.2945806086063385
46165,0.29342544078826904
46166,0.2883301079273224
46167,0.24493712186813354
46168,0.21513931453227997
46169,0.22388552129268646
46170,0.20032165944576263
46171,0.24919602274894714
46172,0.28042441606521606
46173,0.25486811995506287
46174,0.25639018416404724
46175,0.23947939276695251
46176,0.27180254459381104
46177,0.28146037459373474
46178,0.284915030002594
46179,0.2812167704105377
46180,0.23776516318321228
46181,0.22044716775417328
46182,0.20599474012851715
46183,0.18848660588264465
46184,0.19622685015201569
46185,0.23843342065811157
46186,0.24939404428005219
46187,0.1774178296327591
46188,0.16771872341632843
46189,0.2469559609889984
46190,0.31000828742980957
46191,0.23464715480804443
46192,0.168522447347641
46193,0.1973477005958557
46194,0.2789032459259033
46195,0.21967318654060364
46196,0.12958288192749023
46197,0.23467224836349487
46198,0.1741359829902649
46199,0.2402496188879013
46200,0.17417849600315094
46201,0.1748269945383072
46202,0.21552276611328125
46203,0.2219696044921875
46204,0.25072526931762695
46205,0.23402345180511475
46206,0.15668770670890808
46207,0.16672444343566895
46208,0.19714286923408508
46209,0.14545737206935883
46210,0.20837466418743134
46211,0.20749607682228088
46212,0.2750185430049896
46213,0.21079882979393005
46214,0.2948154807090759
46215,0.20526142418384552
46216,0.2541657090187073
46217,0.20025235414505005
46218,0.19952955842018127
46219,0.2618114948272705
46220,0.2818385660648346
46221,0.2889033555984497
46222,0.15359114110469818
46223,0.2411884367465973
46224,0.19829073548316956
46225,0.3031587302684784
46226,0.2936097979545593
46227,0.13357074558734894
46228,0.2577987015247345
46229,0.2353258728981018
46230,0.24936188757419586
46231,0.24394501745700836
46232,0.1459878385066986
46233,0.18324324488639832
46234,0.21819409728050232
46235,0.20002591609954834
46236,0.2719917893409729
46237,0.24319307506084442
46238,0.26696011424064636
46239,0.16732923686504364
46240,0.2845405340194702
46241,0.27586182951927185
46242,0.26088058948516846
46243,0.21434056758880615
46244,0.23356999456882477
46245,0.24308648705482483
46246,0.24323879182338715
46247,0.17546075582504272
46248,0.17619968950748444
46249,0.20319020748138428
46250,0.19114044308662415
46251,0.18384556472301483
46252,0.15575577318668365
46253,0.19614209234714508
46254,0.2134568989276886
46255,0.2625172436237335
46256,0.25088733434677124
46257,0.21764740347862244
46258,0.2549930214881897
46259,0.23505626618862152
46260,0.2559509575366974
46261,0.24321283400058746
46262,0.2685810327529907
46263,0.26121869683265686
46264,0.3186357319355011
46265,0.21859152615070343
46266,0.1308414489030838
46267,0.17258672416210175
46268,0.17903095483779907
46269,0.15731441974639893
46270,0.17082715034484863
46271,0.16845101118087769
46272,0.2323434054851532
46273,0.27975088357925415
46274,0.2798175513744354
46275,0.2583780288696289
46276,0.2998441159725189
46277,0.27131035923957825
46278,0.3069833219051361
46279,0.26087328791618347
46280,0.2915910482406616
46281,0.2884942889213562
46282,0.19781602919101715
46283,0.18839451670646667
46284,0.2134493589401245
46285,0.18623580038547516
46286,0.19147969782352448
46287,0.1838267296552658
46288,0.21147288382053375
46289,0.17884157598018646
46290,0.33278191089630127
46291,0.31943556666374207
46292,0.291955828666687
46293,0.30127227306365967
46294,0.25261926651000977
46295,0.2887613773345947
46296,0.23824137449264526
46297,0.22686851024627686
46298,0.30700209736824036
46299,0.25380581617355347
46300,0.31368792057037354
46301,0.2674400508403778
46302,0.2588539719581604
46303,0.1900670826435089
46304,0.1667362004518509
46305,0.283464252948761
46306,0.18287555873394012
46307,0.21301671862602234
46308,0.28919464349746704
46309,0.28943973779678345
46310,0.1962887942790985
46311,0.303963303565979
46312,0.1756410002708435
46313,0.15837985277175903
46314,0.21263757348060608
46315,0.13862256705760956
46316,0.22368915379047394
46317,0.19589532911777496
46318,0.3348082900047302
46319,0.26296889781951904
46320,0.22933892905712128
46321,0.19107775390148163
46322,0.30442556738853455
46323,0.3219125270843506
46324,0.21101583540439606
46325,0.1858639121055603
46326,0.3915809392929077
46327,0.16351380944252014
46328,0.2542168200016022
46329,0.2911430895328522
46330,0.21516811847686768
46331,0.19014528393745422
46332,0.3277833163738251
46333,0.2538553476333618
46334,0.2563866674900055
46335,0.24032706022262573
46336,0.22245685756206512
46337,0.2129421830177307
46338,0.21152476966381073
46339,0.19400423765182495
46340,0.19918511807918549
46341,0.23881889879703522
46342,0.2259625792503357
46343,0.2135835438966751
46344,0.22400866448879242
46345,0.18077510595321655
46346,0.23510321974754333
46347,0.1749470978975296
46348,0.20302574336528778
46349,0.2033732384443283
46350,0.2039930820465088
46351,0.18574291467666626
46352,0.20802877843379974
46353,0.16837432980537415
46354,0.23138213157653809
46355,0.20541000366210938
46356,0.19333626329898834
46357,0.23840060830116272
46358,0.23880551755428314
46359,0.2054794579744339
46360,0.22406171262264252
46361,0.20304715633392334
46362,0.19830796122550964
46363,0.19366011023521423
46364,0.19547221064567566
46365,0.20744021236896515
46366,0.21883904933929443
46367,0.22070255875587463
46368,0.21483637392520905
46369,0.17632806301116943
46370,0.22847507894039154
46371,0.20766213536262512
46372,0.2296682894229889
46373,0.22363175451755524
46374,0.2116728574037552
46375,0.18508392572402954
46376,0.19636118412017822
46377,0.18875326216220856
46378,0.23786970973014832
46379,0.20829834043979645
46380,0.2216595858335495
46381,0.24506856501102448
46382,0.21606895327568054
46383,0.23199734091758728
46384,0.18594011664390564
46385,0.22856412827968597
46386,0.1864626556634903
46387,0.20019306242465973
46388,0.19369038939476013
46389,0.2077615112066269
46390,0.20696093142032623
46391,0.2131054401397705
46392,0.2295328825712204
46393,0.26014208793640137
46394,0.24146859347820282
46395,0.21274149417877197
46396,0.2013520896434784
46397,0.2315104454755783
46398,0.22832058370113373
46399,0.20984333753585815
46400,0.27117353677749634
46401,0.2195107787847519
46402,0.2597901523113251
46403,0.2542704641819
46404,0.22830909490585327
46405,0.20769430696964264
46406,0.23408114910125732
46407,0.19971205294132233
46408,0.20573097467422485
46409,0.18123731017112732
46410,0.17513571679592133
46411,0.18484877049922943
46412,0.18536056578159332
46413,0.19513264298439026
46414,0.2606339454650879
46415,0.2729666829109192
46416,0.2673346698284149
46417,0.3118661940097809
46418,0.28932762145996094
46419,0.2961110472679138
46420,0.3045629560947418
46421,0.2731180489063263
46422,0.33916622400283813
46423,0.32260793447494507
46424,0.27589428424835205
46425,0.28860747814178467
46426,0.28363314270973206
46427,0.25834235548973083
46428,0.2509324252605438
46429,0.22981274127960205
46430,0.2690802216529846
46431,0.25635334849357605
46432,0.22838810086250305
46433,0.17011697590351105
46434,0.15721286833286285
46435,0.1949114054441452
46436,0.22544428706169128
46437,0.22787028551101685
46438,0.2171993851661682
46439,0.19890648126602173
46440,0.16578492522239685
46441,0.30000370740890503
46442,0.29553160071372986
46443,0.2730949819087982
46444,0.25522691011428833
46445,0.24943402409553528
46446,0.2811296880245209
46447,0.3032487630844116
46448,0.30866000056266785
46449,0.30461275577545166
46450,0.3233543038368225
46451,0.3074973225593567
46452,0.27489498257637024
46453,0.22153016924858093
46454,0.25320032238960266
46455,0.23233693838119507
46456,0.23794466257095337
46457,0.2289697229862213
46458,0.22682742774486542
46459,0.27060064673423767
46460,0.2629794776439667
46461,0.24211570620536804
46462,0.23043663799762726
46463,0.27270323038101196
46464,0.2841162085533142
46465,0.29005372524261475
46466,0.29752594232559204
46467,0.317615807056427
46468,0.29119178652763367
46469,0.31213894486427307
46470,0.2947883903980255
46471,0.2809455990791321
46472,0.2725289762020111
46473,0.24542556703090668
46474,0.24276837706565857
46475,0.2844116985797882
46476,0.3036491572856903
46477,0.27436989545822144
46478,0.31261754035949707
46479,0.3227051794528961
46480,0.28588882088661194
46481,0.17182745039463043
46482,0.30376923084259033
46483,0.21716001629829407
46484,0.13021068274974823
46485,0.21635539829730988
46486,0.19387662410736084
46487,0.33631154894828796
46488,0.22967253625392914
46489,0.23468691110610962
46490,0.22576408088207245
46491,0.19673219323158264
46492,0.41302967071533203
46493,0.17467349767684937
46494,0.15839044749736786
46495,0.23288126289844513
46496,0.17774657905101776
46497,0.3042100667953491
46498,0.28490906953811646
46499,0.303382009267807
46500,0.21828947961330414
46501,0.24791006743907928
46502,0.24864090979099274
46503,0.21777932345867157
46504,0.26366108655929565
46505,0.2665301561355591
46506,0.2954476773738861
46507,0.18984468281269073
46508,0.2685861587524414
46509,0.2254791259765625
46510,0.21346578001976013
46511,0.20772720873355865
46512,0.3038221597671509
46513,0.2389950305223465
46514,0.2865651547908783
46515,0.21138818562030792
46516,0.22169093787670135
46517,0.22017015516757965
46518,0.22006472945213318
46519,0.23910465836524963
46520,0.2324027419090271
46521,0.24112685024738312
46522,0.2710074484348297
46523,0.26049795746803284
46524,0.26441171765327454
46525,0.2693096101284027
46526,0.16101360321044922
46527,0.18230578303337097
46528,0.18929193913936615
46529,0.23317931592464447
46530,0.21207867562770844
46531,0.14738236367702484
46532,0.2054039090871811
46533,0.16794303059577942
46534,0.16555064916610718
46535,0.21590986847877502
46536,0.2305244356393814
46537,0.16464285552501678
46538,0.08416444808244705
46539,0.2202681303024292
46540,0.28838035464286804
46541,0.2496386617422104
46542,0.19319966435432434
46543,0.2572334408760071
46544,0.20126572251319885
46545,0.2645569443702698
46546,0.2420063316822052
46547,0.18946102261543274
46548,0.323059618473053
46549,0.17136310040950775
46550,0.09642932564020157
46551,0.33942416310310364
46552,0.2922571003437042
46553,0.21047024428844452
46554,0.3396287262439728
46555,0.26890838146209717
46556,0.32022592425346375
46557,0.28417566418647766
46558,0.3684185743331909
46559,0.3301030397415161
46560,0.2907056510448456
46561,0.20133273303508759
46562,0.16264258325099945
46563,0.14809535443782806
46564,0.30450841784477234
46565,0.3305428922176361
46566,0.3606472909450531
46567,0.42416051030158997
46568,0.39586833119392395
46569,0.4020175039768219
46570,0.13991594314575195
46571,0.28021278977394104
46572,0.14558571577072144
46573,0.13506348431110382
46574,0.14723874628543854
46575,0.16948385536670685
46576,0.18716637790203094
46577,0.15577839314937592
46578,0.16866707801818848
46579,0.13981765508651733
46580,0.1614626944065094
46581,0.25407108664512634
46582,0.2158525139093399
46583,0.1548011749982834
46584,0.14405669271945953
46585,0.17396169900894165
46586,0.3116683065891266
46587,0.16413764655590057
46588,0.2199009209871292
46589,0.26872822642326355
46590,0.29610374569892883
46591,0.11386148631572723
46592,0.1925332397222519
46593,0.19585102796554565
46594,0.25453048944473267
46595,0.14602622389793396
46596,0.19294831156730652
46597,0.17702406644821167
46598,0.2126811444759369
46599,0.18037505447864532
46600,0.17321312427520752
46601,0.22159066796302795
46602,0.18197409808635712
46603,0.2056691199541092
46604,0.2065005749464035
46605,0.1400151252746582
46606,0.21921031177043915
46607,0.16762687265872955
46608,0.15243592858314514
46609,0.16735340654850006
46610,0.1743147224187851
46611,0.22509947419166565
46612,0.16653259098529816
46613,0.17628249526023865
46614,0.2939285337924957
46615,0.22391881048679352
46616,0.1561565399169922
46617,0.2242056429386139
46618,0.17394301295280457
46619,0.1796031892299652
46620,0.22443470358848572
46621,0.1930280476808548
46622,0.15067708492279053
46623,0.27022793889045715
46624,0.2171337604522705
46625,0.28341367840766907
46626,0.23019194602966309
46627,0.4006059467792511
46628,0.22586393356323242
46629,0.24117107689380646
46630,0.1480092704296112
46631,0.16822823882102966
46632,0.14501477777957916
46633,0.16990728676319122
46634,0.2564239501953125
46635,0.12186659127473831
46636,0.029853742569684982
46637,0.0721927061676979
46638,0.006291644647717476
46639,0.016311442479491234
46640,0.03370481729507446
46641,-0.04879637062549591
46642,0.25911954045295715
46643,0.15512767434120178
46644,0.16941237449645996
46645,0.10442417860031128
46646,0.13070280849933624
46647,0.14577367901802063
46648,0.08122032135725021
46649,0.13375429809093475
46650,0.17710179090499878
46651,0.20147478580474854
46652,0.07093718647956848
46653,0.13730883598327637
46654,0.2293396145105362
46655,0.1721806526184082
46656,0.22660395503044128
46657,0.16603781282901764
46658,0.20562204718589783
46659,0.21806417405605316
46660,0.08570851385593414
46661,0.2558174729347229
46662,0.11582854390144348
46663,0.104569211602211
46664,0.19153757393360138
46665,0.20270872116088867
46666,0.2241819053888321
46667,0.17177316546440125
46668,0.23948301374912262
46669,0.298281192779541
46670,0.17917819321155548
46671,0.17190323770046234
46672,0.21017660200595856
46673,0.12529096007347107
46674,0.14276812970638275
46675,0.0354297012090683
46676,0.22713881731033325
46677,0.17974376678466797
46678,0.1528065949678421
46679,0.13236957788467407
46680,0.2240900993347168
46681,0.18947912752628326
46682,0.1696239411830902
46683,0.1869274526834488
46684,0.18451066315174103
46685,0.31494349241256714
46686,0.26430147886276245
46687,0.24763959646224976
46688,0.23065795004367828
46689,0.250493586063385
46690,0.28244397044181824
46691,0.18107642233371735
46692,0.25379109382629395
46693,0.1635153591632843
46694,0.1635153591632843
46695,0.24369990825653076
46696,0.23313742876052856
46697,0.18448638916015625
46698,0.2080908566713333
46699,0.22532068192958832
46700,0.24474245309829712
46701,0.1812155395746231
46702,0.23006115853786469
46703,0.28529423475265503
46704,0.22924117743968964
46705,0.19325534999370575
46706,0.12155333161354065
46707,0.19962537288665771
46708,0.13111884891986847
46709,0.26795750856399536
46710,0.17262840270996094
46711,0.12140045315027237
46712,0.1731855273246765
46713,0.3374524712562561
46714,0.15563856065273285
46715,0.17334823310375214
46716,0.3335837125778198
46717,0.14754901826381683
46718,0.17238670587539673
46719,0.24320149421691895
46720,0.275070458650589
46721,0.16749215126037598
46722,0.24701659381389618
46723,0.20994213223457336
46724,0.24540181457996368
46725,0.34913429617881775
46726,0.29324331879615784
46727,0.22543898224830627
46728,0.18573153018951416
46729,0.19587154686450958
46730,0.420585572719574
46731,0.18960975110530853
46732,0.1950465440750122
46733,0.1364603340625763
46734,0.1724018007516861
46735,0.18106825649738312
46736,0.17361906170845032
46737,0.19451934099197388
46738,0.2382929027080536
46739,0.3220520317554474
46740,0.2329311966896057
46741,0.13483700156211853
46742,0.0970027819275856
46743,0.2783035337924957
46744,0.28486838936805725
46745,0.28705915808677673
46746,0.16838739812374115
46747,0.19388216733932495
46748,0.1466236561536789
46749,0.20828565955162048
46750,0.17463040351867676
46751,0.18006093800067902
46752,0.29085585474967957
46753,0.21114590764045715
46754,0.2173341065645218
46755,0.24183832108974457
46756,0.19651933014392853
46757,0.2409655600786209
46758,0.22288349270820618
46759,0.13575148582458496
46760,0.1856023371219635
46761,0.17050667107105255
46762,0.26471900939941406
46763,0.2619442641735077
46764,0.19920609891414642
46765,0.23800280690193176
46766,0.18754756450653076
46767,0.2429996281862259
46768,0.1919928640127182
46769,0.17335397005081177
46770,0.24000050127506256
46771,0.15276016294956207
46772,0.2178882509469986
46773,0.275288462638855
46774,0.202394038438797
46775,0.21651314198970795
46776,0.347289502620697
46777,0.3210296332836151
46778,0.18822745978832245
46779,0.21515357494354248
46780,0.13811653852462769
46781,0.16476969420909882
46782,0.12849116325378418
46783,0.14571909606456757
46784,0.17729662358760834
46785,0.20521417260169983
46786,0.2902454137802124
46787,0.18757811188697815
46788,0.26769500970840454
46789,0.1722722053527832
46790,0.12558560073375702
46791,0.19981791079044342
46792,0.23384340107440948
46793,0.24417608976364136
46794,0.14710381627082825
46795,0.18204271793365479
46796,0.24449284374713898
46797,0.19972965121269226
46798,0.24917560815811157
46799,0.16902093589305878
46800,0.20574669539928436
46801,0.20694315433502197
46802,0.24752898514270782
46803,0.23909005522727966
46804,0.19007913768291473
46805,0.1423586755990982
46806,0.22064322233200073
46807,0.254843533039093
46808,0.20324815809726715
46809,0.256090372800827
46810,0.36612972617149353
46811,0.3209933340549469
46812,0.2673896849155426
46813,0.17736296355724335
46814,0.29953694343566895
46815,0.23527222871780396
46816,0.26341941952705383
46817,0.2707054316997528
46818,0.2872001528739929
46819,0.2809377610683441
46820,0.2831079959869385
46821,0.20038197934627533
46822,0.21643707156181335
46823,0.21252767741680145
46824,0.18623985350131989
46825,0.258291095495224
46826,0.22307032346725464
46827,0.20080941915512085
46828,0.2390979379415512
46829,0.269593209028244
46830,0.2603670358657837
46831,0.285699725151062
46832,0.33541467785835266
46833,0.26431289315223694
46834,0.35050344467163086
46835,0.30346429347991943
46836,0.5296407341957092
46837,0.4017224907875061
46838,0.36770063638687134
46839,0.3228929936885834
46840,0.3922160267829895
46841,0.23713627457618713
46842,0.10318461805582047
46843,0.42709773778915405
46844,0.35387852787971497
46845,0.3235577940940857
46846,0.34409457445144653
46847,0.17239436507225037
46848,0.2936252951622009
46849,0.20089922845363617
46850,0.2847976088523865
46851,0.38456493616104126
46852,0.2205623984336853
46853,0.1454828530550003
46854,0.265048086643219
46855,0.3693642020225525
46856,0.4063512682914734
46857,0.4063512682914734
46858,0.3137032985687256
46859,0.13976185023784637
46860,0.1689491719007492
46861,0.2752554714679718
46862,0.2572532892227173
46863,0.2239261269569397
46864,0.21310609579086304
46865,0.2310985028743744
46866,0.22553226351737976
46867,0.20716287195682526
46868,0.18105101585388184
46869,0.19405221939086914
46870,0.1926589012145996
46871,0.21611207723617554
46872,0.20813573896884918
46873,0.16432160139083862
46874,0.14532127976417542
46875,0.2718304991722107
46876,0.19886495172977448
46877,0.18597574532032013
46878,0.15046201646327972
46879,0.14204762876033783
46880,0.13669459521770477
46881,0.12913574278354645
46882,0.12260857969522476
46883,0.13863074779510498
46884,0.1736217886209488
46885,0.20765037834644318
46886,0.33175280690193176
46887,0.2037057876586914
46888,0.3619328439235687
46889,0.40285640954971313
46890,0.24169327318668365
46891,0.24992045760154724
46892,0.2121737152338028
46893,0.344927042722702
46894,0.2643921971321106
46895,0.14626586437225342
46896,0.16346412897109985
46897,0.2591495215892792
46898,0.28492873907089233
46899,0.3061646819114685
46900,0.3093879222869873
46901,0.21404078602790833
46902,0.2857441008090973
46903,0.271194726228714
46904,0.31212595105171204
46905,0.3008335828781128
46906,0.3131825923919678
46907,0.3216724991798401
46908,0.23858816921710968
46909,0.20702525973320007
46910,0.28737491369247437
46911,0.30750325322151184
46912,0.3076745867729187
46913,0.3809514343738556
46914,0.3614353537559509
46915,0.23104488849639893
46916,0.21288619935512543
46917,0.23210380971431732
46918,0.27814701199531555
46919,0.24942032992839813
46920,0.32768648862838745
46921,0.26393455266952515
46922,0.29895463585853577
46923,0.35040655732154846
46924,0.375150591135025
46925,0.2508741021156311
46926,0.3479882478713989
46927,0.30984437465667725
46928,0.26364776492118835
46929,0.24827152490615845
46930,0.33051154017448425
46931,0.27967318892478943
46932,0.1839037388563156
46933,0.2227819561958313
46934,0.2730058431625366
46935,0.22956332564353943
46936,0.26204097270965576
46937,0.2834467589855194
46938,0.2756326496601105
46939,0.29311051964759827
46940,0.3251034617424011
46941,0.3190254271030426
46942,0.28579074144363403
46943,0.3257034420967102
46944,0.30187293887138367
46945,0.2548353970050812
46946,0.25454041361808777
46947,0.21460475027561188
46948,0.2150762975215912
46949,0.25984886288642883
46950,0.2718564569950104
46951,0.28199270367622375
46952,0.11973494291305542
46953,0.35959675908088684
46954,0.2613186836242676
46955,0.2604789137840271
46956,0.3321838974952698
46957,0.2935734689235687
46958,0.14665071666240692
46959,0.1612061709165573
46960,0.1756727248430252
46961,0.1478780210018158
46962,0.14119094610214233
46963,0.24560235440731049
46964,0.16743053495883942
46965,0.252713143825531
46966,0.17792586982250214
46967,0.1535673290491104
46968,0.20435009896755219
46969,0.18000806868076324
46970,0.15559840202331543
46971,0.060600366443395615
46972,0.19930045306682587
46973,0.15805093944072723
46974,0.2145334929227829
46975,0.2875250577926636
46976,0.2289031445980072
46977,0.39668574929237366
46978,0.2775404155254364
46979,0.22246596217155457
46980,0.04629077389836311
46981,0.15385176241397858
46982,0.21611353754997253
46983,0.22530221939086914
46984,0.22378747165203094
46985,0.23546849191188812
46986,0.254177063703537
46987,0.2243010401725769
46988,0.22403639554977417
46989,0.288539320230484
46990,0.21936559677124023
46991,0.23395460844039917
46992,0.22710256278514862
46993,0.38985487818717957
46994,0.22384797036647797
46995,0.2265511006116867
46996,0.2348465770483017
46997,0.20988258719444275
46998,0.25390350818634033
46999,0.3250725567340851
47000,0.28177759051322937
47001,0.179329976439476
47002,0.2064744532108307
47003,0.21036870777606964
47004,0.1853630095720291
47005,0.19902876019477844
47006,0.17563974857330322
47007,0.15559148788452148
47008,0.19744795560836792
47009,0.20380528271198273
47010,0.15012837946414948
47011,0.1927313357591629
47012,0.16805392503738403
47013,0.17116622626781464
47014,0.20427268743515015
47015,0.22205451130867004
47016,0.23915280401706696
47017,0.264955073595047
47018,0.18946073949337006
47019,0.17779193818569183
47020,0.1841200739145279
47021,0.24015241861343384
47022,0.2135666310787201
47023,0.2119017094373703
47024,0.17404285073280334
47025,0.24679969251155853
47026,0.1997310072183609
47027,0.19879332184791565
47028,0.18932995200157166
47029,0.1923111379146576
47030,0.2780931293964386
47031,0.2776701748371124
47032,0.22786229848861694
47033,0.2359764575958252
47034,0.249873548746109
47035,0.22048619389533997
47036,0.21345648169517517
47037,0.21152888238430023
47038,0.2182491421699524
47039,0.21573348343372345
47040,0.20005592703819275
47041,0.22842158377170563
47042,0.2349357157945633
47043,0.22381480038166046
47044,0.22503435611724854
47045,0.23218171298503876
47046,0.24462012946605682
47047,0.2333587110042572
47048,0.2466181516647339
47049,0.24497103691101074
47050,0.2506240904331207
47051,0.23658163845539093
47052,0.1834781914949417
47053,0.1942746639251709
47054,0.20811085402965546
47055,0.19792476296424866
47056,0.2078505903482437
47057,0.1954783797264099
47058,0.27855780720710754
47059,0.299727201461792
47060,0.2250896543264389
47061,0.23183408379554749
47062,0.20251411199569702
47063,0.226629376411438
47064,0.19289973378181458
47065,0.21892595291137695
47066,0.16453538835048676
47067,0.20922915637493134
47068,0.2079559713602066
47069,0.25362393260002136
47070,0.2177547961473465
47071,0.2109786868095398
47072,0.2762036621570587
47073,0.1954285204410553
47074,0.18186888098716736
47075,0.18153418600559235
47076,0.21856074035167694
47077,0.2742752730846405
47078,0.2177547961473465
47079,0.2077072262763977
47080,0.28148534893989563
47081,0.2183753252029419
47082,0.2099473923444748
47083,0.2345193326473236
47084,0.23284870386123657
47085,0.22435219585895538
47086,0.18723972141742706
47087,0.21880197525024414
47088,0.18094322085380554
47089,0.25052762031555176
47090,0.23459389805793762
47091,0.28426188230514526
47092,0.25519582629203796
47093,0.25689610838890076
47094,0.2304016500711441
47095,0.23232808709144592
47096,0.17768852412700653
47097,0.2093164026737213
47098,0.2573499083518982
47099,0.24597539007663727
47100,0.22995363175868988
47101,0.3144461214542389
47102,0.24796056747436523
47103,0.3031277358531952
47104,0.20489850640296936
47105,0.2449769824743271
47106,0.2593918442726135
47107,0.21207201480865479
47108,0.2356974482536316
47109,0.22072941064834595
47110,0.2802542448043823
47111,0.24541674554347992
47112,0.21671923995018005
47113,0.2330828607082367
47114,0.2530958354473114
47115,0.2371101677417755
47116,0.2521975636482239
47117,0.2216731607913971
47118,0.173248291015625
47119,0.20981717109680176
47120,0.2358216643333435
47121,0.20634809136390686
47122,0.1837601214647293
47123,0.3058181405067444
47124,0.31680619716644287
47125,0.2145209163427353
47126,0.20357957482337952
47127,0.3133816719055176
47128,0.22786223888397217
47129,0.32575905323028564
47130,0.23720107972621918
47131,0.23804868757724762
47132,0.23975317180156708
47133,0.23653419315814972
47134,0.23551593720912933
47135,0.22895942628383636
47136,0.23286497592926025
47137,0.28007179498672485
47138,0.26323872804641724
47139,0.3080129027366638
47140,0.24498720467090607
47141,0.3044247627258301
47142,0.27476128935813904
47143,0.16558937728405
47144,0.23296378552913666
47145,0.23301208019256592
47146,0.2328369915485382
47147,0.24498720467090607
47148,0.22823187708854675
47149,0.20155280828475952
47150,0.22587032616138458
47151,0.25633078813552856
47152,0.2446710616350174
47153,0.21211054921150208
47154,0.23170483112335205
47155,0.2859286069869995
47156,0.2937217056751251
47157,0.2600902318954468
47158,0.1365860551595688
47159,0.2229074388742447
47160,0.21748563647270203
47161,0.21333904564380646
47162,0.24308031797409058
47163,0.3030872941017151
47164,0.2229074388742447
47165,0.24922068417072296
47166,0.23355892300605774
47167,0.22099316120147705
47168,0.21619345247745514
47169,0.22084437310695648
47170,0.23591038584709167
47171,0.24374382197856903
47172,0.23281346261501312
47173,0.23669523000717163
47174,0.1937544196844101
47175,0.30391985177993774
47176,0.20772302150726318
47177,0.2573455274105072
47178,0.25174710154533386
47179,0.2241288721561432
47180,0.21488253772258759
47181,0.2110811322927475
47182,0.20166996121406555
47183,0.23308250308036804
47184,0.2239084094762802
47185,0.3532473146915436
47186,0.23781676590442657
47187,0.24548371136188507
47188,0.2549949884414673
47189,0.2534882426261902
47190,0.17786934971809387
47191,0.2419428676366806
47192,0.25911128520965576
47193,0.2547489404678345
47194,0.2838346064090729
47195,0.24547982215881348
47196,0.2222299575805664
47197,0.20798295736312866
47198,0.21235671639442444
47199,0.2361067682504654
47200,0.21674519777297974
47201,0.37190112471580505
47202,0.31560397148132324
47203,0.27370285987854004
47204,0.11178222298622131
47205,0.18166173994541168
47206,0.22084437310695648
47207,0.25834783911705017
47208,0.23477166891098022
47209,0.3693862855434418
47210,0.2587864100933075
47211,0.27370285987854004
47212,0.2515304684638977
47213,0.22695229947566986
47214,0.37565597891807556
47215,0.24109546840190887
47216,0.2834475636482239
47217,0.279156893491745
47218,0.26257219910621643
47219,0.2450874000787735
47220,0.275526225566864
47221,0.2827524244785309
47222,0.2614569664001465
47223,0.27399328351020813
47224,0.2466227114200592
47225,0.2436576634645462
47226,0.2528272867202759
47227,0.2797650694847107
47228,0.25268566608428955
47229,0.32249516248703003
47230,0.245790496468544
47231,0.25310418009757996
47232,0.2673550248146057
47233,0.22731207311153412
47234,0.22295963764190674
47235,0.22420674562454224
47236,0.22865590453147888
47237,0.21796497702598572
47238,0.237254798412323
47239,0.23250563442707062
47240,0.23087890446186066
47241,0.1930893063545227
47242,0.21010658144950867
47243,0.20350292325019836
47244,0.23807024955749512
47245,0.22420823574066162
47246,0.33385708928108215
47247,0.2923175096511841
47248,0.2598935663700104
47249,0.2723025679588318
47250,0.23587268590927124
47251,0.2442048043012619
47252,0.276867151260376
47253,0.3087330758571625
47254,0.35007795691490173
47255,0.19522179663181305
47256,0.2528551518917084
47257,0.23512870073318481
47258,0.1961657851934433
47259,0.3761354088783264
47260,0.19444137811660767
47261,0.16285714507102966
47262,0.2894478738307953
47263,0.2703228294849396
47264,0.3851538598537445
47265,0.31520649790763855
47266,0.30787888169288635
47267,0.3311159610748291
47268,0.23983532190322876
47269,0.27231717109680176
47270,0.21848659217357635
47271,0.18386781215667725
47272,0.3663283884525299
47273,0.3258303999900818
47274,0.3882462680339813
47275,0.2576545178890228
47276,0.24230678379535675
47277,0.22955717146396637
47278,0.19693392515182495
47279,0.29534056782722473
47280,0.20992939174175262
47281,0.2983241379261017
47282,0.3397432863712311
47283,0.2959831953048706
47284,0.3038640022277832
47285,0.3075857162475586
47286,0.3503725826740265
47287,0.2716744542121887
47288,0.33482661843299866
47289,0.22052673995494843
47290,0.21593903005123138
47291,0.3051338493824005
47292,0.20721501111984253
47293,0.1739417165517807
47294,0.20394757390022278
47295,0.4055657982826233
47296,0.35001885890960693
47297,0.28583836555480957
47298,0.2979424297809601
47299,0.25499188899993896
47300,0.1941726803779602
47301,0.21011225879192352
47302,0.13429158926010132
47303,0.1540127396583557
47304,0.32246533036231995
47305,0.29735079407691956
47306,0.3279196321964264
