inspection_id,mean_ndvi
27033,0.3723350465297699
27034,0.2738039493560791
27035,0.4425183832645416
27036,0.34913989901542664
27037,0.17359867691993713
27038,0.39015674591064453
27039,0.33832019567489624
27040,0.24661895632743835
27041,0.250127911567688
27042,0.3316938579082489
27043,0.38725510239601135
27044,0.20993049442768097
27045,0.30789914727211
27046,0.3931576609611511
27047,0.31550654768943787
27048,0.427369087934494
27049,0.3189290165901184
27050,0.2995210886001587
27051,0.2166931927204132
27052,0.36848118901252747
27053,0.33607229590415955
27054,0.4998505413532257
27055,0.727313220500946
27056,0.668041467666626
27057,0.409119576215744
27058,0.43348756432533264
27059,0.3290003538131714
27060,0.3793112337589264
27061,0.3002477288246155
27062,0.3671096861362457
27063,0.39701026678085327
27064,0.3713158965110779
27065,0.3963182866573334
27066,0.32529425621032715
27067,0.3333859443664551
27068,0.5359852910041809
27069,0.585349977016449
27070,0.45219308137893677
27071,0.5342391729354858
27072,0.4584094285964966
27073,0.39605140686035156
27074,0.33336228132247925
27075,0.4227917194366455
27076,0.5603407621383667
27077,0.5399770140647888
27078,0.3539353013038635
27079,0.4309007525444031
27080,0.387214720249176
27081,0.4298275411128998
27082,0.4110349416732788
27083,0.2994265556335449
27084,0.23142896592617035
27085,0.24380740523338318
27086,0.12393232434988022
27087,0.24969498813152313
27088,0.285600483417511
27089,0.2673901915550232
27090,0.20441414415836334
27091,0.1962142139673233
27092,0.13900277018547058
27093,0.12518790364265442
27094,0.12475413829088211
27095,0.32232701778411865
27096,0.18893197178840637
27097,-0.009822968393564224
27098,-0.01502921897917986
27099,-0.013222827576100826
27100,-0.01469089463353157
27101,-0.017355279996991158
27102,-0.01079978421330452
27103,-0.02096392586827278
27104,-0.01736949197947979
27105,-0.013655421324074268
27106,-0.007336133159697056
27107,-0.00142849690746516
27108,0.6474093794822693
27109,0.23179425299167633
27110,0.37850311398506165
27111,0.5043410658836365
27112,0.40696048736572266
27113,0.3251272141933441
27114,-0.020643718540668488
27115,-0.014014216139912605
27116,-0.016444766893982887
27117,-0.0036657219752669334
27118,0.49477440118789673
27119,0.23409411311149597
27120,0.3078504502773285
27121,0.21551918983459473
27122,0.3679925501346588
27123,0.2388947606086731
27124,0.29603341221809387
27125,0.5643026828765869
27126,0.4295315444469452
27127,0.29019632935523987
27128,0.5052602291107178
27129,0.5387439131736755
27130,-0.011329973116517067
27131,0.2984277606010437
27132,0.18391849100589752
27133,0.26663702726364136
27134,0.12598946690559387
27135,0.45602428913116455
27136,0.5151861906051636
27137,0.3841066360473633
27138,0.49487942457199097
27139,0.5111078023910522
27140,0.5619308948516846
27141,0.3716907799243927
27142,0.4103735089302063
27143,0.4352271258831024
27144,0.4351021647453308
27145,0.504891037940979
27146,0.4406859278678894
27147,0.449866384267807
27148,0.4281998872756958
27149,0.44106096029281616
27150,0.44616273045539856
27151,0.599726140499115
27152,0.6203657984733582
27153,0.5941592454910278
27154,0.5641016960144043
27155,0.5509695410728455
27156,0.583869993686676
27157,0.4433324635028839
27158,0.5679587125778198
27159,0.5768041610717773
27160,0.5523553490638733
27161,0.552249014377594
27162,0.531548023223877
27163,0.4994150400161743
27164,0.5492441058158875
27165,0.5174735188484192
27166,0.5088289380073547
27167,0.46802452206611633
27168,0.5365123748779297
27169,0.448474258184433
27170,0.5083004236221313
27171,0.552495539188385
27172,0.5160170793533325
27173,0.40958523750305176
27174,0.4150599539279938
27175,0.41065549850463867
27176,0.4185473322868347
27177,0.45840150117874146
27178,0.44149720668792725
27179,0.4551258683204651
27180,0.4171546995639801
27181,0.42510831356048584
27182,0.4534141719341278
27183,0.3898387849330902
27184,0.37126249074935913
27185,-0.034384410828351974
27186,0.4714716076850891
27187,0.4633811116218567
27188,0.48383352160453796
27189,0.44533571600914
27190,0.48872193694114685
27191,0.4959987998008728
27192,0.5009768009185791
27193,0.4232410788536072
27194,0.42750993371009827
27195,0.4637637138366699
27196,0.5248250365257263
27197,0.5268781781196594
27198,0.5428023338317871
27199,0.4589816927909851
27200,0.4205761253833771
27201,-0.033464521169662476
27202,-0.03273274376988411
27203,-0.03390335291624069
27204,-0.03432394191622734
27205,-0.03403986617922783
27206,-0.033630453050136566
27207,-0.033838558942079544
27208,-0.03374413400888443
27209,-0.035047709941864014
27210,-0.03477635234594345
27211,-0.03452318534255028
27212,-0.03482069820165634
27213,-0.03428210690617561
27214,-0.03411232680082321
27215,-0.0350782573223114
27216,-0.03414047509431839
27217,-0.03372492268681526
27218,-0.034001488238573074
27219,-0.0340803898870945
27220,-0.034209877252578735
27221,-0.03401971608400345
27222,-0.03377210348844528
27223,-0.03364335745573044
27224,-0.03330829367041588
27225,0.5748745799064636
27226,0.5757942199707031
27227,-0.03307937830686569
27228,-0.03328048810362816
27229,-0.03330431506037712
27230,-0.03389568254351616
27231,-0.03327270597219467
27232,-0.033096760511398315
27233,-0.033498238772153854
27234,0.577292799949646
27235,0.5635436177253723
27236,0.6158751249313354
27237,0.6145554184913635
27238,0.5969810485839844
27239,0.5804225206375122
27240,0.5740434527397156
27241,0.5335002541542053
27242,0.4749580919742584
27243,0.4560510218143463
27244,0.4496915936470032
27245,0.4556887447834015
27246,0.46265602111816406
27247,0.4489137530326843
27248,0.4235459864139557
27249,0.45138096809387207
27250,0.41137492656707764
27251,0.4767371118068695
27252,0.47427305579185486
27253,0.47253912687301636
27254,0.44932422041893005
27255,0.4262208640575409
27256,0.44126763939857483
27257,0.48550716042518616
27258,0.5067286491394043
27259,0.4727102518081665
27260,0.48968517780303955
27261,0.45922914147377014
27262,0.5071815252304077
27263,0.5008872151374817
27264,0.3737871050834656
27265,0.3323233425617218
27266,-0.033228956162929535
27267,-0.0332014225423336
27268,0.5411351323127747
27269,0.518740177154541
27270,0.3824998736381531
27271,0.41420143842697144
27272,0.39624351263046265
27273,0.36661016941070557
27274,0.3459496796131134
27275,0.320381224155426
27276,0.3730453848838806
27277,0.36203718185424805
27278,0.39192575216293335
27279,0.36627739667892456
27280,0.37416478991508484
27281,0.43965789675712585
27282,0.4556988775730133
27283,0.42733335494995117
27284,0.4029877781867981
27285,0.39652711153030396
27286,0.45902252197265625
27287,0.5422561764717102
27288,-0.03345099836587906
27289,0.624474823474884
27290,0.6586591005325317
27291,0.5237648487091064
27292,0.6184483766555786
27293,0.5457520484924316
27294,0.24396611750125885
27295,0.7827704548835754
27296,0.4054434299468994
27297,0.3309571146965027
27298,0.33971959352493286
27299,0.5620746612548828
27300,0.33824998140335083
27301,0.3197179436683655
27302,0.35249942541122437
27303,0.3966473937034607
27304,0.5796365141868591
27305,0.561732292175293
27306,0.388338565826416
27307,0.45715147256851196
27308,0.5647152662277222
27309,0.5581181049346924
27310,0.3287893533706665
27311,0.3348689675331116
27312,0.4836505055427551
27313,0.353863924741745
27314,0.4518281817436218
27315,0.5664072632789612
27316,0.5088624954223633
27317,0.5995404124259949
27318,0.6403120756149292
27319,0.6684921383857727
27320,0.4316881597042084
27321,0.6008970141410828
27322,0.36911410093307495
27323,0.40465107560157776
27324,0.42900925874710083
27325,0.5794855356216431
27326,0.7321071028709412
27327,0.46621719002723694
27328,0.6778541207313538
27329,0.6728640794754028
27330,0.5502052903175354
27331,0.5902401804924011
27332,0.649004340171814
27333,0.9107239246368408
27334,0.910734236240387
27335,0.6554821133613586
27336,0.669228196144104
27337,0.7292037606239319
27338,0.7768757939338684
27339,0.5903769731521606
27340,0.6937654614448547
27341,0.8009486198425293
27342,0.6674302816390991
27343,0.6598741412162781
27344,0.6277402639389038
27345,0.7214969992637634
27346,0.6204624772071838
27347,0.5567407011985779
27348,0.5814541578292847
27349,0.6602404713630676
27350,0.6510514616966248
27351,0.7297128438949585
27352,0.5836787223815918
27353,0.5519914031028748
27354,0.5237378478050232
27355,0.5553593635559082
27356,0.6113439202308655
27357,0.5367434620857239
27358,0.7081930041313171
27359,0.6198387742042542
27360,0.47683247923851013
27361,0.53485506772995
27362,0.48043885827064514
27363,0.5589286684989929
27364,0.5745664834976196
27365,0.5384610891342163
27366,0.4921174645423889
27367,0.5094788670539856
27368,0.47125372290611267
27369,0.4657055735588074
27370,0.4912251830101013
27371,0.5912068486213684
27372,0.5132120251655579
27373,0.5925049781799316
27374,0.5673354268074036
27375,0.6256444454193115
27376,0.5505272150039673
27377,0.5353863835334778
27378,0.5408048033714294
27379,0.4832305908203125
27380,0.5997129678726196
27381,0.5163871645927429
27382,0.6256079077720642
27383,0.6437949538230896
27384,0.6071617603302002
27385,0.6054145097732544
27386,0.5308332443237305
27387,0.4948164224624634
27388,0.5970395803451538
27389,0.5741255283355713
27390,0.5777713656425476
27391,0.5382459163665771
27392,0.5494298338890076
27393,0.3843373656272888
27394,0.4423231780529022
27395,-0.03239809349179268
27396,-0.03244408220052719
27397,-0.032684601843357086
27398,-0.032829027622938156
27399,-0.0330275297164917
27400,0.5678298473358154
27401,-0.03325388580560684
27402,-0.03368473798036575
27403,-0.033152129501104355
27404,-0.03289104998111725
27405,-0.033244539052248
27406,-0.03340957686305046
27407,-0.033412542194128036
27408,-0.03297574818134308
27409,-0.03253384679555893
27410,-0.03272087499499321
27411,0.4286412298679352
27412,0.4499838054180145
27413,0.5223298072814941
27414,0.49299857020378113
27415,0.49852922558784485
27416,0.478303998708725
27417,0.47985604405403137
27418,0.45171043276786804
27419,0.506582498550415
27420,0.5056130290031433
27421,0.5135509967803955
27422,0.5091037750244141
27423,0.5177597999572754
27424,0.4572547972202301
27425,0.4106373190879822
27426,-0.0331893116235733
27427,-0.03287854790687561
27428,-0.03273135423660278
27429,-0.03287887200713158
27430,-0.03293357416987419
27431,-0.03305266052484512
27432,-0.03306638449430466
27433,-0.032914672046899796
27434,-0.03263625502586365
27435,-0.032688647508621216
27436,-0.03310462087392807
27437,-0.03318419307470322
27438,-0.03305022791028023
27439,-0.03298179805278778
27440,-0.032912369817495346
27441,-0.03332218900322914
27442,-0.03395042568445206
27443,-0.03373654931783676
27444,-0.03340160474181175
27445,-0.03291761502623558
27446,-0.033052749931812286
27447,-0.033264100551605225
27448,-0.03335880488157272
27449,-0.033165957778692245
27450,-0.03321942687034607
27451,-0.03327152878046036
27452,-0.03311186656355858
27453,-0.0328802764415741
27454,-0.032824721187353134
27455,-0.03314132243394852
27456,-0.03321763873100281
27457,-0.033534061163663864
27458,-0.0338142067193985
27459,-0.03460980951786041
27460,-0.03472551330924034
27461,-0.033706970512866974
27462,-0.033792559057474136
27463,0.34077978134155273
27464,0.3903631865978241
27465,0.3898264467716217
27466,0.4802570343017578
27467,0.561080813407898
27468,0.5881337523460388
27469,0.5687795281410217
27470,0.5595599412918091
27471,0.5560685396194458
27472,0.5155699849128723
27473,0.5564300417900085
27474,-0.03289620578289032
27475,0.36653098464012146
27476,0.3817451000213623
27477,0.39726361632347107
27478,0.32593652606010437
27479,0.366590678691864
27480,0.38629546761512756
27481,0.37243959307670593
27482,0.36520108580589294
27483,0.37327560782432556
27484,0.36407166719436646
27485,0.3827596604824066
27486,0.3378998041152954
27487,0.3183925151824951
27488,0.38459086418151855
27489,0.3590465188026428
27490,0.3413165509700775
27491,0.3043724000453949
27492,-0.03577618673443794
27493,-0.034497398883104324
27494,-0.03377419337630272
27495,-0.03408525139093399
27496,0.3363066613674164
27497,-0.033809442073106766
27498,-0.03433968499302864
27499,-0.034824296832084656
27500,-0.03503097593784332
27501,-0.03543952479958534
27502,-0.03581501170992851
27503,-0.03521546721458435
27504,-0.03426063060760498
27505,-0.03382466360926628
27506,-0.034686386585235596
27507,-0.0348120853304863
27508,-0.034762680530548096
27509,-0.034510087221860886
27510,-0.03439944609999657
27511,-0.033865392208099365
27512,-0.033902451395988464
27513,-0.03455285355448723
27514,-0.035397592931985855
27515,-0.03541365638375282
27516,-0.03495457023382187
27517,-0.03436509147286415
27518,-0.03353672847151756
27519,-0.03327479958534241
27520,-0.03364940360188484
27521,-0.033907387405633926
27522,-0.03406282141804695
27523,-0.03388075530529022
27524,-0.03373328596353531
27525,-0.03356477990746498
27526,-0.0339505560696125
27527,-0.033945657312870026
27528,-0.033943746238946915
27529,-0.033786073327064514
27530,-0.033741582185029984
27531,-0.03399783372879028
27532,-0.03389529138803482
27533,-0.033845894038677216
27534,-0.03389360010623932
27535,-0.03387950360774994
27536,-0.033668506890535355
27537,-0.03371283411979675
27538,-0.033413730561733246
27539,-0.03442125767469406
27540,-0.034753184765577316
27541,-0.03443527966737747
27542,-0.03488975763320923
27543,-0.03431466966867447
27544,-0.03465281054377556
27545,-0.034074313938617706
27546,-0.03381853923201561
27547,-0.03361796960234642
27548,-0.03392955660820007
27549,-0.03448222577571869
27550,-0.03468021750450134
27551,-0.034744780510663986
27552,-0.034526512026786804
27553,-0.034251753240823746
27554,-0.03486667200922966
27555,-0.033746104687452316
27556,-0.033561136573553085
27557,-0.034335311502218246
27558,-0.03520705923438072
27559,-0.03492963686585426
27560,-0.03403283283114433
27561,-0.03394279256463051
27562,-0.03366012126207352
27563,-0.03359042480587959
27564,-0.033479660749435425
27565,-0.035301655530929565
27566,-0.034875743091106415
27567,-0.03471799194812775
27568,-0.03556125611066818
27569,-0.035335347056388855
27570,-0.03500476852059364
27571,-0.03480381518602371
27572,-0.03469473496079445
27573,-0.034854333847761154
27574,-0.03510627523064613
27575,-0.03500094637274742
27576,-0.03496873751282692
27577,-0.03407227620482445
27578,-0.03464873135089874
27579,-0.034570738673210144
27580,-0.034518830478191376
27581,-0.034668490290641785
27582,-0.03472168371081352
27583,-0.03493229299783707
27584,-0.034942418336868286
27585,-0.03484782949090004
27586,-0.03529444709420204
27587,-0.033240944147109985
27588,-0.0334509015083313
27589,-0.03366716951131821
27590,-0.03415247052907944
27591,-0.03448504954576492
27592,-0.0348132885992527
27593,-0.03467916324734688
27594,-0.03376093879342079
27595,-0.03399523347616196
27596,-0.033822160214185715
27597,-0.03393533080816269
27598,-0.033974070101976395
27599,-0.03358512744307518
27600,-0.0331239178776741
27601,-0.03268824890255928
27602,-0.03289618343114853
27603,-0.03314381092786789
27604,-0.03363628312945366
27605,-0.03401149809360504
27606,-0.0341896191239357
27607,-0.034041233360767365
27608,0.29783836007118225
27609,-0.03400043025612831
27610,-0.0333007387816906
27611,0.3456530272960663
27612,0.5151232481002808
27613,0.7034425735473633
27614,0.24771785736083984
27615,0.2888583540916443
27616,0.26651081442832947
27617,-0.03318355605006218
27618,-0.03340800851583481
27619,-0.033214155584573746
27620,-0.033896222710609436
27621,-0.03340718522667885
27622,-0.03404959663748741
27623,-0.03390532359480858
27624,-0.034651439636945724
27625,-0.03436063602566719
27626,-0.033638861030340195
27627,-0.03345156088471413
27628,-0.03353254497051239
27629,-0.03331797197461128
27630,-0.0337429977953434
27631,-0.033397041261196136
27632,-0.032298360019922256
27633,-0.03281620144844055
27634,-0.03253075107932091
27635,-0.0328546017408371
27636,-0.03249381110072136
27637,-0.03207157924771309
27638,-0.03286529332399368
27639,-0.03351287916302681
27640,-0.03118004836142063
27641,-0.031289953738451004
27642,-0.03112933784723282
27643,-0.03165273368358612
27644,-0.03256739675998688
27645,-0.03301675245165825
27646,-0.031573712825775146
27647,-0.031002307310700417
27648,-0.03134879842400551
27649,-0.031540561467409134
27650,-0.03164440393447876
27651,-0.03111087530851364
27652,-0.030982954427599907
27653,-0.030592866241931915
27654,-0.03009667620062828
27655,-0.029982004314661026
27656,-0.030048253014683723
27657,-0.030152685940265656
27658,-0.03070717863738537
27659,-0.031056657433509827
27660,-0.0308721624314785
27661,-0.030428174883127213
27662,-0.03005993366241455
27663,-0.029809951782226562
27664,-0.029454300180077553
27665,-0.029611075296998024
27666,-0.03003678470849991
27667,-0.03006923757493496
27668,-0.029722170904278755
27669,-0.029629621654748917
27670,-0.029402531683444977
27671,-0.029525037854909897
27672,-0.02954501286149025
27673,-0.02968672662973404
27674,-0.029951592907309532
27675,-0.032069817185401917
27676,-0.032794296741485596
27677,-0.03330417722463608
27678,-0.033224232494831085
27679,-0.03309645131230354
27680,-0.03233003616333008
27681,-0.0342026948928833
27682,-0.03220513463020325
27683,-0.03210332617163658
27684,-0.03159071132540703
27685,-0.031154539436101913
27686,-0.031141141429543495
27687,-0.0318523645401001
27688,-0.03187398239970207
27689,-0.031110158190131187
27690,-0.03100808709859848
27691,-0.030943067744374275
27692,-0.03138800710439682
27693,-0.03232553228735924
27694,-0.03206200152635574
27695,-0.03217887133359909
27696,-0.03218817710876465
27697,-0.032226867973804474
27698,-0.03153162822127342
27699,-0.03198216110467911
27700,-0.03251008316874504
27701,-0.0326882004737854
27702,-0.03258650377392769
27703,-0.03219433128833771
27704,-0.03253531828522682
27705,-0.03201206400990486
27706,-0.03211723268032074
27707,-0.03242834657430649
27708,-0.03239012137055397
27709,-0.032446347177028656
27710,-0.03239509463310242
27711,-0.03207707405090332
27712,-0.03234080225229263
27713,-0.032293807715177536
27714,-0.03241042047739029
27715,-0.03207482397556305
27716,-0.031488388776779175
27717,-0.03146868571639061
27718,0.2617136836051941
27719,0.631118655204773
27720,0.2876453697681427
27721,0.31150200963020325
27722,0.288226842880249
27723,0.2475425750017166
27724,0.20505456626415253
27725,0.23245565593242645
27726,0.2506991922855377
27727,0.26804912090301514
27728,0.31611350178718567
27729,0.2582429051399231
27730,0.24778036773204803
27731,0.20268329977989197
27732,0.2034860998392105
27733,0.18927019834518433
27734,0.2469082623720169
27735,0.27284160256385803
27736,0.26248255372047424
27737,0.24563372135162354
27738,0.17640593647956848
27739,0.20651403069496155
27740,0.22853605449199677
27741,0.23503072559833527
27742,0.24528729915618896
27743,0.22013217210769653
27744,0.18555952608585358
27745,0.2026505470275879
27746,0.21844321489334106
27747,0.2214736044406891
27748,0.18900132179260254
27749,0.3254724144935608
27750,0.27156203985214233
27751,0.2607330083847046
27752,0.25147154927253723
27753,0.24678882956504822
27754,0.24619969725608826
27755,0.23413804173469543
27756,0.23969602584838867
27757,0.20381559431552887
27758,0.20828799903392792
27759,0.27528831362724304
27760,0.28919294476509094
27761,0.29393452405929565
27762,0.2638660669326782
27763,0.2234078347682953
27764,0.2361171990633011
27765,0.2598190903663635
27766,0.23061314225196838
27767,0.3056167960166931
27768,0.2971213757991791
27769,0.27689650654792786
27770,0.3058948516845703
27771,0.3341067135334015
27772,0.34781911969184875
27773,0.31603023409843445
27774,0.31517162919044495
27775,0.3555620014667511
27776,0.3616916537284851
27777,0.357575386762619
27778,0.35890352725982666
27779,0.34796521067619324
27780,0.283153235912323
27781,0.2788352966308594
27782,0.23836639523506165
27783,-0.03311502933502197
27784,-0.032582491636276245
27785,0.29641208052635193
27786,0.355792373418808
27787,0.34146466851234436
27788,0.39826148748397827
27789,0.3834173381328583
27790,0.38353171944618225
27791,0.3348265290260315
27792,0.35940781235694885
27793,0.3857675790786743
27794,0.3721650242805481
27795,0.34105798602104187
27796,0.32245612144470215
27797,0.3760245740413666
27798,0.41062766313552856
27799,0.41386476159095764
27800,0.32792043685913086
27801,0.2988588213920593
27802,0.3258505165576935
27803,0.3800828754901886
27804,0.3387809693813324
27805,0.3718547523021698
27806,0.3621216416358948
27807,0.35144492983818054
27808,0.3762773275375366
27809,0.3160420358181
27810,0.27859389781951904
27811,0.28828364610671997
27812,0.3477679491043091
27813,0.32514166831970215
27814,0.3117992877960205
27815,0.42009860277175903
27816,0.3939721882343292
27817,0.3810681998729706
27818,0.4161067008972168
27819,0.45373424887657166
27820,0.4234429895877838
27821,0.3714497685432434
27822,0.351626992225647
27823,0.3786216974258423
27824,0.4264107048511505
27825,0.4241402745246887
27826,0.45871955156326294
27827,0.44197767972946167
27828,0.3986407518386841
27829,0.3930736780166626
27830,0.4535640776157379
27831,0.3735605776309967
27832,0.3792317807674408
27833,0.3956485390663147
27834,0.38925206661224365
27835,0.4257522523403168
27836,0.44778046011924744
27837,0.41793909668922424
27838,0.3789667785167694
27839,0.40610483288764954
27840,0.42283162474632263
27841,0.4515366554260254
27842,0.45346805453300476
27843,0.449497252702713
27844,0.41402536630630493
27845,0.3613780438899994
27846,0.35083481669425964
27847,0.2994357943534851
27848,0.34550389647483826
27849,0.4197792410850525
27850,0.38881465792655945
27851,0.395386278629303
27852,0.3727036714553833
27853,0.411746621131897
27854,0.42349711060523987
27855,0.42837291955947876
27856,0.4289066195487976
27857,0.3683757185935974
27858,0.34845948219299316
27859,0.30826184153556824
27860,0.30189093947410583
27861,0.34054502844810486
27862,0.35632190108299255
27863,-0.031181270256638527
27864,0.27887770533561707
27865,0.30489444732666016
27866,0.37558117508888245
27867,0.4952922761440277
27868,0.3822874426841736
27869,0.29205378890037537
27870,0.2741124927997589
27871,0.3873508870601654
27872,0.3331195116043091
27873,0.20183499157428741
27874,0.21672561764717102
27875,0.2787892818450928
27876,0.24930240213871002
27877,0.2704470455646515
27878,0.255859375
27879,0.2745521664619446
27880,0.23908109962940216
27881,0.32582682371139526
27882,0.16209392249584198
27883,0.23537760972976685
27884,0.24386635422706604
27885,0.39786529541015625
27886,0.37532323598861694
27887,0.329213947057724
27888,0.19717520475387573
27889,0.29133838415145874
27890,0.1807403266429901
27891,0.21767394244670868
27892,0.18270108103752136
27893,0.26862579584121704
27894,0.25401800870895386
27895,0.31208598613739014
27896,0.3117510974407196
27897,0.29207080602645874
27898,0.22112323343753815
27899,0.3118659257888794
27900,0.3330186605453491
27901,0.362021803855896
27902,-0.030195817351341248
27903,-0.030797535553574562
27904,0.22220349311828613
27905,-0.03097040206193924
27906,-0.031706709414720535
27907,-0.03000141866505146
27908,-0.03024251013994217
27909,0.1717737317085266
27910,0.38137972354888916
27911,-0.02984696999192238
27912,-0.02997235581278801
27913,-0.030172279104590416
27914,0.23291432857513428
27915,-0.029831135645508766
27916,-0.03167550265789032
27917,-0.03184603154659271
27918,-0.03082299791276455
27919,-0.03209887817502022
27920,-0.031130366027355194
27921,-0.03230200335383415
27922,-0.03169136494398117
27923,-0.03160189837217331
27924,-0.03148792311549187
27925,-0.03305142745375633
27926,-0.0331343412399292
27927,-0.03360188379883766
27928,-0.03267596662044525
27929,-0.032610103487968445
27930,0.2686198353767395
27931,-0.029691768810153008
27932,-0.030205080285668373
27933,-0.029904689639806747
27934,-0.03241749107837677
27935,-0.032818980515003204
27936,-0.03288792073726654
27937,-0.032360635697841644
27938,-0.033406998962163925
27939,-0.03277313709259033
27940,-0.032296448945999146
27941,-0.03211561217904091
27942,-0.031641580164432526
27943,0.45455271005630493
27944,-0.03133360669016838
27945,-0.03230992704629898
27946,-0.030254296958446503
27947,-0.03106732852756977
27948,0.23759117722511292
27949,-0.031641170382499695
27950,-0.03226875141263008
27951,-0.03165058046579361
27952,-0.03160197287797928
27953,-0.031838882714509964
27954,-0.031577859073877335
27955,-0.031841278076171875
27956,-0.031523920595645905
27957,0.43666645884513855
27958,-0.030721299350261688
27959,-0.030380189418792725
27960,-0.031101342290639877
27961,-0.03139162063598633
27962,-0.0309183020144701
27963,-0.031065665185451508
27964,-0.031185230240225792
27965,-0.03193194046616554
27966,-0.029983017593622208
27967,-0.03129546344280243
27968,-0.03125123307108879
27969,-0.031124461442232132
27970,0.42956027388572693
27971,-0.03089645318686962
27972,-0.030377140268683434
27973,-0.030784932896494865
27974,-0.031078236177563667
27975,-0.03113664500415325
27976,-0.031473565846681595
27977,-0.031077319756150246
27978,-0.031080029904842377
27979,-0.031004255637526512
27980,-0.03177559748291969
27981,-0.030634425580501556
27982,-0.031542204320430756
27983,-0.03299887105822563
27984,-0.03253093734383583
27985,-0.03125174716114998
27986,-0.03078465163707733
27987,-0.0327489860355854
27988,-0.03354156017303467
27989,-0.0341462567448616
27990,-0.03213375061750412
27991,-0.031168920919299126
27992,-0.0334845632314682
27993,0.4789063334465027
27994,-0.03103792481124401
27995,-0.031093642115592957
27996,-0.03084613010287285
27997,0.24936480820178986
27998,-0.030644824728369713
27999,-0.030926639214158058
28000,-0.03134039789438248
28001,-0.031126631423830986
28002,-0.03146930783987045
28003,-0.031184915453195572
28004,-0.03145961835980415
28005,-0.031590498983860016
28006,0.36686012148857117
28007,-0.031367938965559006
28008,-0.03145601972937584
28009,-0.031244860962033272
28010,-0.03210727497935295
28011,-0.033382270485162735
28012,-0.033874351531267166
28013,-0.033427294343709946
28014,-0.03305162116885185
28015,-0.031412601470947266
28016,-0.0316031277179718
28017,-0.03239896148443222
28018,-0.03178193420171738
28019,-0.03263721242547035
28020,-0.03177150711417198
28021,-0.03122987411916256
28022,-0.031142622232437134
28023,-0.030276479199528694
28024,-0.030588362365961075
28025,-0.0310128852725029
28026,-0.031398262828588486
28027,-0.03168978542089462
28028,-0.031767942011356354
28029,-0.03220691904425621
28030,-0.03149557486176491
28031,-0.03120749071240425
28032,-0.03175704553723335
28033,-0.03080553375184536
28034,-0.03148743510246277
28035,-0.032040927559137344
28036,-0.031192423775792122
28037,-0.031134365126490593
28038,-0.03110434114933014
28039,-0.03063604049384594
28040,-0.031030500307679176
28041,-0.031938061118125916
28042,-0.03198820725083351
28043,-0.031447894871234894
28044,-0.031471364200115204
28045,-0.03126552700996399
28046,-0.032593097537755966
28047,-0.031768787652254105
28048,-0.03181534260511398
28049,-0.03226279467344284
28050,-0.031388793140649796
28051,-0.031319864094257355
28052,-0.031208129599690437
28053,-0.0318894125521183
28054,-0.0320451483130455
28055,-0.031824368983507156
28056,-0.031748607754707336
28057,-0.03176986053586006
28058,-0.03140060231089592
28059,-0.031141813844442368
28060,-0.03209267556667328
28061,-0.0317685566842556
28062,-0.030919771641492844
28063,-0.031373608857393265
28064,-0.03182977810502052
28065,-0.03136138990521431
28066,-0.03132995218038559
28067,-0.031781457364559174
28068,-0.03144906088709831
28069,-0.03216179460287094
28070,-0.031878821551799774
28071,-0.03146461024880409
28072,-0.03161748871207237
28073,-0.031770382076501846
28074,-0.0319955013692379
28075,-0.031677696853876114
28076,-0.03135628625750542
28077,-0.031439632177352905
28078,-0.03147818520665169
28079,-0.0316118523478508
28080,-0.03180956095457077
28081,-0.0319187194108963
28082,-0.030658850446343422
28083,-0.030589353293180466
28084,-0.03048514574766159
28085,-0.0305478535592556
28086,-0.03211604058742523
28087,0.34080737829208374
28088,-0.030496850609779358
28089,-0.030331194400787354
28090,-0.031075812876224518
28091,-0.030203968286514282
28092,-0.0304990503937006
28093,-0.030863136053085327
28094,-0.030779214575886726
28095,-0.030924268066883087
28096,-0.029852574691176414
28097,-0.029661616310477257
28098,-0.03020157665014267
28099,-0.03040193021297455
28100,-0.030452879145741463
28101,-0.030717583373188972
28102,-0.030745914205908775
28103,-0.03062255121767521
28104,-0.030624674633145332
28105,-0.03088538721203804
28106,-0.030760537832975388
28107,-0.03057495318353176
28108,-0.030449161306023598
28109,-0.031202316284179688
28110,-0.03104940615594387
28111,-0.030699878931045532
28112,-0.030932551249861717
28113,-0.030799642205238342
28114,-0.030765822157263756
28115,-0.03065195493400097
28116,-0.030532946810126305
28117,-0.030272766947746277
28118,-0.030186813324689865
28119,-0.030565155670046806
28120,-0.030883871018886566
28121,-0.031180154532194138
28122,-0.03222787007689476
28123,-0.030393052846193314
28124,-0.030785733833909035
28125,-0.03096521459519863
28126,-0.030879978090524673
28127,-0.030890997499227524
28128,-0.031163042411208153
28129,-0.031223664060235023
28130,-0.03098430298268795
28131,-0.030347615480422974
28132,0.5378126502037048
28133,-0.03066159039735794
28134,-0.030663704499602318
28135,-0.03094211407005787
28136,-0.030734935775399208
28137,-0.030419111251831055
28138,-0.03039449080824852
28139,-0.030780896544456482
28140,-0.03089587390422821
28141,-0.03071109764277935
28142,-0.03096097707748413
28143,-0.031277261674404144
28144,-0.031002823263406754
28145,-0.0308992899954319
28146,-0.030989939346909523
28147,-0.031046681106090546
28148,-0.03055303916335106
28149,-0.030852440744638443
28150,-0.030804097652435303
28151,-0.031371813267469406
28152,-0.03133832663297653
28153,-0.03156242147088051
28154,-0.031524479389190674
28155,-0.03175434097647667
28156,-0.03105112724006176
28157,-0.031037110835313797
28158,-0.03153979405760765
28159,-0.03128187358379364
28160,-0.031429681926965714
28161,-0.03169933706521988
28162,-0.030204368755221367
28163,-0.032437290996313095
28164,-0.031449925154447556
28165,-0.031645335257053375
28166,-0.03158067539334297
28167,-0.03175122290849686
28168,-0.03107648529112339
28169,0.6545184850692749
28170,-0.03240543231368065
28171,-0.031693827360868454
28172,-0.033068981021642685
28173,-0.0324925072491169
28174,0.7025419473648071
28175,-0.032989151775836945
28176,-0.032945092767477036
28177,-0.03230311721563339
28178,-0.032334063202142715
28179,0.5475227236747742
28180,-0.03175034746527672
28181,0.4616902768611908
28182,-0.03173679858446121
28183,-0.032556645572185516
28184,-0.031978629529476166
28185,-0.03159249946475029
28186,-0.03268134966492653
28187,-0.03190004825592041
28188,-0.03214987367391586
28189,-0.03189714625477791
28190,-0.0322025828063488
28191,-0.03150678426027298
28192,-0.03130330145359039
28193,-0.032960545271635056
28194,-0.03262758627533913
28195,-0.03281492739915848
28196,-0.03258027508854866
28197,-0.03287258744239807
28198,-0.03226025402545929
28199,-0.032794106751680374
28200,-0.03191613778471947
28201,-0.03211167827248573
28202,-0.031801700592041016
28203,-0.03135758638381958
28204,-0.03165801241993904
28205,-0.03175326809287071
28206,-0.0319959819316864
28207,-0.0322437658905983
28208,-0.03234787657856941
28209,-0.03254137188196182
28210,-0.03220143914222717
28211,-0.03258552774786949
28212,-0.032477326691150665
28213,-0.03219051659107208
28214,-0.03144553303718567
28215,-0.03222013637423515
28216,-0.031982842832803726
28217,-0.031309451907873154
28218,-0.032148703932762146
28219,-0.032720062881708145
28220,-0.031123369932174683
28221,-0.031755514442920685
28222,-0.03187137469649315
28223,-0.031358473002910614
28224,-0.03156652674078941
28225,-0.030771035701036453
28226,-0.033194445073604584
28227,-0.033172376453876495
28228,-0.031277332454919815
28229,-0.012279721908271313
28230,0.29349327087402344
28231,-0.02575063332915306
28232,-0.034092485904693604
28233,0.12971295416355133
28234,-0.032789453864097595
28235,-0.032902512699365616
28236,-0.03432399779558182
28237,0.5031856298446655
28238,0.48992666602134705
28239,-0.0325913280248642
28240,-0.032149408012628555
28241,-0.032804980874061584
28242,-0.03336485102772713
28243,-0.033583544194698334
28244,-0.03203168883919716
28245,-0.033555082976818085
28246,-0.034247543662786484
28247,-0.03404110297560692
28248,-0.032240018248558044
28249,-0.03287670016288757
28250,-0.031996890902519226
28251,-0.03304342180490494
28252,-0.03163161128759384
28253,0.26806578040122986
28254,-0.03236042708158493
28255,0.2397102564573288
28256,0.23312757909297943
28257,0.25537750124931335
28258,0.30714717507362366
28259,0.32214656472206116
28260,0.2527465522289276
28261,0.27712953090667725
28262,0.2103150635957718
28263,0.2833678722381592
28264,-0.030557692050933838
28265,0.3108220100402832
28266,0.25130489468574524
28267,0.30152130126953125
28268,0.3048258423805237
28269,0.4507191479206085
28270,0.12176492810249329
28271,0.35626012086868286
28272,0.38039690256118774
28273,0.4385656714439392
28274,0.19285960495471954
28275,0.3128601908683777
28276,0.3050212264060974
28277,0.3944030702114105
28278,0.22640688717365265
28279,0.37955743074417114
28280,0.26351404190063477
28281,0.35002121329307556
28282,0.26890233159065247
28283,0.26073771715164185
28284,0.35963812470436096
28285,0.2818968594074249
28286,0.3008439242839813
28287,0.2987004220485687
28288,0.20641832053661346
28289,0.2979183495044708
28290,0.2401878982782364
28291,0.2509348392486572
28292,0.2168784886598587
28293,0.2386990487575531
28294,0.14624127745628357
28295,0.29360875487327576
28296,0.24879011511802673
28297,0.23403209447860718
28298,0.4353492259979248
28299,0.2484644502401352
28300,0.503664493560791
28301,0.23202647268772125
28302,0.212925985455513
28303,0.22119475901126862
28304,0.22752638161182404
28305,0.2589992880821228
28306,0.2303040325641632
28307,0.23261487483978271
28308,0.3454980254173279
28309,0.5579668283462524
28310,0.27310511469841003
28311,0.362151563167572
28312,0.26592087745666504
28313,0.263690710067749
28314,0.3955223858356476
28315,0.2738608121871948
28316,0.20204871892929077
28317,0.3752625286579132
28318,0.27814167737960815
28319,0.3409405052661896
28320,0.3146519660949707
28321,0.5596306324005127
28322,0.38952451944351196
28323,0.38732555508613586
28324,0.22001031041145325
28325,0.2753719687461853
28326,0.22338783740997314
28327,0.3196723461151123
28328,0.3894749879837036
28329,0.2048368752002716
28330,0.26815930008888245
28331,0.26611918210983276
28332,0.28181222081184387
28333,0.3136101961135864
28334,0.33977389335632324
28335,0.36943331360816956
28336,0.46482858061790466
28337,0.30313950777053833
28338,0.29169395565986633
28339,0.3733895421028137
28340,0.2219938188791275
28341,0.24921445548534393
28342,0.30151721835136414
28343,0.37041017413139343
28344,0.2846068739891052
28345,0.416380375623703
28346,0.43264296650886536
28347,0.3870530426502228
28348,0.41793885827064514
28349,0.5126323103904724
28350,0.38967233896255493
28351,0.4328693151473999
28352,0.49504318833351135
28353,0.3603740334510803
28354,0.367191344499588
28355,0.4228363037109375
28356,0.5156245231628418
28357,0.1973520964384079
28358,0.14250048995018005
28359,0.3490026891231537
28360,-0.03185008466243744
28361,0.3908417820930481
28362,0.3495805859565735
28363,0.4169291853904724
28364,0.4820123314857483
28365,-0.03228377923369408
28366,0.2563058137893677
28367,0.3326883912086487
28368,0.23703719675540924
28369,0.2644997239112854
28370,0.24036884307861328
28371,0.35299041867256165
28372,0.23197032511234283
28373,0.2684747278690338
28374,0.3425021171569824
28375,-0.031979769468307495
28376,0.2224433422088623
28377,0.24076522886753082
28378,0.28603121638298035
28379,0.3150276243686676
28380,0.45118945837020874
28381,0.36340034008026123
28382,0.3432121276855469
28383,0.36381033062934875
28384,0.4422863721847534
28385,0.35917168855667114
28386,0.24377578496932983
28387,0.37120476365089417
28388,0.39328986406326294
28389,0.22882519662380219
28390,0.2364184558391571
28391,0.3554369807243347
28392,0.415754497051239
28393,0.38129958510398865
28394,0.3167725205421448
28395,0.48160305619239807
28396,0.3470320701599121
28397,0.2998460829257965
28398,0.3402317464351654
28399,0.39917781949043274
28400,0.29451167583465576
28401,0.3464922606945038
28402,0.5010112524032593
28403,0.35127952694892883
28404,0.39357930421829224
28405,0.29454150795936584
28406,0.20389394462108612
28407,0.36200466752052307
28408,0.21922777593135834
28409,-0.03147515654563904
28410,0.31396013498306274
28411,0.26664435863494873
28412,0.2728254199028015
28413,0.3396768271923065
28414,-0.03391946107149124
28415,0.4176936745643616
28416,0.3550654649734497
28417,0.28427037596702576
28418,0.28198203444480896
28419,-0.03230995684862137
28420,0.25711578130722046
28421,0.2802879214286804
28422,0.42985135316848755
28423,0.4374069273471832
28424,0.28643178939819336
28425,0.4511949121952057
28426,0.3175036609172821
28427,0.39406949281692505
28428,-0.033768072724342346
28429,0.43488579988479614
28430,0.3601599633693695
28431,0.3095892071723938
28432,0.3130072057247162
28433,-0.033413905650377274
28434,0.33627933263778687
28435,0.3312089741230011
28436,0.21486729383468628
28437,0.3167741894721985
28438,-0.03469568118453026
28439,0.3006967604160309
28440,0.32928916811943054
28441,0.38422891497612
28442,-0.03258539363741875
28443,0.27041399478912354
28444,0.2261456698179245
28445,0.15077166259288788
28446,0.5166579484939575
28447,-0.03268227353692055
28448,0.4830590486526489
28449,0.4435234069824219
28450,0.2648587226867676
28451,0.3285260498523712
28452,0.23045702278614044
28453,0.33090445399284363
28454,0.2920317053794861
28455,0.3022311329841614
28456,0.4509705901145935
28457,0.3755827844142914
28458,0.36020323634147644
28459,0.37891221046447754
28460,0.33337804675102234
28461,0.36967214941978455
28462,0.3433910012245178
28463,0.19257894158363342
28464,-0.032900553196668625
28465,0.305751234292984
28466,0.33728039264678955
28467,0.4070499539375305
28468,0.29250776767730713
28469,0.3913325369358063
28470,0.28069236874580383
28471,0.36044180393218994
28472,0.3058546185493469
28473,0.27198752760887146
28474,0.35369613766670227
28475,0.24101445078849792
28476,0.33250272274017334
28477,-0.03230031207203865
28478,0.35876381397247314
28479,0.3401285707950592
28480,0.5627844929695129
28481,0.48798254132270813
28482,0.31720954179763794
28483,0.3621659278869629
28484,0.20900514721870422
28485,0.28908586502075195
28486,0.22750906646251678
28487,0.21178266406059265
28488,0.2710661292076111
28489,0.3284447193145752
28490,0.4445393979549408
28491,0.3246525526046753
28492,0.4555768370628357
28493,0.2579328715801239
28494,0.2335999310016632
28495,0.335768461227417
28496,0.40990149974823
28497,0.3670608401298523
28498,0.25597769021987915
28499,-0.03255205228924751
28500,-0.03127887472510338
28501,-0.0319523885846138
28502,-0.03224567696452141
28503,-0.03175104781985283
28504,-0.0315164178609848
28505,-0.0321720615029335
28506,-0.03174901753664017
28507,-0.031670261174440384
28508,-0.03129475563764572
28509,0.28712236881256104
28510,-0.031108684837818146
28511,-0.031131388619542122
28512,-0.03129672259092331
28513,-0.03160572052001953
28514,-0.03184710070490837
28515,-0.031116561964154243
28516,-0.03158579394221306
28517,-0.03203754499554634
28518,0.32102131843566895
28519,-0.03197731077671051
28520,-0.03069581836462021
28521,-0.030355453491210938
28522,-0.03081069514155388
28523,-0.030694657936692238
28524,-0.0306208748370409
28525,-0.031091822311282158
28526,-0.03175349161028862
28527,-0.03212219476699829
28528,-0.03177597373723984
28529,-0.03177144378423691
28530,-0.031074682250618935
28531,-0.03155801445245743
28532,-0.03103264421224594
28533,-0.031416136771440506
28534,-0.03126431256532669
28535,-0.03110615722835064
28536,-0.03139394149184227
28537,-0.0312031377106905
28538,-0.031084435060620308
28539,-0.031081335619091988
28540,-0.029853349551558495
28541,-0.030626054853200912
28542,-0.014182827435433865
28543,-0.008253040723502636
28544,-0.01688803918659687
28545,-0.014593387953937054
28546,-0.02080589532852173
28547,-0.02381029538810253
28548,0.5554550290107727
28549,0.4531729519367218
28550,0.5129068493843079
28551,0.2780584990978241
28552,0.42451488971710205
28553,-0.023621898144483566
28554,0.18112118542194366
28555,-0.022091716527938843
28556,-0.021178556606173515
28557,-0.023173565044999123
28558,0.34775230288505554
28559,0.008536296896636486
28560,-0.02185853198170662
28561,0.06973201781511307
28562,0.6019784212112427
28563,0.4784223139286041
28564,0.222739115357399
28565,0.2608516812324524
28566,0.3866412341594696
28567,0.3629683256149292
28568,0.31986814737319946
28569,0.31090882420539856
28570,0.3304588198661804
28571,0.32482632994651794
28572,0.30623024702072144
28573,0.2780970335006714
28574,0.29478779435157776
28575,0.2880244851112366
28576,0.31417572498321533
28577,0.31972962617874146
28578,0.25370022654533386
28579,0.22871987521648407
28580,0.4116743206977844
28581,0.2950354814529419
28582,0.2729897201061249
28583,0.21713787317276
28584,0.2113080769777298
28585,0.21539701521396637
28586,0.20750568807125092
28587,0.19910277426242828
28588,0.25681230425834656
28589,0.24299608170986176
28590,0.368123859167099
28591,0.3509487509727478
28592,0.2862560451030731
28593,0.21875698864459991
28594,0.2877955436706543
28595,0.28319570422172546
28596,-0.005502461921423674
28597,0.2356727421283722
28598,0.24208179116249084
28599,0.29771527647972107
28600,0.3563934564590454
28601,0.3323589265346527
28602,-0.01935436576604843
28603,0.3823840618133545
28604,0.5065760612487793
28605,0.38436296582221985
28606,0.6389653086662292
28607,0.4575138986110687
28608,0.24894115328788757
28609,0.2689862847328186
28610,0.5884732007980347
28611,0.39666420221328735
28612,0.5396482348442078
28613,0.6137582063674927
28614,0.36408406496047974
28615,0.4530337452888489
28616,0.4143710136413574
28617,0.4980606436729431
28618,0.4874669313430786
28619,0.47962281107902527
28620,0.47644439339637756
28621,0.4899691939353943
28622,0.3865989148616791
28623,0.3330238461494446
28624,0.4820462763309479
28625,0.4736648201942444
28626,0.46651771664619446
28627,0.5821183919906616
28628,0.5731353163719177
28629,0.368241548538208
28630,0.3426896333694458
28631,0.37437909841537476
28632,0.46025800704956055
28633,0.3762580156326294
28634,0.49532994627952576
28635,0.38570404052734375
28636,0.429384708404541
28637,0.5300055742263794
28638,0.5632585883140564
28639,0.35682785511016846
28640,-0.033388469368219376
28641,-0.03417140617966652
28642,-0.034037504345178604
28643,-0.034077346324920654
28644,-0.033334240317344666
28645,-0.03375399857759476
28646,-0.0340534932911396
28647,-0.0339215062558651
28648,-0.03320956230163574
28649,-0.034340038895606995
28650,-0.033557236194610596
28651,-0.033353209495544434
28652,-0.03417346999049187
28653,-0.0337570458650589
28654,-0.03363316133618355
28655,-0.03379243239760399
28656,-0.03324288874864578
28657,-0.033793848007917404
28658,-0.03428465127944946
28659,-0.034052617847919464
28660,-0.03363442048430443
28661,-0.03300473093986511
28662,-0.03391432762145996
28663,-0.03399933502078056
28664,-0.03441563621163368
28665,-0.03376573324203491
28666,0.2935826778411865
28667,0.5682246088981628
28668,0.5177498459815979
28669,0.34366706013679504
28670,0.46782025694847107
28671,0.5764471888542175
28672,-0.033670343458652496
28673,0.20744501054286957
28674,0.26679378747940063
28675,0.2446531504392624
28676,0.2175847887992859
28677,0.21716751158237457
28678,0.11954245716333389
28679,0.15551474690437317
28680,0.25073716044425964
28681,0.222900852560997
28682,0.32242897152900696
28683,0.2155614048242569
28684,0.27925625443458557
28685,0.08750441670417786
28686,0.425759494304657
28687,0.3045063018798828
28688,0.09659229964017868
28689,0.3203667402267456
28690,0.17776420712471008
28691,0.24139462411403656
28692,0.4988088011741638
28693,0.2910219430923462
28694,0.20639851689338684
28695,0.29904305934906006
28696,0.28202056884765625
28697,0.34619128704071045
28698,-0.031041214242577553
28699,-0.031127599999308586
28700,-0.03220526874065399
28701,-0.03128596767783165
28702,-0.03200165927410126
28703,-0.03206658735871315
28704,-0.03141269460320473
28705,-0.03151790052652359
28706,-0.03144588693976402
28707,-0.03126145154237747
28708,-0.032164543867111206
28709,-0.031300242990255356
28710,-0.0316377617418766
28711,-0.03157041594386101
28712,-0.03178884834051132
28713,-0.03228188306093216
28714,-0.03219124302268028
28715,-0.032063085585832596
28716,-0.032231688499450684
28717,0.3536466956138611
28718,0.35427325963974
28719,0.2899370789527893
28720,0.34256553649902344
28721,0.3022831380367279
28722,0.2615981101989746
28723,0.3264882266521454
28724,0.3368815779685974
28725,0.24648597836494446
28726,0.3182874023914337
28727,0.28764796257019043
28728,0.28926756978034973
28729,0.3298662304878235
28730,0.35792604088783264
28731,0.40669023990631104
28732,0.44575634598731995
28733,0.3155486583709717
28734,0.28676459193229675
28735,0.3060814142227173
28736,0.38969627022743225
28737,0.3582693040370941
28738,0.3657739460468292
28739,0.28644511103630066
28740,0.4279240071773529
28741,0.3188168406486511
28742,0.3396897614002228
28743,0.31293073296546936
28744,0.30319520831108093
28745,-0.034196216613054276
28746,-0.03398411348462105
28747,-0.034988876432180405
28748,-0.03509609401226044
28749,-0.034580763429403305
28750,-0.034815624356269836
28751,-0.03406420350074768
28752,-0.03464869409799576
28753,-0.034821830689907074
28754,-0.034940313547849655
28755,-0.03456775099039078
28756,-0.03405221924185753
28757,-0.034468889236450195
28758,-0.03424564749002457
28759,-0.03381876274943352
28760,-0.03353217616677284
28761,-0.033582013100385666
28762,-0.03491489589214325
28763,-0.03459032624959946
28764,-0.03341095149517059
28765,-0.03344343602657318
28766,-0.03460526093840599
28767,-0.034275930374860764
28768,0.29830119013786316
28769,0.420162558555603
28770,0.4211215674877167
28771,0.3880292475223541
28772,0.38450050354003906
28773,-0.03490924462676048
28774,0.5579199194908142
28775,0.4381577670574188
28776,0.4168364107608795
28777,0.5114961862564087
28778,0.40959006547927856
28779,0.4610389769077301
28780,0.2954894006252289
28781,0.4048254191875458
28782,0.24267888069152832
28783,-0.03451802209019661
28784,-0.034080348908901215
28785,-0.03476480394601822
28786,-0.03448672220110893
28787,-0.03442274034023285
28788,-0.03404200077056885
28789,-0.034120745956897736
28790,-0.03339286148548126
28791,-0.03409832715988159
28792,-0.03413064777851105
28793,-0.0332612469792366
28794,0.360850989818573
28795,-0.03410970792174339
28796,-0.033616937696933746
28797,-0.03398900851607323
28798,-0.034350160509347916
28799,-0.0343259796500206
28800,-0.03491539508104324
28801,-0.034470926970243454
28802,-0.03502190113067627
28803,-0.03484858199954033
28804,-0.0346936471760273
28805,-0.035827118903398514
28806,-0.03521224111318588
28807,-0.03463747352361679
28808,-0.03401574864983559
28809,-0.03441007807850838
28810,-0.03444315493106842
28811,-0.034439604729413986
28812,-0.035396501421928406
28813,-0.034978196024894714
28814,-0.033214591443538666
28815,-0.03316596522927284
28816,-0.0331258550286293
28817,-0.03316653147339821
28818,-0.03334325551986694
28819,-0.03503614664077759
28820,-0.034864988178014755
28821,-0.03498157858848572
28822,-0.034210577607154846
28823,0.5099630355834961
28824,-0.03424869105219841
28825,0.36270397901535034
28826,-0.03322181478142738
28827,-0.03404791280627251
28828,-0.03491813689470291
28829,0.3501611053943634
28830,-0.03437742963433266
28831,-0.03459484502673149
28832,-0.034728001803159714
28833,-0.034504443407058716
28834,-0.034959740936756134
28835,-0.03462463244795799
28836,-0.034399956464767456
28837,-0.034854378551244736
28838,0.3604447841644287
28839,-0.034041546285152435
28840,-0.03433601185679436
28841,-0.0343400314450264
28842,-0.03416580334305763
28843,-0.03455967828631401
28844,-0.033860836178064346
28845,0.48916932940483093
28846,-0.0342104434967041
28847,-0.03463118523359299
28848,-0.03486158326268196
28849,-0.0346497967839241
28850,0.3343835473060608
28851,-0.034520186483860016
28852,-0.03449451923370361
28853,-0.03443111106753349
28854,-0.03504712134599686
28855,0.3916565179824829
28856,-0.03533465042710304
28857,-0.034919485449790955
28858,-0.035015691071748734
28859,-0.03497203812003136
28860,0.2519015669822693
28861,-0.03433459997177124
28862,-0.03428223729133606
28863,-0.03420493006706238
28864,-0.034919485449790955
28865,0.41010698676109314
28866,-0.03539179265499115
28867,-0.03512408956885338
28868,-0.03521095961332321
28869,-0.035153698176145554
28870,0.33684003353118896
28871,-0.035611268132925034
28872,-0.03519340604543686
28873,-0.03516584262251854
28874,-0.03520112484693527
28875,0.23149944841861725
28876,-0.03542548790574074
28877,-0.03512973338365555
28878,-0.035242047160863876
28879,-0.0351712666451931
28880,0.5040018558502197
28881,-0.03542548790574074
28882,-0.03550883010029793
28883,-0.03531012311577797
28884,-0.035329923033714294
28885,-0.034931667149066925
28886,-0.03458862379193306
28887,-0.035289257764816284
28888,-0.0351482629776001
28889,-0.03470959886908531
28890,-0.03433501720428467
28891,-0.03460016846656799
28892,-0.03407787159085274
28893,0.15474636852741241
28894,-0.03468949347734451
28895,-0.03497529774904251
28896,-0.03385475277900696
28897,-0.03408798202872276
28898,-0.034580640494823456
28899,-0.03498837724328041
28900,-0.0347277969121933
28901,-0.035300347954034805
28902,0.5915043354034424
28903,-0.03479960560798645
28904,-0.03471936658024788
28905,-0.03473830595612526
28906,-0.035072244703769684
28907,0.3323822617530823
28908,-0.034229688346385956
28909,-0.0342460572719574
28910,-0.03442500904202461
28911,-0.034667011350393295
28912,0.41029661893844604
28913,-0.034565359354019165
28914,-0.03485770523548126
28915,-0.035505104809999466
28916,-0.035426001995801926
28917,-0.03447292745113373
28918,-0.03305782377719879
28919,-0.034982986748218536
28920,-0.03478896617889404
28921,-0.017345115542411804
28922,-0.03475618734955788
28923,-0.03458862379193306
28924,-0.034691452980041504
28925,-0.0343143530189991
28926,-0.02271776646375656
28927,-0.03467636927962303
28928,0.4453808069229126
28929,-0.03488463535904884
28930,-0.03496876358985901
28931,-0.02087864652276039
28932,-0.03570385277271271
28933,-0.03595524653792381
28934,-0.03526953235268593
28935,-0.03443692624568939
28936,-0.03452043607831001
28937,-0.03476565331220627
28938,-0.03478862717747688
28939,-0.034072134643793106
28940,-0.034007295966148376
28941,-0.03525571897625923
28942,-0.034416232258081436
28943,-0.03436052054166794
28944,-0.016291730105876923
28945,-0.03447749465703964
28946,-0.03485426679253578
28947,-0.03438854217529297
28948,-0.034873541444540024
28949,0.02392413839697838
28950,-0.03490576893091202
28951,-0.03439217433333397
28952,-0.03441264107823372
28953,-0.03412666171789169
28954,-0.03458670154213905
28955,-0.03422802314162254
28956,-0.03444390743970871
28957,-0.034414783120155334
28958,-0.03486434742808342
28959,-0.034528471529483795
28960,-0.035030547529459
28961,-0.03492501378059387
28962,-0.03440196439623833
28963,-0.035132523626089096
28964,0.01514174323529005
28965,-0.018891889601945877
28966,-0.019769633188843727
28967,0.03015958145260811
28968,0.4517354965209961
28969,-0.03435031324625015
28970,-0.0337720587849617
28971,-0.03439037874341011
28972,-0.005480604246258736
28973,0.6243007183074951
28974,-0.03452087193727493
28975,-0.03211725875735283
28976,0.3337683081626892
28977,-0.00697757862508297
28978,-0.032658159732818604
28979,-0.03200871869921684
28980,-0.034090787172317505
28981,0.4188709557056427
28982,0.7591354846954346
28983,0.7378039360046387
28984,0.4716496765613556
28985,0.7105620503425598
28986,-0.011623269878327847
28987,0.5972700715065002
28988,0.7852537631988525
28989,0.4134352207183838
28990,0.4061722159385681
28991,0.3003847599029541
28992,0.6564013361930847
28993,0.7579209804534912
28994,0.809362530708313
28995,-0.007287499029189348
28996,0.286602258682251
28997,-0.033877670764923096
28998,0.5635452270507812
28999,0.6130173206329346
29000,0.7037742137908936
29001,0.3533543348312378
29002,0.3842628598213196
29003,-0.034404173493385315
29004,0.31062307953834534
29005,0.31777215003967285
29006,-0.0321228988468647
29007,-0.03180031105875969
29008,-0.019268373027443886
29009,-0.017866015434265137
29010,0.45006826519966125
29011,0.5263715386390686
29012,0.5269914865493774
29013,-0.03443901613354683
29014,-0.0318065881729126
29015,0.20502053201198578
29016,0.26723891496658325
29017,0.4981425404548645
29018,0.4561607539653778
29019,0.49149152636528015
29020,0.48341259360313416
29021,0.5474919080734253
29022,0.2832288146018982
29023,-0.03168417885899544
29024,-0.03133698180317879
29025,-0.03158658742904663
29026,-0.03194268420338631
29027,-0.03164153918623924
29028,-0.03176237642765045
29029,-0.03283447399735451
29030,-0.03291371092200279
29031,-0.034065380692481995
29032,-0.03398473188281059
29033,0.42057108879089355
29034,0.5380363464355469
29035,0.562249481678009
29036,0.4643925130367279
29037,0.43957391381263733
29038,0.45779627561569214
29039,0.4114190936088562
29040,0.4755791127681732
29041,0.4599246680736542
29042,0.4263186454772949
29043,0.5887258052825928
29044,0.6058359146118164
29045,0.68900066614151
29046,0.5228500962257385
29047,0.5683082342147827
29048,0.6873272657394409
29049,0.6372181177139282
29050,0.7041972279548645
29051,0.6640891432762146
29052,0.7689874172210693
29053,0.573459267616272
29054,0.48683303594589233
29055,0.6567808389663696
29056,0.5321441888809204
29057,0.6704777479171753
29058,0.6386551260948181
29059,0.3616816997528076
29060,0.8340817093849182
29061,0.7627161145210266
29062,0.7008873820304871
29063,0.5553473830223083
29064,0.6288026571273804
29065,0.6849175095558167
29066,0.6070137619972229
29067,0.7089130878448486
29068,0.6140278577804565
29069,0.4959171414375305
29070,0.4557993412017822
29071,0.6345875859260559
29072,0.7674863338470459
29073,0.7137455940246582
29074,0.7898408770561218
29075,0.7266203165054321
29076,0.7246720194816589
29077,0.7126927971839905
29078,0.7305811047554016
29079,0.7691587209701538
29080,0.7752655744552612
29081,0.3668513596057892
29082,0.4598340690135956
29083,0.49187907576560974
29084,0.5022134184837341
29085,0.6161030530929565
29086,0.7629541754722595
29087,0.7624834179878235
29088,0.826034665107727
29089,0.8364455699920654
29090,0.8156328797340393
29091,0.7954097390174866
29092,0.7440477609634399
29093,0.7679507732391357
29094,0.8067747354507446
29095,0.8232446312904358
29096,0.6195470094680786
29097,0.6395644545555115
29098,0.6420674920082092
29099,0.5836658477783203
29100,0.6834123730659485
29101,0.6674895286560059
29102,0.4134795665740967
29103,0.547991156578064
29104,0.3935912847518921
29105,0.7381055355072021
29106,0.789299488067627
29107,0.5001986026763916
29108,0.6677036285400391
29109,0.6429440975189209
29110,0.5684173703193665
29111,0.6674439311027527
29112,0.6928845047950745
29113,0.4514830410480499
29114,0.44196468591690063
29115,0.4414921998977661
29116,0.430989533662796
29117,0.7992472648620605
29118,0.7834095358848572
29119,0.20640791952610016
29120,0.6131423711776733
29121,0.29934075474739075
29122,-0.00897260382771492
29123,-0.005680101923644543
29124,-0.02101110853254795
29125,0.41716864705085754
29126,-0.03536226600408554
29127,-0.035307180136442184
29128,-0.03523257374763489
29129,-0.036404818296432495
29130,-0.03625107556581497
29131,-0.03561132401227951
29132,-0.03513474017381668
29133,-0.0346032939851284
29134,-0.03492124378681183
29135,-0.03490941599011421
29136,-0.03555768355727196
29137,-0.032375071197748184
29138,-0.03490816056728363
29139,-0.03479994088411331
29140,-0.031241508200764656
29141,-0.03424881026148796
29142,-0.0326915942132473
29143,-0.03450177609920502
29144,-0.0350303091108799
29145,-0.034050099551677704
29146,-0.03471368923783302
29147,-0.03480968251824379
29148,-0.03551795706152916
29149,-0.035518430173397064
29150,-0.03429455682635307
29151,-0.03520596772432327
29152,-0.03449998050928116
29153,-0.03591771051287651
29154,-0.035065460950136185
29155,-0.03507639095187187
29156,-0.035790495574474335
29157,-0.0349266491830349
29158,-0.035691361874341965
29159,-0.03470262140035629
29160,-0.03609996661543846
29161,-0.034943629056215286
29162,-0.03385167568922043
29163,-0.03429512307047844
29164,-0.03461616113781929
29165,-0.03415581211447716
29166,-0.03469047322869301
29167,-0.03448059782385826
29168,-0.035092584788799286
29169,-0.034322381019592285
29170,0.6155081987380981
29171,0.5998535752296448
29172,0.6216872334480286
29173,-0.03448661044239998
29174,-0.03420545905828476
29175,-0.03483399376273155
29176,-0.03517930954694748
29177,-0.03441726416349411
29178,0.5980134606361389
29179,0.6234771013259888
29180,-0.03513961285352707
29181,-0.035077717155218124
29182,-0.034649766981601715
29183,-0.03435775265097618
29184,-0.034898314625024796
29185,-0.034338660538196564
29186,-0.03486279025673866
29187,-0.034638162702322006
29188,-0.035964131355285645
29189,-0.03581047058105469
29190,0.5143277645111084
29191,-0.03468691557645798
29192,-0.03381664678454399
29193,-0.03298115357756615
29194,-0.03502097353339195
29195,-0.034556105732917786
29196,0.3034926950931549
29197,-0.03513424098491669
29198,0.63416987657547
29199,-0.03569488972425461
29200,-0.03371773287653923
29201,-0.033719152212142944
29202,-0.03133291006088257
29203,0.4032515585422516
29204,-0.029987672343850136
29205,-0.030461018905043602
29206,-0.033828023821115494
29207,-0.03270695358514786
29208,0.47776392102241516
29209,-0.03415443003177643
29210,-0.033016007393598557
29211,-0.03330051153898239
29212,-0.03548341989517212
29213,-0.03222141042351723
29214,-0.033040206879377365
29215,-0.034447550773620605
29216,-0.03317274525761604
29217,-0.03432052582502365
29218,-0.03531178459525108
29219,-0.034957826137542725
29220,-0.034774456173181534
29221,-0.03498634696006775
29222,-0.034830741584300995
29223,-0.035598065704107285
29224,-0.03455473482608795
29225,-0.0351262241601944
29226,-0.03508438915014267
29227,-0.03493639454245567
29228,-0.03467756137251854
29229,-0.03257729485630989
29230,-0.03419473394751549
29231,-0.035668302327394485
29232,0.4071725606918335
29233,0.7170792818069458
29234,0.4711107313632965
29235,0.2649010717868805
29236,0.6561403274536133
29237,-0.03350857272744179
29238,0.18592974543571472
29239,-0.03458211198449135
29240,0.48762571811676025
29241,0.5505629181861877
29242,0.5116516947746277
29243,0.42345690727233887
29244,0.47044453024864197
29245,0.5471450090408325
29246,0.510644257068634
29247,-0.03482523933053017
29248,-0.03452010080218315
29249,-0.03523551672697067
29250,-0.03379730507731438
29251,-0.034842632710933685
29252,-0.03589017689228058
29253,-0.035328611731529236
29254,-0.03484420105814934
29255,-0.033834923058748245
29256,-0.034307580441236496
29257,-0.034697044640779495
29258,-0.03513849899172783
29259,-0.03482341021299362
29260,-0.03465036302804947
29261,-0.03396482393145561
29262,0.3560037314891815
29263,0.32224151492118835
29264,0.4009624421596527
29265,-0.03452229127287865
29266,-0.03548626974225044
29267,-0.03490530699491501
29268,-0.03475911170244217
29269,-0.03455206751823425
29270,0.35310229659080505
29271,-0.034353647381067276
29272,0.4008654057979584
29273,0.3506864607334137
29274,0.338855504989624
29275,0.3853932023048401
29276,0.37402746081352234
29277,0.3911372423171997
29278,0.3575749099254608
29279,0.7413930296897888
29280,-0.03427290916442871
29281,-0.03392559662461281
29282,-0.03409002348780632
29283,-0.03482493385672569
29284,0.5366330742835999
29285,0.5187597274780273
29286,0.481662392616272
29287,0.4587896764278412
29288,0.49175089597702026
29289,0.5704987049102783
29290,0.47181761264801025
29291,0.4192998707294464
29292,0.5876868963241577
29293,0.538091778755188
29294,0.47793853282928467
29295,0.5101405382156372
29296,0.30907920002937317
29297,-0.01447799988090992
29298,0.4439544081687927
29299,0.4328971803188324
29300,0.2837689220905304
29301,0.3642862141132355
29302,0.23423343896865845
29303,0.2842445969581604
29304,0.18563108146190643
29305,0.16898848116397858
29306,0.16905751824378967
29307,0.21478256583213806
29308,0.22681602835655212
29309,0.2289663851261139
29310,0.24104781448841095
29311,0.22489432990550995
29312,-0.013648816384375095
29313,-0.013257867656648159
29314,0.15812911093235016
29315,0.1635882705450058
29316,0.1946127563714981
29317,0.22046299278736115
29318,0.19590741395950317
29319,0.18663336336612701
29320,0.19504523277282715
29321,0.21166598796844482
29322,0.2296389639377594
29323,0.19774527847766876
29324,0.15876416862010956
29325,0.14430855214595795
29326,0.16852612793445587
29327,0.1788511574268341
29328,0.17647220194339752
29329,0.18069323897361755
29330,0.1888909935951233
29331,0.19315169751644135
29332,0.21964846551418304
29333,0.22571299970149994
29334,0.22002124786376953
29335,0.1894717514514923
29336,0.19098934531211853
29337,0.23923426866531372
29338,0.20331355929374695
29339,0.26959994435310364
29340,0.28628626465797424
29341,0.2564813196659088
29342,0.19872906804084778
29343,0.18801933526992798
29344,0.19873754680156708
29345,0.21805715560913086
29346,0.21253421902656555
29347,0.2329542487859726
29348,0.21667607128620148
29349,0.1837240755558014
29350,0.15526923537254333
29351,0.1371997445821762
29352,0.18459735810756683
29353,0.18421345949172974
29354,0.20306254923343658
29355,0.20153634250164032
29356,0.19918568432331085
29357,0.19102102518081665
29358,0.18390870094299316
29359,0.17232857644557953
29360,0.19546231627464294
29361,0.1888256072998047
29362,0.17762324213981628
29363,0.18270143866539001
29364,0.1897668093442917
29365,0.19558563828468323
29366,0.20511475205421448
29367,0.22366829216480255
29368,0.2266739457845688
29369,0.23947784304618835
29370,0.24642476439476013
29371,0.21540753543376923
29372,0.23670417070388794
29373,0.23090487718582153
29374,0.18834051489830017
29375,0.19950199127197266
29376,0.18438716232776642
29377,0.16061270236968994
29378,0.1769842803478241
29379,0.1954573690891266
29380,0.20943167805671692
29381,0.21326644718647003
29382,0.23212265968322754
29383,0.24024611711502075
29384,0.2346242070198059
29385,0.24288785457611084
29386,0.2727401554584503
29387,0.2917463779449463
29388,0.2897506356239319
29389,0.33601853251457214
29390,0.34387531876564026
29391,0.33337149024009705
29392,0.3629721701145172
29393,0.33008450269699097
29394,0.35027527809143066
29395,0.3590852618217468
29396,0.3197646141052246
29397,0.27449288964271545
29398,0.2434842884540558
29399,0.2527056336402893
29400,0.30558791756629944
29401,0.28005897998809814
29402,0.2871614992618561
29403,0.25674355030059814
29404,0.2957475781440735
29405,0.29729777574539185
29406,0.27252310514450073
29407,0.25343480706214905
29408,0.3027689456939697
29409,0.31846463680267334
29410,0.32113051414489746
29411,0.3524550795555115
29412,0.38259556889533997
29413,0.3852369487285614
29414,0.4308483898639679
29415,0.3471051752567291
29416,0.3533277213573456
29417,0.330684632062912
29418,0.32595959305763245
29419,0.2858288288116455
29420,0.27314460277557373
29421,0.297554612159729
29422,0.34290751814842224
29423,0.3227209746837616
29424,0.2256510704755783
29425,0.2495000660419464
29426,0.20629656314849854
29427,0.18047305941581726
29428,0.16557669639587402
29429,0.17081773281097412
29430,0.17691175639629364
29431,0.1959228217601776
29432,0.21933209896087646
29433,0.21748746931552887
29434,0.18345406651496887
29435,0.1900242269039154
29436,0.24885283410549164
29437,0.24312779307365417
29438,0.22218352556228638
29439,0.1936052292585373
29440,0.18602539598941803
29441,0.20250433683395386
29442,0.2459762692451477
29443,0.305169939994812
29444,0.36874452233314514
29445,0.3228403329849243
29446,0.1991376131772995
29447,0.21659737825393677
29448,0.21643854677677155
29449,0.1864965558052063
29450,0.21690420806407928
29451,0.21557587385177612
29452,0.19375111162662506
29453,0.27010542154312134
29454,0.3076218068599701
29455,0.31907740235328674
29456,0.2767314314842224
29457,0.24778559803962708
29458,0.25710994005203247
29459,0.2809601426124573
29460,0.2776009142398834
29461,0.2405077964067459
29462,0.2170746922492981
29463,0.23003433644771576
29464,0.2486855685710907
29465,0.2508365511894226
29466,0.24583378434181213
29467,0.2098897248506546
29468,0.19644194841384888
29469,0.19586047530174255
29470,0.1747395545244217
29471,0.18095624446868896
29472,0.1941392868757248
29473,0.2939887046813965
29474,0.2746334373950958
29475,0.261817991733551
29476,0.28979215025901794
29477,0.27940258383750916
29478,0.2530730664730072
29479,0.22030730545520782
29480,0.1994495987892151
29481,0.19505591690540314
29482,0.188790425658226
29483,0.20296049118041992
29484,0.21770842373371124
29485,0.2362004667520523
29486,0.2064938098192215
29487,0.21468165516853333
29488,0.212066188454628
29489,0.2141743153333664
29490,0.2235059142112732
29491,0.20445066690444946
29492,0.16608448326587677
29493,0.1948622316122055
29494,0.2117115706205368
29495,0.20673725008964539
29496,0.2104598581790924
29497,0.21944110095500946
29498,0.2111983597278595
29499,0.20410853624343872
29500,0.22904522716999054
29501,0.23466075956821442
29502,0.2156188040971756
29503,0.20098885893821716
29504,0.1724615842103958
29505,0.19793926179409027
29506,0.22379320859909058
29507,0.23211322724819183
29508,0.22156399488449097
29509,0.23178596794605255
29510,0.24109980463981628
29511,0.20501044392585754
29512,0.21955439448356628
29513,0.2480791062116623
29514,0.23606370389461517
29515,0.21616795659065247
29516,0.21212616562843323
29517,0.2163907289505005
29518,0.2242659628391266
29519,0.1855088472366333
29520,0.17753921449184418
29521,0.17659178376197815
29522,0.18242864310741425
29523,0.16747361421585083
29524,0.15399643778800964
29525,0.16981539130210876
29526,0.17063678801059723
29527,0.1622980833053589
29528,0.1395275741815567
29529,0.11297977715730667
29530,0.10462646931409836
29531,0.12210214883089066
29532,0.14534726738929749
29533,0.15005598962306976
29534,0.18762362003326416
29535,0.19432172179222107
29536,0.16389621794223785
29537,0.16766870021820068
29538,0.18037892878055573
29539,0.18791842460632324
29540,0.1847836822271347
29541,0.20714208483695984
29542,0.22806617617607117
29543,0.22784261405467987
29544,0.2193150520324707
29545,0.18318207561969757
29546,0.1744343638420105
29547,0.16452962160110474
29548,0.18431973457336426
29549,0.1891189068555832
29550,0.19823084771633148
29551,0.1957036703824997
29552,0.1733391135931015
29553,0.16909277439117432
29554,0.19269812107086182
29555,0.1878027617931366
29556,0.21156571805477142
29557,0.2043096274137497
29558,0.15330296754837036
29559,0.14886055886745453
29560,0.16900931298732758
29561,0.17080043256282806
29562,0.18652832508087158
29563,0.20578786730766296
29564,0.20728012919425964
29565,0.18158958852291107
29566,0.1692506968975067
29567,0.1375725269317627
29568,0.15006224811077118
29569,0.16565953195095062
29570,0.15513207018375397
29571,0.20135022699832916
29572,0.21294759213924408
29573,0.2278881072998047
29574,0.25259873270988464
29575,0.24903161823749542
29576,0.2213599681854248
29577,0.20015892386436462
29578,0.19737420976161957
29579,0.19424504041671753
29580,0.19573111832141876
29581,0.17630937695503235
29582,0.19531665742397308
29583,0.18175135552883148
29584,0.18953201174736023
29585,0.19311705231666565
29586,0.2098713368177414
29587,0.21196143329143524
29588,0.21175172924995422
29589,0.2055540829896927
29590,0.23072071373462677
29591,0.18518014252185822
29592,0.2132737636566162
29593,0.22863806784152985
29594,0.19719482958316803
29595,0.19365161657333374
29596,0.2402770221233368
29597,0.25086739659309387
29598,0.2823646068572998
29599,0.24245353043079376
29600,0.23681950569152832
29601,0.20547841489315033
29602,0.18675950169563293
29603,0.17828470468521118
29604,0.2075725793838501
29605,0.35595449805259705
29606,0.19485688209533691
29607,0.12918192148208618
29608,0.14062835276126862
29609,0.159278005361557
29610,0.15943697094917297
29611,0.15467095375061035
29612,0.16364967823028564
29613,0.18063247203826904
29614,0.2050113081932068
29615,0.23698504269123077
29616,0.223214253783226
29617,0.2124810814857483
29618,0.2244987189769745
29619,0.21766622364521027
29620,0.2232876867055893
29621,0.22487103939056396
29622,0.1785563826560974
29623,0.1845168024301529
29624,0.20175035297870636
29625,0.2039291113615036
29626,0.1967269331216812
29627,0.17417851090431213
29628,0.16977019608020782
29629,0.1534947156906128
29630,0.17209415137767792
29631,0.19576086103916168
29632,0.19277293980121613
29633,0.2034270465373993
29634,0.19140467047691345
29635,0.18618746101856232
29636,0.16200588643550873
29637,0.16213145852088928
29638,0.14837020635604858
29639,0.14779900014400482
29640,0.14639118313789368
29641,0.14534705877304077
29642,0.1537005454301834
29643,0.17356577515602112
29644,0.17707522213459015
29645,0.17524820566177368
29646,0.16621506214141846
29647,0.1708856225013733
29648,0.375984251499176
29649,0.37577947974205017
29650,0.3703114688396454
29651,0.3731752336025238
29652,0.3663591146469116
29653,0.3496030271053314
29654,0.2640414237976074
29655,0.3431420922279358
29656,0.3992835581302643
29657,0.21960051357746124
29658,0.1700316220521927
29659,0.15639880299568176
29660,0.15812715888023376
29661,0.14798523485660553
29662,0.1598048061132431
29663,0.15473924577236176
29664,0.13680274784564972
29665,0.15347807109355927
29666,0.16041940450668335
29667,0.1144099086523056
29668,0.29386842250823975
29669,0.3601616322994232
29670,0.33034494519233704
29671,0.2296089380979538
29672,0.20345115661621094
29673,0.1862945854663849
29674,0.1830965280532837
29675,0.17880938947200775
29676,0.1899498850107193
29677,0.17770779132843018
29678,0.19020360708236694
29679,0.2285551279783249
29680,0.3385486900806427
29681,0.4017949402332306
29682,0.34983229637145996
29683,0.29528582096099854
29684,0.2690282464027405
29685,0.24940137565135956
29686,0.22439628839492798
29687,0.26521599292755127
29688,0.299157977104187
29689,0.29172223806381226
29690,0.37782108783721924
29691,0.33122512698173523
29692,0.3345140814781189
29693,0.2755295932292938
29694,0.24535779654979706
29695,0.22150401771068573
29696,0.2681710124015808
29697,0.29417866468429565
29698,0.28607627749443054
29699,0.25360116362571716
29700,0.25010770559310913
29701,0.19066137075424194
29702,0.1870374083518982
29703,0.2022583782672882
29704,0.20764867961406708
29705,0.2026209682226181
29706,0.21296606957912445
29707,0.22625581920146942
29708,0.22281859815120697
29709,0.21180172264575958
29710,0.18702855706214905
29711,0.19276300072669983
29712,0.20979773998260498
29713,0.21900588274002075
29714,0.21345843374729156
29715,0.20291325449943542
29716,0.20166930556297302
29717,0.23888947069644928
29718,0.25625255703926086
29719,0.2528580129146576
29720,0.2880795896053314
29721,0.2561343014240265
29722,0.2718923091888428
29723,0.3174080550670624
29724,0.34284552931785583
29725,0.31287333369255066
29726,0.3330487608909607
29727,0.34571540355682373
29728,0.36161568760871887
29729,0.32065069675445557
29730,0.20710304379463196
29731,0.2185298502445221
29732,0.2184336632490158
29733,0.23252399265766144
29734,0.2069818079471588
29735,0.2246939241886139
29736,0.21620889008045197
29737,0.19150303304195404
29738,0.2087802141904831
29739,0.20479819178581238
29740,0.20033544301986694
29741,0.1886264532804489
29742,0.1722790151834488
29743,0.1738574057817459
29744,0.17777281999588013
29745,0.18554259836673737
29746,0.1777556985616684
29747,0.16708561778068542
29748,0.16962960362434387
29749,0.18611353635787964
29750,0.19397875666618347
29751,0.173360675573349
29752,0.17077291011810303
29753,0.13853642344474792
29754,0.1619729995727539
29755,0.1691342294216156
29756,0.1649487167596817
29757,0.16977699100971222
29758,0.16187767684459686
29759,0.1989598572254181
29760,0.21325819194316864
29761,0.21320979297161102
29762,0.18229423463344574
29763,0.1873912662267685
29764,0.19568343460559845
29765,0.18911129236221313
29766,0.3326246440410614
29767,0.27063941955566406
29768,0.2528453767299652
29769,0.3075980544090271
29770,0.3055218756198883
29771,0.24448570609092712
29772,0.2782061994075775
29773,0.2953025996685028
29774,0.2911723256111145
29775,0.2809204161167145
29776,0.2581207752227783
29777,0.23342296481132507
29778,0.1662633866071701
29779,0.14213456213474274
29780,0.11278855800628662
29781,0.11993103474378586
29782,0.3414078652858734
29783,0.3500359058380127
29784,0.3216555416584015
29785,0.3147655129432678
29786,0.29229816794395447
29787,0.21246086061000824
29788,0.21929259598255157
29789,0.3245820701122284
29790,0.31645262241363525
29791,0.339041531085968
29792,0.35203641653060913
29793,0.36222267150878906
29794,0.29949504137039185
29795,0.24508431553840637
29796,0.29884737730026245
29797,0.29635265469551086
29798,0.2560640573501587
29799,0.268686980009079
29800,0.2670888304710388
29801,0.24795886874198914
29802,0.1986631453037262
29803,0.2141849398612976
29804,0.21359558403491974
29805,0.2860153317451477
29806,0.3156083822250366
29807,0.2774074673652649
29808,0.28299182653427124
29809,0.28148260712623596
29810,0.26928210258483887
29811,0.279524564743042
29812,0.2765551209449768
29813,0.3153824806213379
29814,0.2803598940372467
29815,0.285607248544693
29816,0.289037823677063
29817,0.2963872253894806
29818,0.2894918918609619
29819,0.2944681644439697
29820,0.284416526556015
29821,0.29954802989959717
29822,0.34581756591796875
29823,0.3564653992652893
29824,0.3082054555416107
29825,0.2730911672115326
29826,0.31504759192466736
29827,0.3246048092842102
29828,0.29691100120544434
29829,0.26582542061805725
29830,0.2790958881378174
29831,0.2734385132789612
29832,0.2313750982284546
29833,0.3002200126647949
29834,0.2760275602340698
29835,0.26835721731185913
29836,0.2913149893283844
29837,0.2938697338104248
29838,0.24385963380336761
29839,0.27074718475341797
29840,0.25948289036750793
29841,0.2381986677646637
29842,0.29877352714538574
29843,0.3011057376861572
29844,0.2777293920516968
29845,0.25769323110580444
29846,0.25757476687431335
29847,0.24710792303085327
29848,0.2439713329076767
29849,0.2545567452907562
29850,0.24323171377182007
29851,0.2595207989215851
29852,0.33659324049949646
29853,0.2585507035255432
29854,0.2874818444252014
29855,0.22588011622428894
29856,0.20990006625652313
29857,0.19687852263450623
29858,0.20282001793384552
29859,0.2205064743757248
29860,0.3214719593524933
29861,0.30751755833625793
29862,0.30047523975372314
29863,0.3080615997314453
29864,0.3057922124862671
29865,0.2879365384578705
29866,0.269754022359848
29867,0.28373074531555176
29868,0.29513275623321533
29869,0.2740536034107208
29870,0.26474472880363464
29871,0.26817119121551514
29872,0.25693705677986145
29873,0.324238657951355
29874,0.27563774585723877
29875,0.2597549557685852
29876,0.2738803029060364
29877,0.2894681990146637
29878,0.3002505898475647
29879,0.2999695837497711
29880,0.31137263774871826
29881,0.3294600248336792
29882,0.3333390951156616
29883,0.32703694701194763
29884,0.33538511395454407
29885,0.3074258267879486
29886,0.32975223660469055
29887,0.2924507260322571
29888,0.2799448072910309
29889,0.2643425166606903
29890,0.23981498181819916
29891,0.26342058181762695
29892,0.3020491898059845
29893,0.27055755257606506
29894,0.285099595785141
29895,0.33393216133117676
29896,0.3578578233718872
29897,0.33347287774086
29898,0.34899061918258667
29899,0.31215792894363403
29900,0.2881942391395569
29901,0.24409064650535583
29902,0.22601330280303955
29903,0.2385290265083313
29904,0.25073155760765076
29905,0.28841331601142883
29906,0.3003455102443695
29907,0.3127167522907257
29908,0.29779383540153503
29909,0.30477938055992126
29910,0.31745898723602295
29911,0.29254236817359924
29912,0.30347880721092224
29913,0.3581802248954773
29914,0.3177758753299713
29915,0.2971411645412445
29916,0.2704293429851532
29917,0.2888110876083374
29918,0.30661049485206604
29919,0.29150059819221497
29920,0.29827746748924255
29921,0.32239973545074463
29922,0.3406945466995239
29923,0.35299423336982727
29924,0.29664966464042664
29925,0.2327302098274231
29926,0.23518630862236023
29927,0.2580436170101166
29928,0.294270396232605
29929,0.2752738296985626
29930,0.27232587337493896
29931,0.3202160596847534
29932,0.3430723547935486
29933,0.35000863671302795
29934,0.2453889548778534
29935,0.25809213519096375
29936,0.26714131236076355
29937,0.3469853401184082
29938,0.34637439250946045
29939,0.2991936206817627
29940,0.28282132744789124
29941,0.2885911464691162
29942,0.2916087806224823
29943,0.3186497986316681
29944,0.3512994647026062
29945,0.4050421416759491
29946,0.27709415555000305
29947,0.2692135274410248
29948,0.2853657603263855
29949,0.2891318202018738
29950,0.2815318703651428
29951,0.29090166091918945
29952,0.30111950635910034
29953,0.3130743205547333
29954,0.30199751257896423
29955,0.28845450282096863
29956,0.2967550456523895
29957,0.26768195629119873
29958,0.25613611936569214
29959,0.2595936059951782
29960,0.3632289171218872
29961,0.44581112265586853
29962,0.45338767766952515
29963,0.43979787826538086
29964,0.5240592360496521
29965,0.5694126486778259
29966,0.5050411224365234
29967,0.4833531379699707
29968,0.38915324211120605
29969,0.4765792489051819
29970,0.4943179190158844
29971,0.44185537099838257
29972,0.5502073168754578
29973,0.5500252842903137
29974,0.46313509345054626
29975,0.4358271360397339
29976,0.2643124759197235
29977,0.32597616314888
29978,0.35261663794517517
29979,0.2974763512611389
29980,0.25411513447761536
29981,0.28550267219543457
29982,0.42909711599349976
29983,0.45583415031433105
29984,0.39783260226249695
29985,0.40165895223617554
29986,0.32908809185028076
29987,0.34654051065444946
29988,0.3351143002510071
29989,0.39319831132888794
29990,0.36334940791130066
29991,0.32312050461769104
29992,0.31088054180145264
29993,0.3704530596733093
29994,0.3827247619628906
29995,0.3539636731147766
29996,0.3779994249343872
29997,0.3230935335159302
29998,0.25248095393180847
29999,0.3270668387413025
30000,0.4129514992237091
30001,0.2615054249763489
30002,0.26865872740745544
30003,0.33631986379623413
30004,0.33322542905807495
30005,0.29062309861183167
30006,0.38043010234832764
30007,0.29145216941833496
30008,0.3065207004547119
30009,0.28922924399375916
30010,0.30376914143562317
30011,0.33573973178863525
30012,0.31174054741859436
30013,0.31090977787971497
30014,0.3210659325122833
30015,0.30274826288223267
30016,0.30018141865730286
30017,0.2837342619895935
30018,0.25078240036964417
30019,0.313217431306839
30020,0.32552000880241394
30021,0.3517736792564392
30022,0.3461587131023407
30023,0.3104289174079895
30024,0.30183660984039307
30025,0.3136952817440033
30026,0.35050809383392334
30027,0.3334599435329437
30028,0.31462591886520386
30029,0.27944836020469666
30030,0.3151842951774597
30031,0.3954216539859772
30032,0.41338956356048584
30033,0.3287838399410248
30034,0.3246086537837982
30035,0.371084988117218
30036,0.3582908511161804
30037,0.307563841342926
30038,0.26556098461151123
30039,0.28935396671295166
30040,0.23203347623348236
30041,0.3149109184741974
30042,0.25431638956069946
30043,0.20584864914417267
30044,0.2159268856048584
30045,0.26079094409942627
30046,0.2969173789024353
30047,0.3029707372188568
30048,0.3131343424320221
30049,0.3255307376384735
30050,0.2081775963306427
30051,0.22034162282943726
30052,0.27126455307006836
30053,0.29206931591033936
30054,0.2938457429409027
30055,0.3050384223461151
30056,0.2961612939834595
30057,0.3055441081523895
30058,0.26449668407440186
30059,0.26742589473724365
30060,0.26191720366477966
30061,0.2682616114616394
30062,0.23087546229362488
30063,0.265025794506073
30064,0.209702268242836
30065,0.236748605966568
30066,0.22524067759513855
30067,0.3046523332595825
30068,0.25027650594711304
30069,0.26868557929992676
30070,0.2539995610713959
30071,0.23758190870285034
30072,0.19132497906684875
30073,0.2050728052854538
30074,0.1975739449262619
30075,0.19023652374744415
30076,0.1813308745622635
30077,0.20972087979316711
30078,0.2005719095468521
30079,0.1971345841884613
30080,0.1840074211359024
30081,0.18698394298553467
30082,0.40432900190353394
30083,0.46635058522224426
30084,0.4026433825492859
30085,0.3548629879951477
30086,0.309933066368103
30087,0.2703973054885864
30088,0.31120723485946655
30089,0.4344378709793091
30090,0.4806278347969055
30091,0.5088222622871399
30092,0.34717851877212524
30093,0.4351544976234436
30094,0.46229925751686096
30095,0.532882571220398
30096,0.5752918720245361
30097,0.41748008131980896
30098,0.2747237980365753
30099,0.2868815064430237
30100,0.36219316720962524
30101,0.3995431959629059
30102,0.4271967113018036
30103,0.4321954548358917
30104,0.42497584223747253
30105,0.45539525151252747
30106,0.4645884931087494
30107,0.555237352848053
30108,0.5391153693199158
30109,0.4567762613296509
30110,0.3832712769508362
30111,0.3821440041065216
30112,0.4721493721008301
30113,0.4517369568347931
30114,0.5170508623123169
30115,0.5605514049530029
30116,0.5771088600158691
30117,0.5158630609512329
30118,0.7852537631988525
30119,0.6192530393600464
30120,0.6668857336044312
30121,0.6494850516319275
30122,0.2804487645626068
30123,0.4021869897842407
30124,0.8741025328636169
30125,0.8745320439338684
30126,0.8971109390258789
30127,0.5943804979324341
30128,0.5097101926803589
30129,0.45461681485176086
30130,0.4355771243572235
30131,0.4385088086128235
30132,0.4647763669490814
30133,0.2759370803833008
30134,0.24613815546035767
30135,0.9148072004318237
30136,0.858755886554718
30137,0.6709359884262085
30138,0.7193758487701416
30139,0.8087056279182434
30140,0.4885564148426056
30141,0.4158724546432495
30142,0.505649983882904
30143,0.49737897515296936
30144,0.46383970975875854
30145,0.39414674043655396
30146,0.31273484230041504
30147,0.3377452790737152
30148,0.3415570557117462
30149,0.37446320056915283
30150,0.3311501443386078
30151,0.26687923073768616
30152,0.3063516914844513
30153,0.3374124765396118
30154,0.28244897723197937
30155,0.2995806336402893
30156,0.3282510042190552
30157,0.30670803785324097
30158,0.31559494137763977
30159,0.3619636595249176
30160,0.3115134835243225
30161,0.29130852222442627
30162,0.35164812207221985
30163,0.38147681951522827
30164,0.35841110348701477
30165,0.38615548610687256
30166,0.42231571674346924
30167,0.3242955207824707
30168,0.30551794171333313
30169,0.31102249026298523
30170,0.2915349006652832
30171,0.4486100375652313
30172,0.4253082275390625
30173,0.32386672496795654
30174,0.3281531035900116
30175,0.34572073817253113
30176,0.3225858509540558
30177,0.3267488479614258
30178,0.306996613740921
30179,0.32821786403656006
30180,0.29404985904693604
30181,0.24974991381168365
30182,0.26126307249069214
30183,0.29617318511009216
30184,0.2829408645629883
30185,0.26223650574684143
30186,0.3514912724494934
30187,0.3332735598087311
30188,0.29720062017440796
30189,0.27889394760131836
30190,0.37681907415390015
30191,0.3580925762653351
30192,0.32286369800567627
30193,0.2949051856994629
30194,0.28521114587783813
30195,0.3655504584312439
30196,0.39293867349624634
30197,0.3522823750972748
30198,0.30839285254478455
30199,0.2772037386894226
30200,0.28382670879364014
30201,0.23389822244644165
30202,0.336995005607605
30203,0.2910541296005249
30204,0.3512253761291504
30205,0.2863122224807739
30206,0.2918502986431122
30207,0.34017226099967957
30208,0.34637773036956787
30209,0.36212655901908875
30210,0.3439168632030487
30211,0.3007042109966278
30212,0.3025985062122345
30213,0.313145250082016
30214,0.38937267661094666
30215,0.28929904103279114
30216,0.24425670504570007
30217,0.2362276166677475
30218,0.31543439626693726
30219,0.3315716087818146
30220,0.33093953132629395
30221,0.3463752865791321
30222,0.33678802847862244
30223,0.33948570489883423
30224,0.312492311000824
30225,0.30276063084602356
30226,0.3380787670612335
30227,0.29433152079582214
30228,0.29289180040359497
30229,0.3543314039707184
30230,0.34453076124191284
30231,0.31249964237213135
30232,0.238109290599823
30233,0.26016777753829956
30234,0.26347315311431885
30235,0.2915458679199219
30236,0.2895006239414215
30237,0.22254085540771484
30238,0.21565745770931244
30239,0.2545244097709656
30240,0.310989111661911
30241,0.3340994119644165
30242,0.3448942005634308
30243,0.28528067469596863
30244,0.30472445487976074
30245,0.31213295459747314
30246,0.3073158264160156
30247,0.3727853000164032
30248,0.3788631856441498
30249,0.43477973341941833
30250,0.401092529296875
30251,0.3533450961112976
30252,0.3725103735923767
30253,0.3812448978424072
30254,0.33340415358543396
30255,0.36212295293807983
30256,0.3404718339443207
30257,0.3563629984855652
30258,0.3295214772224426
30259,0.36922022700309753
30260,0.4190284311771393
30261,0.4383205473423004
30262,0.37413063645362854
30263,0.40601015090942383
30264,0.42976388335227966
30265,0.3327467739582062
30266,0.4229417145252228
30267,0.44893839955329895
30268,0.34896358847618103
30269,0.3756311535835266
30270,0.3743506669998169
30271,0.3692931532859802
30272,0.35751208662986755
30273,0.3055400252342224
30274,0.25929024815559387
30275,0.3011539578437805
30276,0.35914090275764465
30277,0.3714141249656677
30278,0.4076099097728729
30279,0.38704007863998413
30280,0.38291266560554504
30281,0.44892653822898865
30282,0.45177534222602844
30283,0.4160621762275696
30284,0.3749740421772003
30285,0.31447160243988037
30286,0.33054205775260925
30287,0.30079689621925354
30288,0.259402871131897
30289,0.2712112069129944
30290,0.29075127840042114
30291,0.3088185489177704
30292,0.37365850806236267
30293,0.4525846540927887
30294,0.3916168510913849
30295,0.2810947000980377
30296,0.3218836784362793
30297,0.3763229250907898
30298,0.3544562757015228
30299,0.32818183302879333
30300,0.2926277220249176
30301,0.272645503282547
30302,0.2548450231552124
30303,0.3259812593460083
30304,0.3320840299129486
30305,0.3121733069419861
30306,0.3003888428211212
30307,0.31549233198165894
30308,0.33703482151031494
30309,0.3096102178096771
30310,0.3399037718772888
30311,0.3317050039768219
30312,0.3235921561717987
30313,0.36817604303359985
30314,0.40118154883384705
30315,0.4267103374004364
30316,0.4274495542049408
30317,0.34999725222587585
30318,0.32188159227371216
30319,0.2854854464530945
30320,0.2712061107158661
30321,0.3134962022304535
30322,0.2546387016773224
30323,0.27208152413368225
30324,0.2805381715297699
30325,0.27462300658226013
30326,0.2580525279045105
30327,0.24150672554969788
30328,0.3287014067173004
30329,0.38006576895713806
30330,0.3685135841369629
30331,0.33114737272262573
30332,0.28669220209121704
30333,0.2782893478870392
30334,0.28617075085639954
30335,0.32159072160720825
30336,0.35260871052742004
30337,0.35276857018470764
30338,0.30067411065101624
30339,0.24614395201206207
30340,0.23614540696144104
30341,0.21780352294445038
30342,0.2261132150888443
30343,0.2870641350746155
30344,0.3496752381324768
30345,0.37968090176582336
30346,0.3702247142791748
30347,0.36068829894065857
30348,0.3600384294986725
30349,0.36665186285972595
30350,0.37556543946266174
30351,0.3337642252445221
30352,0.34423699975013733
30353,0.33652225136756897
30354,0.32432296872138977
30355,0.34810638427734375
30356,0.39150330424308777
30357,0.39521923661231995
30358,0.32810017466545105
30359,0.3010067641735077
30360,0.2848641276359558
30361,0.2898244857788086
30362,0.2920191287994385
30363,0.29964134097099304
30364,0.37571263313293457
30365,0.3311340808868408
30366,0.369290292263031
30367,0.38227203488349915
30368,0.36591431498527527
30369,0.37030842900276184
30370,0.36589252948760986
30371,0.36286064982414246
30372,0.32602280378341675
30373,0.3030453324317932
30374,0.27538052201271057
30375,0.2621951699256897
30376,0.2561092972755432
30377,0.2749735116958618
30378,0.3040069341659546
30379,0.27659833431243896
30380,0.2719530165195465
30381,0.29118549823760986
30382,0.28261470794677734
30383,0.28290048241615295
30384,0.2697010636329651
30385,0.2715977132320404
30386,0.2571324110031128
30387,0.2578417658805847
30388,0.28312695026397705
30389,0.26386502385139465
30390,0.27819496393203735
30391,0.26063042879104614
30392,0.231938436627388
30393,0.24732710421085358
30394,0.22021174430847168
30395,0.2572540044784546
30396,0.27505362033843994
30397,0.28522032499313354
30398,0.33893150091171265
30399,0.3422108292579651
30400,0.3668307662010193
30401,0.3514445722103119
30402,0.35807016491889954
30403,0.3476584851741791
30404,0.3205568492412567
30405,0.2609311044216156
30406,0.32532498240470886
30407,0.34983211755752563
30408,0.37179437279701233
30409,0.33500438928604126
30410,0.29485753178596497
30411,0.32335177063941956
30412,0.3382667005062103
30413,0.34146127104759216
30414,0.3596278131008148
30415,0.32184886932373047
30416,0.330341637134552
30417,0.31045857071876526
30418,0.2679300308227539
30419,0.3510909378528595
30420,0.30197396874427795
30421,0.2687162160873413
30422,0.3122168183326721
30423,0.32449525594711304
30424,0.36662572622299194
30425,0.3762660026550293
30426,0.4044596254825592
30427,0.3884086310863495
30428,0.3561892807483673
30429,0.3875119090080261
30430,0.35643866658210754
30431,0.29615142941474915
30432,0.2608543634414673
30433,0.3501337766647339
30434,0.33939260244369507
30435,0.3625602126121521
30436,0.3849027752876282
30437,0.3779415190219879
30438,0.3767336308956146
30439,0.3178291916847229
30440,0.3963242173194885
30441,0.43181973695755005
30442,0.4533887207508087
30443,0.36504897475242615
30444,0.37111547589302063
30445,0.3613612651824951
30446,0.31506115198135376
30447,0.34156283736228943
30448,0.34031641483306885
30449,0.27665287256240845
30450,0.2506255507469177
30451,0.26370537281036377
30452,0.39894795417785645
30453,0.2728068232536316
30454,0.2744844853878021
30455,0.3162166178226471
30456,0.35559600591659546
30457,0.2575851380825043
30458,0.2897471487522125
30459,0.32036668062210083
30460,0.34557977318763733
30461,0.42572736740112305
30462,0.45127514004707336
30463,0.3639299273490906
30464,0.3421609103679657
30465,0.2900165617465973
30466,0.34758439660072327
30467,0.35075247287750244
30468,0.3130234181880951
30469,0.2867114245891571
30470,0.25228965282440186
30471,0.24502521753311157
30472,0.2444869428873062
30473,0.2642894685268402
30474,0.30349209904670715
30475,0.2832220494747162
30476,0.26057612895965576
30477,0.31357017159461975
30478,0.39020591974258423
30479,0.4766293466091156
30480,0.47265759110450745
30481,0.3786809742450714
30482,0.36345094442367554
30483,0.34436851739883423
30484,0.3027816116809845
30485,0.3914790451526642
30486,0.39017996191978455
30487,0.3376760482788086
30488,0.4439544081687927
30489,-0.020605405792593956
30490,0.4418241083621979
30491,0.35008591413497925
30492,0.32422420382499695
30493,0.27440857887268066
30494,0.259451299905777
30495,0.2994435131549835
30496,0.379423588514328
30497,0.41840118169784546
30498,0.4173647463321686
30499,0.41039156913757324
30500,0.3354693353176117
30501,0.3743373453617096
30502,0.3487398624420166
30503,0.3640643358230591
30504,0.3117944896221161
30505,0.344206303358078
30506,0.33104512095451355
30507,0.2997736632823944
30508,0.2274608612060547
30509,0.22764581441879272
30510,0.24149397015571594
30511,0.28262102603912354
30512,0.33603644371032715
30513,0.42720502614974976
30514,0.4661611318588257
30515,0.4672596752643585
30516,0.39739280939102173
30517,0.3323683440685272
30518,0.27208375930786133
30519,0.26366862654685974
30520,0.31641918420791626
30521,0.4216136336326599
30522,0.4089231491088867
30523,0.25968390703201294
30524,0.28282850980758667
30525,0.34898650646209717
30526,0.35036513209342957
30527,0.2993674874305725
30528,0.2960567772388458
30529,0.24322600662708282
30530,0.2244030088186264
30531,0.28500106930732727
30532,0.2981029152870178
30533,0.3155819773674011
30534,0.33056753873825073
30535,0.27206951379776
30536,0.326574444770813
30537,0.3723258972167969
30538,0.36199426651000977
30539,0.39119598269462585
30540,0.42493167519569397
30541,0.35155338048934937
30542,0.3498384952545166
30543,0.42253899574279785
30544,0.3983554244041443
30545,0.35219094157218933
30546,0.3141712546348572
30547,0.328146755695343
30548,0.33014070987701416
30549,0.3266102075576782
30550,0.42158669233322144
30551,0.43090948462486267
30552,0.4018963873386383
30553,0.39211970567703247
30554,0.387481153011322
30555,0.3663119673728943
30556,0.3663119673728943
30557,0.36640504002571106
30558,0.33629125356674194
30559,0.37367910146713257
30560,0.3816535174846649
30561,0.33917248249053955
30562,0.3437788784503937
30563,0.4123944044113159
30564,0.35022613406181335
30565,0.4047303795814514
30566,0.3790256083011627
30567,0.3495796322822571
30568,0.350685715675354
30569,0.35238760709762573
30570,0.2678702175617218
30571,0.25671860575675964
30572,0.3145809471607208
30573,0.33405977487564087
30574,0.33424875140190125
30575,0.33363068103790283
30576,0.35833102464675903
30577,0.33962249755859375
30578,0.32849812507629395
30579,0.29420655965805054
30580,0.27379417419433594
30581,0.28644970059394836
30582,0.31185203790664673
30583,0.36471283435821533
30584,0.35007327795028687
30585,0.3592030704021454
30586,0.332992821931839
30587,0.3193604350090027
30588,0.3353293240070343
30589,0.3001243472099304
30590,0.23131519556045532
30591,0.27336612343788147
30592,0.2615744471549988
30593,0.2634303867816925
30594,0.2670200765132904
30595,0.30551472306251526
30596,0.29477745294570923
30597,0.2900555729866028
30598,0.24007545411586761
30599,0.2131788283586502
30600,0.2751038670539856
30601,0.2563296854496002
30602,0.2886861264705658
30603,0.3170946538448334
30604,0.29692575335502625
30605,0.30370625853538513
30606,0.35401153564453125
30607,0.33553338050842285
30608,0.3000360429286957
30609,0.3377822935581207
30610,0.3347023129463196
30611,0.37065398693084717
30612,0.31212425231933594
30613,0.30929991602897644
30614,0.3288132846355438
30615,0.3189300298690796
30616,0.3156518042087555
30617,0.3106798231601715
30618,0.32326290011405945
30619,0.3554515838623047
30620,0.41415655612945557
30621,0.4213976263999939
30622,0.4040990173816681
30623,0.3886297047138214
30624,0.38295257091522217
30625,0.3455749750137329
30626,0.3522361218929291
30627,0.4115128517150879
30628,0.43798932433128357
30629,0.45015403628349304
30630,0.39884158968925476
30631,0.3976043462753296
30632,0.35983264446258545
30633,0.29741543531417847
30634,0.3742104172706604
30635,0.42449623346328735
30636,0.35008931159973145
30637,0.3393044173717499
30638,0.25561174750328064
30639,0.3460848331451416
30640,0.2951854467391968
30641,0.34717825055122375
30642,0.3372100293636322
30643,0.3626052439212799
30644,0.3662392497062683
30645,0.3164830803871155
30646,0.38289350271224976
30647,0.3648535907268524
30648,0.36265960335731506
30649,0.3609149158000946
30650,0.3056109845638275
30651,0.2965797781944275
30652,0.3183005452156067
30653,0.2548519968986511
30654,0.2729439437389374
30655,0.2533382773399353
30656,0.25876426696777344
30657,0.2288147360086441
30658,0.26184597611427307
30659,0.5849040150642395
30660,0.442756712436676
30661,0.7508360743522644
30662,0.7710736989974976
30663,0.7333787679672241
30664,0.6051156520843506
30665,0.7044069170951843
30666,0.6665813326835632
30667,0.7358280420303345
30668,0.6699529886245728
30669,0.8089384436607361
30670,0.7925580143928528
30671,0.7424233555793762
30672,0.741525411605835
30673,0.3485618233680725
30674,0.26332297921180725
30675,0.5131469964981079
30676,0.5952507853507996
30677,0.506228506565094
30678,0.7751643061637878
30679,0.6624525189399719
30680,0.7163032293319702
30681,0.5464758276939392
30682,0.5666293501853943
30683,0.46117255091667175
30684,0.6277440190315247
30685,0.36327096819877625
30686,0.4652402997016907
30687,0.35509955883026123
30688,0.5499020218849182
30689,0.4597010612487793
30690,0.3409850299358368
30691,0.26291027665138245
30692,0.3440239727497101
30693,0.3440239727497101
30694,0.45155200362205505
30695,0.3158928155899048
30696,0.5905048847198486
30697,0.643595278263092
30698,0.5081289410591125
30699,0.5357489585876465
30700,0.5873796343803406
30701,0.6973230838775635
30702,0.6203433275222778
30703,0.6432006359100342
30704,0.3473725914955139
30705,0.2999858260154724
30706,0.29960867762565613
30707,-0.03395097330212593
30708,-0.03508603200316429
30709,-0.03445428982377052
30710,-0.03190521150827408
30711,-0.03227715194225311
30712,-0.03225403651595116
30713,-0.03138691931962967
30714,-0.03197619318962097
30715,0.44012191891670227
30716,0.4265446066856384
30717,0.5045539736747742
30718,0.44679737091064453
30719,0.32512903213500977
30720,0.3682701885700226
30721,0.2846817970275879
30722,0.4586850702762604
30723,0.3834226727485657
30724,0.29420188069343567
30725,0.4703005850315094
30726,0.40628936886787415
30727,0.5662877559661865
30728,0.7144190669059753
30729,0.7742606997489929
30730,0.48612603545188904
30731,0.642707884311676
30732,0.7166943550109863
30733,0.6999651789665222
30734,0.7035525441169739
30735,0.4870055317878723
30736,-0.033006444573402405
30737,-0.03148702532052994
30738,-0.03311717137694359
30739,-0.03347112983465195
30740,-0.032919991761446
30741,0.2551632821559906
30742,0.25686290860176086
30743,0.4602038264274597
30744,0.5042271018028259
30745,0.3364591896533966
30746,0.33460527658462524
30747,0.4908217787742615
30748,0.3862026631832123
30749,-0.033818937838077545
30750,0.33956047892570496
30751,0.33242067694664
30752,0.25313490629196167
30753,0.39147722721099854
30754,0.40519383549690247
30755,0.41581419110298157
30756,0.6044176816940308
30757,0.5242592096328735
30758,0.4900229573249817
30759,0.2989558279514313
30760,-0.012867731973528862
30761,0.30698904395103455
30762,-0.03396809473633766
30763,-0.033052243292331696
30764,0.3533652126789093
30765,-0.03306111693382263
30766,0.19840514659881592
30767,0.31824275851249695
30768,0.26249727606773376
30769,0.3383931815624237
30770,0.2827909588813782
30771,0.40289413928985596
30772,0.39360761642456055
30773,0.271416574716568
30774,0.2516319453716278
30775,0.2938505709171295
30776,-0.033939819782972336
30777,0.3801307678222656
30778,0.2482476383447647
30779,0.17539189755916595
30780,0.22161927819252014
30781,-0.033849939703941345
30782,0.6894689202308655
30783,0.6057513952255249
30784,0.546296238899231
30785,0.4610683023929596
30786,0.28739088773727417
30787,-0.017617855221033096
30788,-0.014493204653263092
30789,-0.021735472604632378
30790,-0.01583530195057392
30791,-0.015368572436273098
30792,-0.03229135274887085
30793,7.495345926145092e-05
30794,-0.00033873628126457334
30795,-0.004158449824899435
30796,0.6741881370544434
30797,0.6543965339660645
30798,0.2244400829076767
30799,-0.03446502238512039
30800,-0.034703392535448074
30801,-0.03653696924448013
30802,0.34773918986320496
30803,0.3445199429988861
30804,0.24179820716381073
30805,0.5642228126525879
30806,0.41952645778656006
30807,0.32069912552833557
30808,0.30979883670806885
30809,0.5041593909263611
30810,0.3231962025165558
30811,0.19621913135051727
30812,-0.03140721470117569
30813,-0.031231055036187172
30814,-0.03172976151108742
30815,-0.03152972087264061
30816,-0.03234568238258362
30817,0.4694136381149292
30818,-0.030154909938573837
30819,-0.03073793090879917
30820,-0.030978936702013016
30821,0.4778154194355011
30822,0.43394678831100464
30823,0.4328848421573639
30824,0.32394173741340637
30825,0.43457797169685364
30826,0.31540200114250183
30827,0.45954254269599915
30828,0.37702256441116333
30829,0.3440755307674408
30830,0.5908722281455994
30831,0.4344438314437866
30832,0.6840158104896545
30833,0.7057632803916931
30834,0.2707388401031494
30835,0.11692877113819122
30836,0.19442978501319885
30837,0.38417455554008484
30838,0.40519118309020996
30839,0.31433457136154175
30840,0.2580159604549408
30841,0.251733660697937
30842,0.3424285352230072
30843,0.2670273184776306
30844,-0.03446833789348602
30845,-0.03399639204144478
30846,-0.03449704125523567
30847,-0.033761244267225266
30848,0.38184064626693726
30849,0.5653928518295288
30850,0.28670454025268555
30851,-0.029477860778570175
30852,-0.034143347293138504
30853,0.21251265704631805
30854,0.19614934921264648
30855,0.45270484685897827
30856,0.32790181040763855
30857,0.2898845076560974
30858,-0.033646102994680405
30859,-0.035763710737228394
30860,-0.036174699664115906
30861,-0.03169585019350052
30862,-0.0320599228143692
30863,-0.03217471018433571
30864,-0.03440609574317932
30865,-0.03442371264100075
30866,-0.035251133143901825
30867,-0.03608183562755585
30868,0.5055721402168274
30869,-0.034958116710186005
30870,-0.035415034741163254
30871,-0.037130121141672134
30872,-0.03734149411320686
30873,-0.037454281002283096
30874,-0.036362722516059875
30875,0.6919407844543457
30876,0.5374255776405334
30877,0.4706305265426636
30878,0.49676385521888733
30879,0.48285821080207825
30880,0.490061491727829
30881,0.4882543683052063
30882,0.49268749356269836
30883,0.4693145751953125
30884,0.5248599648475647
30885,-0.0358734205365181
30886,0.5230324864387512
30887,-0.03630371391773224
30888,0.5751940608024597
30889,0.5629591941833496
30890,-0.036488402634859085
30891,-0.036372456699609756
30892,0.5364617705345154
30893,0.43049687147140503
30894,0.43321725726127625
30895,-0.036809492856264114
30896,0.6807708144187927
30897,0.6619446277618408
30898,0.6318875551223755
30899,0.6603743433952332
30900,0.4392673075199127
30901,0.5579250454902649
30902,-0.03468368574976921
30903,0.7013081312179565
30904,0.6606667041778564
30905,0.567080020904541
30906,0.3125463128089905
30907,0.5751305222511292
30908,0.5122440457344055
30909,0.7000833749771118
30910,0.6842271089553833
30911,0.70857834815979
30912,-0.033445436507463455
30913,0.3780449628829956
30914,0.3343733251094818
30915,0.47152289748191833
30916,0.207855224609375
30917,0.2408183068037033
30918,0.2778676450252533
30919,0.22550733387470245
30920,0.27805906534194946
30921,0.40816086530685425
30922,0.33104074001312256
30923,0.22462719678878784
30924,0.257315993309021
30925,0.34527406096458435
30926,0.4489974081516266
30927,0.4170041084289551
30928,0.22761346399784088
30929,0.3542945086956024
30930,0.31892478466033936
30931,0.3509112000465393
30932,0.37064844369888306
30933,0.416946679353714
30934,0.33063066005706787
30935,0.2692064940929413
30936,0.5250970125198364
30937,0.32223111391067505
30938,-0.017636090517044067
30939,0.4361373782157898
30940,0.6653750538825989
30941,0.7046882510185242
30942,0.4821278750896454
30943,0.27755850553512573
30944,0.27003997564315796
30945,0.3573460280895233
30946,0.37226974964141846
30947,0.30210572481155396
30948,0.30399689078330994
30949,0.2655852138996124
30950,-0.03016378916800022
30951,-0.03492162376642227
30952,-0.030577586963772774
30953,-0.03563355654478073
30954,-0.025209492072463036
30955,-0.02405661717057228
30956,-0.023949408903717995
30957,-0.025072675198316574
30958,-0.025602160021662712
30959,-0.018877746537327766
30960,0.13757053017616272
30961,0.1911638379096985
30962,0.32329726219177246
30963,0.36371174454689026
30964,-0.0195936132222414
30965,-0.02414843998849392
30966,-0.03152130916714668
30967,-0.03320355713367462
30968,0.6027923226356506
30969,0.4238916039466858
30970,-0.031206464394927025
30971,-0.03159424662590027
30972,0.5961557030677795
30973,0.45472291111946106
30974,0.6185843348503113
30975,0.6231089234352112
30976,0.6455926895141602
30977,-0.022542312741279602
30978,-0.019137399271130562
30979,-0.011457446031272411
30980,0.08668223768472672
30981,0.5662677884101868
30982,0.47344282269477844
30983,0.5687558650970459
30984,0.2661133110523224
30985,0.3683951795101166
30986,-0.03519809991121292
30987,0.5535818934440613
30988,0.5819607377052307
30989,0.6480820178985596
30990,0.3527875542640686
30991,0.4324750602245331
30992,0.4350547790527344
30993,0.3723984956741333
30994,0.36434856057167053
30995,0.301851361989975
30996,0.3830430209636688
30997,0.4323383867740631
30998,0.6881632208824158
30999,-0.03544441983103752
31000,0.18871645629405975
31001,0.17053580284118652
31002,0.252809077501297
31003,0.5669568181037903
31004,0.2462230622768402
31005,0.35075870156288147
31006,0.18491137027740479
31007,0.4979635179042816
31008,0.45814284682273865
31009,0.1656462848186493
31010,0.628297746181488
31011,0.6466896533966064
31012,0.6929654479026794
31013,-0.036104097962379456
31014,-0.036034706979990005
31015,0.4841410517692566
31016,0.3893459737300873
31017,0.5876708626747131
31018,0.3105935752391815
31019,0.49803322553634644
31020,0.28546783328056335
31021,0.20755335688591003
31022,0.2888168692588806
31023,0.284329891204834
31024,0.2994024157524109
31025,0.280833899974823
31026,0.26765361428260803
31027,0.2853412628173828
31028,0.3194093704223633
31029,0.2211364358663559
31030,0.2166847437620163
31031,0.2305372655391693
31032,0.37408119440078735
31033,0.24411579966545105
31034,0.30219900608062744
31035,0.287274569272995
31036,0.3816606104373932
31037,0.3306746780872345
31038,0.2823566198348999
31039,0.303479939699173
31040,0.37018102407455444
31041,0.4368664622306824
31042,0.41078615188598633
31043,0.47479718923568726
31044,0.5503872632980347
31045,0.3904147148132324
31046,0.3868761658668518
31047,0.24789221584796906
31048,0.3119640648365021
31049,0.2590065896511078
31050,0.3304915726184845
31051,0.39262574911117554
31052,0.3630496859550476
31053,0.2937092185020447
31054,0.12163138389587402
31055,0.4702887535095215
31056,0.4348400831222534
31057,0.5193896889686584
31058,0.22948770225048065
31059,0.30752745270729065
31060,0.28397735953330994
31061,0.23299165070056915
31062,0.4330449402332306
31063,0.18465718626976013
31064,0.2094709426164627
31065,0.41275283694267273
31066,0.3817116618156433
31067,0.27505820989608765
31068,0.2582990825176239
31069,0.34988024830818176
31070,0.2757944166660309
31071,0.5248196721076965
31072,0.24446842074394226
31073,0.23894232511520386
31074,0.21025662124156952
31075,0.175843745470047
31076,0.21745972335338593
31077,0.3803529739379883
31078,0.37671029567718506
31079,0.209170401096344
31080,0.21953190863132477
31081,0.1633506566286087
31082,-0.014049104414880276
31083,-0.012452543713152409
31084,-0.010422731749713421
31085,-0.014484955929219723
31086,-0.010364838875830173
31087,-0.012027028948068619
31088,-0.01727721467614174
31089,0.16461364924907684
31090,0.162131205201149
31091,0.17789258062839508
31092,0.2531709671020508
31093,0.2317465990781784
31094,0.1939491629600525
31095,0.1608445644378662
31096,0.22714722156524658
31097,0.2449769377708435
31098,0.2811814844608307
31099,0.25319525599479675
31100,0.24407248198986053
31101,0.2878704071044922
31102,0.26516902446746826
31103,-0.033864278346300125
31104,0.21774454414844513
31105,0.16861888766288757
31106,0.3200204074382782
31107,0.19992941617965698
31108,0.10266062617301941
31109,0.1429671198129654
31110,0.6108576059341431
31111,0.16474564373493195
31112,0.17578446865081787
31113,0.1974451094865799
31114,0.20703551173210144
31115,0.17610172927379608
31116,0.1809643656015396
31117,0.1455545872449875
31118,0.11189207434654236
31119,0.13105103373527527
31120,0.2810221016407013
31121,0.16328589618206024
31122,0.12914913892745972
31123,0.1565569043159485
31124,0.130599707365036
31125,0.14549462497234344
31126,0.1619642674922943
31127,0.2866869866847992
31128,0.320477157831192
31129,0.16163034737110138
31130,0.16726699471473694
31131,0.23647770285606384
31132,0.2635578513145447
31133,0.1473362296819687
31134,0.1250040978193283
31135,0.17055337131023407
31136,0.1572873741388321
31137,0.13577969372272491
31138,0.1522027999162674
31139,0.16191519796848297
31140,0.15567855536937714
31141,0.15958604216575623
31142,0.14328429102897644
31143,0.1409217268228531
31144,0.1675175428390503
31145,0.1508883386850357
31146,0.1944136619567871
31147,0.16957437992095947
31148,0.1443757712841034
31149,0.14876504242420197
31150,0.17144763469696045
31151,0.14654867351055145
31152,0.14504854381084442
31153,0.1493915319442749
31154,0.15544529259204865
31155,0.16298069059848785
31156,0.1595052033662796
31157,0.15948377549648285
31158,0.12067503482103348
31159,0.17178526520729065
31160,0.25304290652275085
31161,0.2256384938955307
31162,0.3314167559146881
31163,0.3465769588947296
31164,0.2606145441532135
31165,0.43040961027145386
31166,0.31220367550849915
31167,0.2329515963792801
31168,0.21942539513111115
31169,0.2764512300491333
31170,0.20748992264270782
31171,0.29651153087615967
31172,0.21839851140975952
31173,0.39618679881095886
31174,0.4307927191257477
31175,0.334513783454895
31176,0.3608992397785187
31177,-0.03408265858888626
31178,0.48864108324050903
31179,0.41175031661987305
31180,0.3203152120113373
31181,-0.034319449216127396
31182,0.6558736562728882
31183,0.38002830743789673
31184,0.28961464762687683
31185,0.3339935541152954
31186,0.40564072132110596
31187,0.3262580633163452
31188,0.38951098918914795
31189,0.442037433385849
31190,0.7313939929008484
31191,0.46936994791030884
31192,0.20862030982971191
31193,0.5126088261604309
31194,-0.03405114635825157
31195,0.7664903998374939
31196,0.7307887077331543
31197,0.7139946222305298
31198,0.6660758256912231
31199,0.5642974376678467
31200,0.4995824098587036
31201,0.49335145950317383
31202,0.4617713987827301
31203,-0.034223489463329315
31204,-0.012163481675088406
31205,0.6575531959533691
31206,0.17375369369983673
31207,0.14710627496242523
31208,0.18832777440547943
31209,0.16174563765525818
31210,0.26056429743766785
31211,0.13760903477668762
31212,0.17085516452789307
31213,0.2233203500509262
31214,0.1243358850479126
31215,0.1929609328508377
31216,0.13781367242336273
31217,0.12045520544052124
31218,0.15985772013664246
31219,0.19393473863601685
31220,0.17118507623672485
31221,0.15762461721897125
31222,0.16238529980182648
31223,0.1484251320362091
31224,0.1732942759990692
31225,0.16880397498607635
31226,0.11601220071315765
31227,0.22743800282478333
31228,0.14084410667419434
31229,0.4854585528373718
31230,-0.035724937915802
31231,-0.035015080124139786
31232,0.43093743920326233
31233,0.7351601123809814
31234,0.7281151413917542
31235,0.4483848810195923
31236,0.478071928024292
31237,0.6022360920906067
31238,0.357021301984787
31239,0.5322743058204651
31240,0.5223084092140198
31241,0.5369171500205994
31242,-0.03449998050928116
31243,0.48417672514915466
31244,-0.03395529091358185
31245,-0.03280564397573471
31246,-0.03171427175402641
31247,-0.03178449347615242
31248,-0.03510662913322449
31249,-0.03490478917956352
31250,-0.03442439064383507
31251,-0.03414730727672577
31252,-0.033911287784576416
31253,-0.03052234649658203
31254,-0.029896419495344162
31255,-0.02999284863471985
31256,-0.030654750764369965
31257,-0.03032085672020912
31258,-0.030597107484936714
31259,-0.02988334372639656
31260,-0.030097417533397675
31261,-0.03062082827091217
31262,-0.030766934156417847
31263,-0.031212199479341507
31264,-0.03134120628237724
31265,-0.031041452661156654
31266,-0.030836092308163643
31267,-0.03088177554309368
31268,-0.031101204454898834
31269,-0.030752185732126236
31270,-0.03096921555697918
31271,-0.03177286311984062
31272,-0.03158573433756828
31273,-0.03060533106327057
31274,-0.030285827815532684
31275,-0.03053375706076622
31276,-0.0308449175208807
31277,-0.03135272487998009
31278,-0.03118506446480751
31279,-0.031394001096487045
31280,-0.03024483099579811
31281,-0.029139036312699318
31282,-0.03004428558051586
31283,-0.03076033666729927
31284,-0.029802866280078888
31285,-0.03050342947244644
31286,-0.031515706330537796
31287,-0.03266260027885437
31288,-0.03238576650619507
31289,-0.03123958595097065
31290,-0.03051198087632656
31291,-0.029849424958229065
31292,-0.030522679910063744
31293,-0.030491827055811882
31294,-0.029989099130034447
31295,-0.030256099998950958
31296,-0.0304491575807333
31297,-0.031010687351226807
31298,-0.031222112476825714
31299,-0.030555855482816696
31300,-0.031300779432058334
31301,-0.029890267178416252
31302,-0.030533691868185997
31303,-0.030092116445302963
31304,-0.03007460944354534
31305,-0.03029748797416687
31306,-0.030455732718110085
31307,-0.030827678740024567
31308,-0.030331728979945183
31309,-0.031762417405843735
31310,-0.030770692974328995
31311,-0.029779257252812386
31312,-0.03022776171565056
31313,-0.030656062066555023
31314,-0.03048161417245865
31315,-0.02895166538655758
31316,-0.03106551058590412
31317,-0.0288479533046484
31318,-0.030744971707463264
31319,-0.03073352389037609
31320,-0.031353145837783813
31321,-0.03012542799115181
31322,-0.02968313917517662
31323,-0.03049391508102417
31324,-0.03010358102619648
31325,-0.03132341802120209
31326,-0.031213773414492607
31327,-0.031174415722489357
31328,-0.03197533264756203
31329,-0.031902145594358444
31330,-0.03158493712544441
31331,-0.031399283558130264
31332,-0.030660076066851616
31333,-0.030134011059999466
31334,-0.030553588643670082
31335,-0.03125370293855667
31336,-0.03059590607881546
31337,-0.03118624910712242
31338,-0.03243745490908623
31339,-0.03230497986078262
31340,-0.03265577182173729
31341,-0.03412911668419838
31342,-0.033831655979156494
31343,-0.03316066041588783
31344,-0.03389113396406174
31345,-0.03428607061505318
31346,0.4166673421859741
31347,0.5909283757209778
31348,0.47200316190719604
31349,-0.03423174470663071
31350,-0.034513894468545914
31351,-0.03439794480800629
31352,-0.034294381737709045
31353,-0.03439641743898392
31354,-0.034318238496780396
31355,-0.03397108614444733
31356,-0.03485088050365448
31357,-0.034400247037410736
31358,-0.03497852012515068
31359,-0.035664476454257965
31360,-0.034762024879455566
31361,-0.03444794565439224
31362,0.6547948122024536
31363,0.6459270119667053
31364,0.5525531768798828
31365,0.5148871541023254
31366,0.461529940366745
31367,0.44706177711486816
31368,0.4593253433704376
31369,0.4959299564361572
31370,-0.03570312634110451
31371,-0.036023128777742386
31372,-0.03584412485361099
31373,-0.036225780844688416
31374,-0.03635755926370621
31375,-0.03612929582595825
31376,-0.03619535267353058
31377,-0.036360204219818115
31378,-0.036314334720373154
31379,-0.03682662919163704
31380,0.3379606008529663
31381,-0.037342142313718796
31382,-0.03615503013134003
31383,0.40160661935806274
31384,-0.03570765629410744
31385,-0.0359736904501915
31386,-0.03578471764922142
31387,0.3934875726699829
31388,-0.03574593365192413
31389,-0.03587343543767929
31390,-0.03619765490293503
31391,-0.035899341106414795
31392,-0.03578557074069977
31393,-0.035996973514556885
31394,-0.0360134020447731
31395,-0.0359526090323925
31396,-0.03618661314249039
31397,-0.036057714372873306
31398,0.5297526717185974
31399,0.5272217392921448
31400,0.6080225110054016
31401,0.6677765846252441
31402,0.6845108270645142
31403,0.5574973225593567
31404,-0.03483356907963753
31405,0.6184790134429932
31406,-0.03558856621384621
31407,-0.03496159240603447
31408,-0.035054124891757965
31409,0.5724630951881409
31410,0.40245452523231506
31411,0.6420336365699768
31412,0.4843679666519165
31413,-0.035125333815813065
31414,-0.03504667431116104
31415,-0.03521055728197098
31416,-0.03474821150302887
31417,-0.03556501492857933
31418,-0.03513007238507271
31419,0.4672783613204956
31420,0.5259585976600647
31421,0.5028244853019714
31422,0.5404523611068726
31423,-0.034783024340867996
31424,-0.03437111899256706
31425,-0.033541832119226456
31426,-0.03465410694479942
31427,-0.03441696614027023
31428,-0.034392450004816055
31429,-0.03529733046889305
31430,-0.03470729663968086
31431,-0.03491799533367157
31432,-0.03523227572441101
31433,-0.03556003421545029
31434,-0.0351882129907608
31435,-0.03661378473043442
31436,-0.03577215224504471
31437,-0.0367409884929657
31438,0.5375765562057495
31439,-0.03696069493889809
31440,-0.03687654808163643
31441,-0.036586008965969086
31442,0.477800577878952
31443,-0.03696873039007187
31444,0.4536808133125305
31445,-0.037167176604270935
31446,-0.03703632578253746
31447,-0.036392536014318466
31448,-0.03725654259324074
31449,-0.036079805344343185
31450,-0.036178674548864365
31451,0.472862184047699
31452,0.5807545781135559
31453,0.5209296941757202
31454,0.5081774592399597
31455,0.5032484531402588
31456,0.5388928651809692
31457,0.5272724628448486
31458,0.4935557246208191
31459,0.4913942813873291
31460,0.5395556092262268
31461,0.49389970302581787
31462,0.5158942341804504
31463,0.5380601286888123
31464,0.49854838848114014
31465,0.4682813882827759
31466,0.4512089490890503
31467,0.4266276955604553
31468,0.4086379110813141
31469,0.4292815327644348
31470,0.47694411873817444
31471,-0.034016530960798264
31472,-0.0342521145939827
31473,-0.034339260309934616
31474,0.45568305253982544
31475,-0.03433404862880707
31476,-0.03436465561389923
31477,-0.03480462357401848
31478,-0.03496135026216507
31479,-0.03508028760552406
31480,-0.03506743907928467
31481,-0.035368554294109344
31482,0.43871715664863586
31483,0.4424772560596466
31484,0.4159236550331116
31485,0.449260413646698
31486,-0.03611331060528755
31487,-0.03625259920954704
31488,-0.03648993745446205
31489,-0.036811307072639465
31490,-0.036683619022369385
31491,-0.036133166402578354
31492,-0.03581925854086876
31493,-0.0355931855738163
31494,-0.035459913313388824
31495,-0.035861510783433914
31496,-0.03667468577623367
31497,-0.03659021854400635
31498,-0.03674900531768799
31499,0.5054919123649597
31500,-0.03658458963036537
31501,-0.03657139092683792
31502,0.5687310695648193
31503,0.5562973618507385
31504,0.3532141447067261
31505,0.5112165808677673
31506,0.36905378103256226
31507,0.44681257009506226
31508,0.4300481379032135
31509,0.5584933757781982
31510,0.7089248895645142
31511,0.7060433030128479
31512,0.6713201999664307
31513,0.6605086326599121
31514,0.5985971093177795
31515,0.4447515904903412
31516,0.5461949706077576
31517,0.5293837785720825
31518,0.5268359184265137
31519,0.5796854496002197
31520,0.5996118187904358
31521,0.6768022179603577
31522,0.6257654428482056
31523,0.612055242061615
31524,0.6509603261947632
31525,0.7102004289627075
31526,0.5231078863143921
31527,0.6486449241638184
31528,0.6198306679725647
31529,0.7990511655807495
31530,0.8198519945144653
31531,0.580664336681366
31532,0.5343313813209534
31533,0.6148070096969604
31534,0.4914702773094177
31535,0.6508511900901794
31536,0.4907724857330322
31537,0.5101822018623352
31538,0.5524842739105225
31539,0.6781391501426697
31540,0.44015294313430786
31541,0.709726870059967
31542,0.6758008599281311
31543,0.7228939533233643
31544,0.7004650831222534
31545,0.5662388205528259
31546,0.6141788363456726
31547,0.6581093072891235
31548,0.668328046798706
31549,0.599856972694397
31550,0.652198076248169
31551,0.6126875281333923
31552,0.6110472083091736
31553,0.6799328327178955
31554,-0.03239559009671211
31555,-0.031991131603717804
31556,-0.032212913036346436
31557,-0.03194400668144226
31558,-0.03631063178181648
31559,0.6345745921134949
31560,0.6777635216712952
31561,0.7299702763557434
31562,0.7235988974571228
31563,0.7177203297615051
31564,0.6220363974571228
31565,0.6135734915733337
31566,0.5799039602279663
31567,-0.03653198108077049
31568,0.5150079131126404
31569,0.5035521984100342
31570,0.5014660358428955
31571,0.5277149081230164
31572,0.44917428493499756
31573,0.4837365448474884
31574,0.5422647595405579
31575,0.4754554033279419
31576,0.4927934408187866
31577,-0.03571595996618271
31578,0.4290785491466522
31579,0.4927668571472168
31580,0.5008721947669983
31581,0.518556535243988
31582,-0.03506600111722946
31583,-0.03521396219730377
31584,-0.035118408501148224
31585,-0.034760504961013794
31586,0.38347509503364563
31587,-0.034240107983350754
31588,-0.03588646650314331
31589,-0.036349039524793625
31590,-0.035071421414613724
31591,-0.036773838102817535
31592,0.4751095175743103
31593,0.46553531289100647
31594,0.5009642243385315
31595,0.5061934590339661
31596,0.49146535992622375
31597,0.4964236617088318
31598,0.4761170744895935
31599,0.4952904284000397
31600,0.5039638876914978
31601,0.48417624831199646
31602,0.4624900221824646
31603,0.3912133574485779
31604,-0.03610190376639366
31605,0.6992780566215515
31606,0.5030447244644165
31607,-0.03415510803461075
31608,0.4341323673725128
31609,0.4044976532459259
31610,0.43059149384498596
31611,0.44151771068573
31612,0.5819607377052307
31613,-0.036571159958839417
31614,-0.0365837961435318
31615,-0.036737289279699326
31616,-0.03680502623319626
31617,0.37820273637771606
31618,0.3690994679927826
31619,0.3829507529735565
31620,-0.03606756404042244
31621,0.44846317172050476
31622,0.485820472240448
31623,-0.03592737764120102
31624,-0.03637472167611122
31625,-0.036922238767147064
31626,-0.036813996732234955
31627,0.41967326402664185
31628,-0.03676871210336685
31629,-0.03613223508000374
31630,0.4435431659221649
31631,0.5300036072731018
31632,0.49478960037231445
31633,-0.03610459715127945
31634,-0.035524219274520874
31635,-0.035740457475185394
31636,-0.03582959994673729
31637,-0.03508169949054718
31638,-0.03420889005064964
31639,-0.03462781012058258
31640,-0.03401573374867439
31641,-0.03447900339961052
31642,0.5429933071136475
31643,0.6561253666877747
31644,-0.03694729134440422
31645,-0.03624053671956062
31646,-0.03585328906774521
31647,0.4574437439441681
31648,0.4221215844154358
31649,0.3860148787498474
31650,0.40230342745780945
31651,0.40081530809402466
31652,0.4045695662498474
31653,0.4516812860965729
31654,0.4295753240585327
31655,0.40197810530662537
31656,0.4000679552555084
31657,0.41839635372161865
31658,0.4786226749420166
31659,0.4383471608161926
31660,0.5014137029647827
31661,-0.03587815538048744
31662,-0.0358918122947216
31663,0.49903905391693115
31664,0.44409340620040894
31665,-0.03596071898937225
31666,0.5401167273521423
31667,0.5097814798355103
31668,0.3921014666557312
31669,0.37218111753463745
31670,0.33913788199424744
31671,0.48489558696746826
31672,0.4774056077003479
31673,0.48124417662620544
31674,0.46382319927215576
31675,0.4285145103931427
31676,0.36555176973342896
31677,0.3979460597038269
31678,0.4341065287590027
31679,0.4387623071670532
31680,0.4443771541118622
31681,0.4465523362159729
31682,0.41984909772872925
31683,0.45250189304351807
31684,0.43970248103141785
31685,0.4397231340408325
31686,0.4083743691444397
31687,0.40695998072624207
31688,0.4411502182483673
31689,0.4625275731086731
31690,0.44171860814094543
31691,0.49086493253707886
31692,0.4634857177734375
31693,0.536130964756012
31694,0.48853668570518494
31695,0.5467981100082397
31696,0.5295978784561157
31697,0.4979025423526764
31698,0.535015881061554
31699,0.5902814865112305
31700,0.49111074209213257
31701,0.4793809950351715
31702,0.5207656025886536
31703,0.3883967101573944
31704,0.6309221982955933
31705,0.6668329238891602
31706,0.6060871481895447
31707,0.5097231864929199
31708,0.5609135031700134
31709,0.5021089911460876
31710,0.5305526852607727
31711,0.5843061804771423
31712,0.5517573952674866
31713,0.5626946687698364
31714,0.6402679085731506
31715,0.5512421131134033
31716,0.601646900177002
31717,0.6332984566688538
31718,0.6433121562004089
31719,0.660726010799408
31720,0.5971297025680542
31721,0.6419203281402588
31722,0.5585950613021851
31723,0.5462246537208557
31724,0.6317425966262817
31725,0.5999996066093445
31726,0.6324854493141174
31727,0.5507590174674988
31728,0.686525821685791
31729,0.6637319922447205
31730,0.6777416467666626
31731,0.5681224465370178
31732,0.6325690746307373
31733,0.6675093770027161
31734,0.5919206738471985
31735,0.5487821698188782
31736,0.5655271410942078
31737,0.5279706120491028
31738,0.434138685464859
31739,-0.035410523414611816
31740,-0.03582886978983879
31741,0.5523021221160889
31742,0.379690945148468
31743,-0.035379860550165176
31744,0.3246540129184723
31745,-0.034792929887771606
31746,-0.034906480461359024
31747,0.27348044514656067
31748,0.29572245478630066
31749,-0.03558574244379997
31750,0.3218803405761719
31751,-0.03587988018989563
31752,-0.036646366119384766
31753,0.5896632671356201
31754,-0.03607349842786789
31755,0.5990014672279358
31756,-0.03616008535027504
31757,-0.0363861545920372
31758,0.6775718927383423
31759,0.6781212091445923
31760,0.6900824308395386
31761,0.7075848579406738
31762,0.625229001045227
31763,0.675839364528656
31764,0.6516866087913513
31765,0.648762583732605
31766,0.652493953704834
31767,0.747104823589325
31768,0.7664009928703308
31769,0.501570999622345
31770,-0.035727065056562424
31771,0.38606956601142883
31772,0.40787234902381897
31773,-0.03517351299524307
31774,0.4373016357421875
31775,0.3812820613384247
31776,0.4113426208496094
31777,0.36548125743865967
31778,0.3383258581161499
31779,0.3748897314071655
31780,0.358235627412796
31781,0.35313883423805237
31782,0.35324758291244507
31783,0.33968469500541687
31784,0.31136444211006165
31785,0.47312045097351074
31786,0.45070865750312805
31787,0.5020685195922852
31788,0.3944467008113861
31789,0.3827684819698334
31790,0.39344871044158936
31791,0.38669776916503906
31792,0.3852607011795044
31793,0.36292633414268494
31794,0.3517114222049713
31795,0.3708982765674591
31796,0.3528437316417694
31797,0.3455975651741028
31798,0.30972182750701904
31799,0.2918369770050049
31800,0.3320113718509674
31801,0.3284724950790405
31802,0.35612139105796814
31803,0.33263614773750305
31804,0.30776074528694153
31805,0.30015814304351807
31806,0.28739768266677856
31807,0.2663732171058655
31808,0.14967021346092224
31809,0.1467590630054474
31810,0.12827803194522858
31811,0.1597072184085846
31812,0.1833907514810562
31813,-0.035903200507164
31814,0.28143540024757385
31815,-0.03642559051513672
31816,0.31171852350234985
31817,0.34028732776641846
31818,-0.03608338162302971
31819,0.26886510848999023
31820,0.2838439643383026
31821,0.24570785462856293
31822,0.34921786189079285
31823,0.33180999755859375
31824,0.340321809053421
31825,0.3534904420375824
31826,0.3872402608394623
31827,0.3978555500507355
31828,0.42513415217399597
31829,0.3087756931781769
31830,0.3098262846469879
31831,0.3019993007183075
31832,0.3117195963859558
31833,0.33620864152908325
31834,0.4074593186378479
31835,0.4135723412036896
31836,0.4090564250946045
31837,0.31849464774131775
31838,0.3097350299358368
31839,0.4279891550540924
31840,0.35262635350227356
31841,0.3287799060344696
31842,0.401508092880249
31843,0.337613046169281
31844,0.34295764565467834
31845,0.326053649187088
31846,0.302053302526474
31847,0.4324209988117218
31848,0.36009979248046875
31849,0.3572273254394531
31850,0.3501146733760834
31851,0.32882940769195557
31852,0.30474331974983215
31853,0.2953263521194458
31854,0.29356369376182556
31855,0.3005187213420868
31856,0.37864160537719727
31857,0.4149912893772125
31858,0.36471596360206604
31859,0.428354948759079
31860,0.2854050397872925
31861,0.27433517575263977
31862,0.2742950916290283
31863,0.29555192589759827
31864,0.32135236263275146
31865,0.32784220576286316
31866,0.3328923285007477
31867,0.33583423495292664
31868,0.3603915274143219
31869,0.36835792660713196
31870,0.2996290326118469
31871,0.28414425253868103
31872,0.2937203347682953
31873,0.30293071269989014
31874,0.30226895213127136
31875,0.3054490387439728
31876,0.28907573223114014
31877,0.28907573223114014
31878,0.3156927227973938
31879,0.3526921570301056
31880,0.3265528678894043
31881,0.33384719491004944
31882,0.3120264708995819
31883,0.38792648911476135
31884,0.3436460494995117
31885,0.3128758668899536
31886,0.3536890149116516
31887,0.37632063031196594
31888,0.3629815876483917
31889,0.35304293036460876
31890,0.2679743766784668
31891,0.2823614180088043
31892,0.3296947777271271
31893,0.33191490173339844
31894,0.3489460349082947
31895,0.3402496576309204
31896,0.3498191833496094
31897,0.38102248311042786
31898,0.3310454785823822
31899,0.33035364747047424
31900,0.33267712593078613
31901,0.3210611641407013
31902,0.30817198753356934
31903,0.3233054280281067
31904,0.28895801305770874
31905,0.3191060423851013
31906,0.2880469262599945
31907,0.30186617374420166
31908,0.2893843948841095
31909,0.2774200737476349
31910,0.4003554582595825
31911,-0.002908327616751194
31912,-0.0013284747255966067
31913,-0.01898014359176159
31914,-0.020907433703541756
31915,-0.0216586384922266
31916,0.3687615990638733
31917,0.4627675414085388
31918,0.2551182508468628
31919,0.10288231074810028
31920,0.23799654841423035
31921,0.09912485629320145
31922,-0.024560758844017982
31923,-0.024930717423558235
31924,-0.024645574390888214
31925,-0.024449732154607773
31926,-0.024660134688019753
31927,-0.021307682618498802
31928,-0.020611094310879707
31929,-0.018276624381542206
31930,-0.022115783765912056
31931,-0.020808804780244827
31932,0.3826489746570587
31933,0.41202306747436523
31934,-0.014868006110191345
31935,-0.003815985983237624
31936,-0.00370639911852777
31937,-0.012103928253054619
31938,-0.00876252818852663
31939,0.6525703072547913
31940,0.754043698310852
31941,0.6941276788711548
31942,0.7304048538208008
31943,0.4050605893135071
31944,0.4792298972606659
31945,0.7124736905097961
31946,0.3941689133644104
31947,0.5738396644592285
31948,0.48574525117874146
31949,0.47673583030700684
31950,0.36859047412872314
31951,0.3376825451850891
31952,0.3651549816131592
31953,0.4267139732837677
31954,0.2932780385017395
31955,0.34498336911201477
31956,0.5462396740913391
31957,0.3845826983451843
31958,0.5057769417762756
31959,0.36679312586784363
31960,0.41501328349113464
31961,0.6323103308677673
31962,0.4073200821876526
31963,0.24366073310375214
31964,0.23995210230350494
31965,0.2926853895187378
31966,0.22218401730060577
31967,0.5179007649421692
31968,0.42041605710983276
31969,0.5123074054718018
31970,0.35841104388237
31971,0.3813495934009552
31972,0.348000705242157
31973,0.4011014699935913
31974,0.46338123083114624
31975,0.5265284180641174
31976,0.44911858439445496
31977,0.5058708190917969
31978,0.5573892593383789
31979,0.11923275887966156
31980,0.3103818893432617
31981,0.3777821958065033
31982,0.20708151161670685
31983,0.2996993660926819
31984,0.5365703701972961
31985,0.4669437110424042
31986,0.4668617844581604
31987,0.20300379395484924
31988,0.1922196000814438
31989,0.3985653817653656
31990,0.28900519013404846
31991,0.4216320812702179
31992,0.49239757657051086
31993,0.35525307059288025
31994,0.3860189914703369
31995,0.3346331715583801
31996,0.2577729821205139
31997,0.24544838070869446
31998,0.469388872385025
31999,0.5116032361984253
32000,0.4914790391921997
32001,0.2880823016166687
32002,0.2693963646888733
32003,0.28944292664527893
32004,0.3038885295391083
32005,0.47406452894210815
32006,0.3941265642642975
32007,0.27098870277404785
32008,0.25708529353141785
32009,0.23589740693569183
32010,0.40384751558303833
32011,0.315049946308136
32012,0.24653102457523346
32013,0.29000937938690186
32014,0.4100579023361206
32015,0.3536796271800995
32016,0.2588055729866028
32017,0.2817210853099823
32018,0.2678133249282837
32019,0.43653884530067444
32020,0.3666929006576538
32021,0.44246143102645874
32022,0.38122448325157166
32023,0.46332693099975586
32024,0.4052858352661133
32025,0.32826918363571167
32026,0.440649151802063
32027,0.3929179906845093
32028,0.4913480579853058
32029,0.2617509663105011
32030,0.4517822265625
32031,0.42181137204170227
32032,0.2644869387149811
32033,0.34478676319122314
32034,0.24821215867996216
32035,0.351377934217453
32036,0.31517982482910156
32037,0.3536365330219269
32038,0.2338087260723114
32039,0.2146068960428238
32040,0.34760531783103943
32041,0.4186500012874603
32042,0.34598636627197266
32043,0.4686620533466339
32044,0.32167717814445496
32045,0.23691235482692719
32046,0.5048291683197021
32047,0.5683050751686096
32048,0.4120461046695709
32049,0.3726719915866852
32050,0.3855958878993988
32051,0.3476707637310028
32052,0.30072012543678284
32053,0.446214497089386
32054,0.45474833250045776
32055,0.36471685767173767
32056,0.26947715878486633
32057,0.38300392031669617
32058,0.4335605502128601
32059,0.25636160373687744
32060,0.25383368134498596
32061,0.2599339783191681
32062,0.17897063493728638
32063,0.3025585412979126
32064,0.28652310371398926
32065,0.31451216340065
32066,0.1756562441587448
32067,0.39834022521972656
32068,0.37552109360694885
32069,0.2689823508262634
32070,0.3431655764579773
32071,0.3126009702682495
32072,0.32563403248786926
32073,0.3344901204109192
32074,0.3935953378677368
32075,0.42067664861679077
32076,0.40522849559783936
32077,0.3116855025291443
32078,0.4030172824859619
32079,0.40225109457969666
32080,0.32853206992149353
32081,0.35502877831459045
32082,0.2944985032081604
32083,0.24777400493621826
32084,0.3668907880783081
32085,0.6953496932983398
32086,0.3445247411727905
32087,0.3184182941913605
32088,0.21206489205360413
32089,0.20049113035202026
32090,0.32201087474823
32091,0.48807328939437866
32092,0.4323142170906067
32093,0.33238258957862854
32094,0.4117858111858368
32095,0.44245094060897827
32096,0.42194896936416626
32097,0.42682430148124695
32098,0.35576754808425903
32099,0.38319382071495056
32100,0.4253862798213959
32101,0.3281426727771759
32102,0.15803104639053345
32103,0.5226293802261353
32104,0.378061980009079
32105,0.36533692479133606
32106,0.41301092505455017
32107,0.3602779507637024
32108,0.637562096118927
32109,0.4446587860584259
32110,0.45530787110328674
32111,0.5595595836639404
32112,0.3501946032047272
32113,0.2284379005432129
32114,0.36065614223480225
32115,0.39897626638412476
32116,0.4835664629936218
32117,0.5004158616065979
32118,-0.01972332037985325
32119,-0.018904518336057663
32120,-0.019524971023201942
32121,-0.019592322409152985
32122,-0.017939092591404915
32123,-0.014416460879147053
32124,-0.011950740590691566
32125,-0.013729160651564598
32126,-0.01461333129554987
32127,-0.014930643141269684
32128,-0.013828003779053688
32129,-0.014101743698120117
32130,-0.013453022576868534
32131,-0.015322060324251652
32132,-0.008496037684381008
32133,-0.012842664495110512
32134,-0.010804972611367702
32135,-0.012351053766906261
32136,-0.009754032827913761
32137,-0.0080049317330122
32138,-0.018254254013299942
32139,-0.02057812362909317
32140,0.4615901708602905
32141,0.33422380685806274
32142,0.3138880133628845
32143,0.2833136320114136
32144,0.4959358870983124
32145,0.22253628075122833
32146,0.31962111592292786
32147,0.3483365774154663
32148,0.26639556884765625
32149,0.32753491401672363
32150,0.285970538854599
32151,0.3690483570098877
32152,0.32742542028427124
32153,0.3131820559501648
32154,0.24035386741161346
32155,0.2763655483722687
32156,0.38393446803092957
32157,0.40026065707206726
32158,0.44560158252716064
32159,0.42138946056365967
32160,0.40987083315849304
32161,0.31974002718925476
32162,0.4590420126914978
32163,0.20009851455688477
32164,0.4368607699871063
32165,0.46279817819595337
32166,0.3667905926704407
32167,0.3263394236564636
32168,0.4657648205757141
32169,0.40329548716545105
32170,0.28672176599502563
32171,0.31450653076171875
32172,0.4149251878261566
32173,0.24230040609836578
32174,0.22081094980239868
32175,0.31312209367752075
32176,0.341459184885025
32177,0.34686869382858276
32178,0.3292340934276581
32179,0.4120234251022339
32180,0.4591086804866791
32181,0.49064862728118896
32182,0.45728132128715515
32183,0.5419862270355225
32184,0.45995327830314636
32185,0.40951985120773315
32186,0.3512527346611023
32187,0.44196975231170654
32188,0.24130766093730927
32189,0.4418983459472656
32190,0.43856826424598694
32191,0.5294018387794495
32192,0.5207549929618835
32193,0.5287144184112549
32194,0.5055790543556213
32195,0.4361109733581543
32196,0.39886102080345154
32197,0.6049492359161377
32198,0.48181411623954773
32199,0.3908863961696625
32200,0.42461955547332764
32201,0.46205341815948486
32202,0.2633745074272156
32203,0.2782110273838043
32204,0.16156482696533203
32205,0.33201760053634644
32206,0.403249055147171
32207,0.3082088828086853
32208,0.29653671383857727
32209,0.3903167247772217
32210,0.5253596305847168
32211,0.44057461619377136
32212,0.35523149371147156
32213,0.5496727824211121
32214,0.6782028675079346
32215,0.5739291906356812
32216,0.5793189406394958
32217,0.5376628637313843
32218,0.49772870540618896
32219,0.5206798315048218
32220,0.5548341870307922
32221,0.45119592547416687
32222,0.5398548245429993
32223,0.5439204573631287
32224,0.5396015644073486
32225,0.5128145813941956
32226,0.597980260848999
32227,0.5489677786827087
32228,0.42578428983688354
32229,0.45318496227264404
32230,0.503808856010437
32231,0.5175288319587708
32232,0.4725395739078522
32233,0.5387568473815918
32234,0.4982058107852936
32235,0.449048787355423
32236,0.4345484673976898
32237,0.39738816022872925
32238,0.46975141763687134
32239,0.3825964331626892
32240,0.40348106622695923
32241,0.36770448088645935
32242,0.48197340965270996
32243,0.3956754207611084
32244,0.4269041121006012
32245,0.4106343984603882
32246,0.34064605832099915
32247,0.4511939287185669
32248,0.48317331075668335
32249,0.47630447149276733
32250,0.5983436703681946
32251,0.546503484249115
32252,0.6170052289962769
32253,0.5578076839447021
32254,0.5063264966011047
32255,0.6083090305328369
32256,0.5573784708976746
32257,0.4728928506374359
32258,0.4568263590335846
32259,0.5133601427078247
32260,0.5876538157463074
32261,0.3717365860939026
32262,0.3855089247226715
32263,0.36501309275627136
32264,0.3620542585849762
32265,0.4047161042690277
32266,0.6122938990592957
32267,0.34821784496307373
32268,0.36158671975135803
32269,0.21242037415504456
32270,0.1948346495628357
32271,0.18948128819465637
32272,0.2310691624879837
32273,0.29815444350242615
32274,0.15393635630607605
32275,0.23306675255298615
32276,0.3383023142814636
32277,0.25825828313827515
32278,0.3111696243286133
32279,0.16294831037521362
32280,0.20956572890281677
32281,0.2457886040210724
32282,0.2580650746822357
32283,0.37894707918167114
32284,0.2593601942062378
32285,0.2465839982032776
32286,0.34697046875953674
32287,0.18338149785995483
32288,0.2814232409000397
32289,0.23411774635314941
32290,0.25255683064460754
32291,0.31328681111335754
32292,0.22214315831661224
32293,0.25034457445144653
32294,0.3471296727657318
32295,0.26591649651527405
32296,0.29417717456817627
32297,0.26961496472358704
32298,0.3415139317512512
32299,0.18932874500751495
32300,0.19130685925483704
32301,0.24936233460903168
32302,0.45402708649635315
32303,0.28548353910446167
32304,0.33973565697669983
32305,0.44996529817581177
32306,0.23331838846206665
32307,0.41174420714378357
32308,0.2677851915359497
32309,0.4231869876384735
32310,0.4088624119758606
32311,0.31198251247406006
32312,0.2814047932624817
32313,0.24924375116825104
32314,0.2519466280937195
32315,0.357207328081131
32316,0.42623013257980347
32317,0.7167536020278931
32318,0.2759768068790436
32319,0.6810325980186462
32320,0.35887405276298523
32321,0.21320757269859314
32322,0.30454474687576294
32323,0.3926144242286682
32324,0.3510705232620239
32325,0.5097131729125977
32326,0.5939266085624695
32327,0.31941452622413635
32328,0.545362651348114
32329,0.3203403353691101
32330,0.2904156446456909
32331,0.30232903361320496
32332,0.36129388213157654
32333,0.397337943315506
32334,0.43714967370033264
32335,0.41905078291893005
32336,0.4642597436904907
32337,0.48072537779808044
32338,0.4417957067489624
32339,0.32212570309638977
32340,0.3116448223590851
32341,0.2791050374507904
32342,0.39152100682258606
32343,0.17408204078674316
32344,0.2794186770915985
32345,0.45886796712875366
32346,0.4988916218280792
32347,0.349202960729599
32348,0.3738991916179657
32349,0.44840604066848755
32350,0.3902372419834137
32351,0.311117947101593
32352,0.24519865214824677
32353,0.1756754070520401
32354,0.3153451979160309
32355,0.27709370851516724
32356,0.3081851005554199
32357,0.3168182671070099
32358,0.45310598611831665
32359,0.2995397448539734
32360,0.4554750323295593
32361,0.31171804666519165
32362,0.3667074739933014
32363,0.5641147494316101
32364,0.460017591714859
32365,0.2363872081041336
32366,0.4247312843799591
32367,0.39957430958747864
32368,0.3243444561958313
32369,0.5306390523910522
32370,0.2642105221748352
32371,0.2770160138607025
32372,0.41635704040527344
32373,0.22174912691116333
32374,0.2385503053665161
32375,0.4187127947807312
32376,0.45641571283340454
32377,0.28437376022338867
32378,0.3208096921443939
32379,0.3161679208278656
32380,0.5126686096191406
32381,0.34414511919021606
32382,0.25594568252563477
32383,0.2895825207233429
32384,0.32873594760894775
32385,0.24149364233016968
32386,0.32690709829330444
32387,0.2891523540019989
32388,0.262047678232193
32389,0.26568150520324707
32390,0.34204739332199097
32391,0.31802496314048767
32392,0.42086923122406006
32393,0.32107600569725037
32394,0.30705857276916504
32395,0.2770228981971741
32396,0.2792629301548004
32397,0.2631053030490875
32398,0.24801425635814667
32399,0.2842386066913605
32400,0.24849912524223328
32401,0.3684542179107666
32402,0.2531279921531677
32403,0.2104683667421341
32404,0.31949925422668457
32405,0.32673749327659607
32406,0.27244940400123596
32407,0.4126092493534088
32408,0.4067942798137665
32409,0.437421977519989
32410,0.40707463026046753
32411,0.39861342310905457
32412,0.3877013921737671
32413,0.31424641609191895
32414,0.38767191767692566
32415,0.3012239933013916
32416,0.2418794333934784
32417,0.5866506099700928
32418,0.39364302158355713
32419,0.4456166625022888
32420,0.31666600704193115
32421,0.3364584445953369
32422,0.3948562741279602
32423,0.32697969675064087
32424,0.1923079490661621
32425,0.3408300578594208
32426,0.20902851223945618
32427,0.28991618752479553
32428,0.3685222268104553
32429,0.4141004681587219
32430,0.32911989092826843
32431,0.44121846556663513
32432,0.6545661091804504
32433,0.34734907746315
32434,0.31495583057403564
32435,0.3468576967716217
32436,0.39454004168510437
32437,-0.025593265891075134
32438,-0.024344999343156815
32439,-0.017907731235027313
32440,0.3259793221950531
32441,0.4230227768421173
32442,0.6238541007041931
32443,0.06710759550333023
32444,0.15885229408740997
32445,0.2689861059188843
32446,0.392251193523407
32447,0.3179529309272766
32448,0.3413316011428833
32449,0.30885252356529236
32450,0.3032595217227936
32451,0.18659891188144684
32452,0.4443959593772888
32453,0.40043431520462036
32454,0.33467766642570496
32455,0.2349616438150406
32456,0.32610344886779785
32457,0.3783606290817261
32458,0.3420772850513458
32459,0.23561102151870728
32460,0.37119677662849426
32461,0.3004409968852997
32462,0.41337719559669495
32463,0.30029934644699097
32464,0.31668034195899963
32465,0.26898905634880066
32466,0.3449191749095917
32467,0.31545567512512207
32468,0.20120149850845337
32469,0.39174821972846985
32470,0.3904566764831543
32471,0.2854667007923126
32472,0.3740859627723694
32473,0.41319772601127625
32474,0.45675384998321533
32475,0.4041214883327484
32476,0.39013683795928955
32477,0.5021504163742065
32478,0.3420100510120392
32479,0.44203799962997437
32480,0.1897447109222412
32481,0.23314006626605988
32482,0.2774910628795624
32483,0.25695133209228516
32484,0.3009534180164337
32485,0.3819499611854553
32486,0.3016279339790344
32487,0.4095826745033264
32488,0.31347960233688354
32489,0.4021971821784973
32490,0.29882895946502686
32491,0.2871042788028717
32492,0.32986944913864136
32493,0.10464472323656082
32494,0.27146515250205994
32495,0.5129005908966064
32496,0.4124833941459656
32497,0.2733507752418518
32498,0.4934718608856201
32499,0.43221697211265564
32500,0.36926382780075073
32501,0.31024783849716187
32502,0.2508527934551239
32503,0.19973431527614594
32504,0.24415503442287445
32505,0.30618947744369507
32506,0.360538512468338
32507,0.29703718423843384
32508,0.21603119373321533
32509,0.3825207054615021
32510,0.377383291721344
32511,0.29791319370269775
32512,0.2668091654777527
32513,-0.011738764122128487
32514,-0.015281728468835354
32515,-0.016382340341806412
32516,-0.020632131025195122
32517,-0.015388399362564087
32518,-0.014838889241218567
32519,-0.008730024099349976
32520,-0.005967675242573023
32521,-0.004061987157911062
32522,0.4440683126449585
32523,0.2752040922641754
32524,0.29864922165870667
32525,0.43782392144203186
32526,0.30885744094848633
32527,0.33117425441741943
32528,0.5110726356506348
32529,0.3690979480743408
32530,0.36461398005485535
32531,0.25706326961517334
32532,0.2966867685317993
32533,0.34685593843460083
32534,0.4255007207393646
32535,0.4063032269477844
32536,0.2962116003036499
32537,0.2569999396800995
32538,0.27213549613952637
32539,0.7066116333007812
32540,
32541,0.3412187695503235
32542,0.41848450899124146
32543,0.2783876359462738
32544,0.31484055519104004
32545,0.2887330949306488
32546,0.45426782965660095
32547,0.45445966720581055
32548,0.6580561995506287
32549,0.7710167765617371
32550,0.5498535633087158
32551,0.5600353479385376
32552,0.7315036058425903
32553,0.5266762375831604
32554,0.12595364451408386
32555,0.13558737933635712
32556,0.1950007975101471
32557,0.17557577788829803
32558,0.16941362619400024
32559,0.1698545217514038
32560,0.22303448617458344
32561,0.21823832392692566
32562,0.1881217509508133
32563,0.16152401268482208
32564,0.14271169900894165
32565,0.19363947212696075
32566,0.20687943696975708
32567,0.2265150547027588
32568,0.1938302367925644
32569,0.15134969353675842
32570,0.14291754364967346
32571,0.22730740904808044
32572,0.2646465003490448
32573,0.21072760224342346
32574,0.2372594177722931
32575,0.1572677493095398
32576,0.24481922388076782
32577,0.2535291016101837
32578,0.35271382331848145
32579,0.28146907687187195
32580,0.2765549421310425
32581,0.2942673861980438
32582,0.34241214394569397
32583,0.3814006745815277
32584,0.5278790593147278
32585,0.42367273569107056
32586,0.4133426249027252
32587,0.40342143177986145
32588,0.4466642439365387
32589,0.4043179154396057
32590,0.30295777320861816
32591,0.2893572449684143
32592,0.389426052570343
32593,0.342101514339447
32594,0.46401360630989075
32595,0.5003964900970459
32596,0.4595630466938019
32597,0.3982831537723541
32598,0.4128696322441101
32599,0.3937542736530304
32600,0.36281293630599976
32601,0.386752724647522
32602,0.3835734724998474
32603,0.3787723779678345
32604,0.3907177746295929
32605,0.3950898051261902
32606,0.39508524537086487
32607,0.39149054884910583
32608,0.41423478722572327
32609,0.4175008535385132
32610,0.2998751103878021
32611,0.43981999158859253
32612,0.4196188747882843
32613,0.39146143198013306
32614,0.442241370677948
32615,0.4671488404273987
32616,0.5093599557876587
32617,0.485263466835022
32618,0.4551510214805603
32619,0.4371281564235687
32620,0.39342737197875977
32621,0.3976514935493469
32622,0.386832594871521
32623,0.4294957220554352
32624,0.40309861302375793
32625,0.3983764946460724
32626,0.307680606842041
32627,0.3218092620372772
32628,0.3279566764831543
32629,0.3271012604236603
32630,0.25780564546585083
32631,0.29161185026168823
32632,0.34732285141944885
32633,0.36619701981544495
32634,0.3342897295951843
32635,0.29574844241142273
32636,0.367704838514328
32637,0.4142964482307434
32638,0.4190061688423157
32639,0.4190061688423157
32640,0.4190061688423157
32641,0.4190061688423157
32642,0.36599740386009216
32643,0.36599740386009216
32644,0.24798639118671417
32645,0.34686005115509033
32646,0.39324280619621277
32647,0.24841994047164917
32648,0.4067605435848236
32649,0.49225103855133057
32650,0.22113186120986938
32651,0.29905715584754944
32652,0.47642797231674194
32653,0.33276695013046265
32654,0.2603966295719147
32655,0.3603115975856781
32656,0.3839496076107025
32657,0.2843118906021118
32658,0.3057746887207031
32659,0.38269513845443726
32660,0.2660323977470398
32661,0.29892683029174805
32662,0.20967282354831696
32663,0.22747400403022766
32664,0.36642685532569885
32665,0.37553128600120544
32666,0.4400540292263031
32667,0.3404703736305237
32668,0.3385002911090851
32669,0.2097618281841278
32670,0.45987722277641296
32671,0.2523178160190582
32672,0.35406893491744995
32673,0.26571425795555115
32674,0.2061605602502823
32675,0.15544304251670837
32676,0.36383700370788574
32677,0.16088350117206573
32678,0.14987701177597046
32679,0.16998843848705292
32680,0.3121981620788574
32681,0.3599100410938263
32682,0.2930310368537903
32683,0.3903610110282898
32684,0.3921429514884949
32685,0.34983712434768677
32686,0.20087593793869019
32687,0.3469511568546295
32688,0.3171856105327606
32689,0.35155564546585083
32690,0.3499695658683777
32691,0.19002500176429749
32692,0.22097237408161163
32693,0.44260331988334656
32694,0.38687828183174133
32695,0.485047310590744
32696,0.27696216106414795
32697,0.35163694620132446
32698,0.24442347884178162
32699,0.34286728501319885
32700,0.3149322271347046
32701,0.3051043152809143
32702,0.4144200086593628
32703,0.36794427037239075
32704,0.2594125270843506
32705,0.2928091883659363
32706,0.354560911655426
32707,0.3947398066520691
32708,0.40993934869766235
32709,0.3735123574733734
32710,0.3654941916465759
32711,0.44575241208076477
32712,0.4073374271392822
32713,0.362625390291214
32714,0.31339916586875916
32715,0.348013699054718
32716,0.3543042838573456
32717,0.28604984283447266
32718,0.4158860146999359
32719,0.36297979950904846
32720,0.46160954236984253
32721,0.4258190989494324
32722,0.4131682813167572
32723,0.46555277705192566
32724,0.27245453000068665
32725,0.3201102018356323
32726,0.24411627650260925
32727,0.3345092833042145
32728,0.2894325852394104
32729,0.28089267015457153
32730,0.26226329803466797
32731,0.28177380561828613
32732,0.3519066870212555
32733,0.34922119975090027
32734,0.3666817545890808
32735,0.24039307236671448
32736,0.33411705493927
32737,0.2131773829460144
32738,0.253569096326828
32739,0.31575271487236023
32740,0.2828945815563202
32741,0.5328443050384521
32742,0.39926260709762573
32743,0.4249117970466614
32744,0.49891042709350586
32745,0.6728274822235107
32746,0.43695196509361267
32747,0.4113408625125885
32748,0.38539212942123413
32749,0.3531654477119446
32750,0.3861692547798157
32751,0.3407977521419525
32752,0.2934868037700653
32753,0.33758866786956787
32754,0.34802088141441345
32755,0.3699999749660492
32756,0.3200018107891083
32757,0.5151517391204834
32758,0.4676991105079651
32759,0.31738513708114624
32760,0.4415718615055084
32761,0.31218674778938293
32762,0.2064134180545807
32763,0.20667490363121033
32764,0.43520912528038025
32765,0.34655991196632385
32766,0.417264461517334
32767,0.3515859544277191
32768,0.3684822916984558
32769,0.41215088963508606
32770,0.3577740490436554
32771,0.28503990173339844
32772,0.2881885766983032
32773,0.1835448294878006
32774,0.24542756378650665
32775,0.3808169662952423
32776,0.2638872563838959
32777,0.3100464344024658
32778,0.26668936014175415
32779,0.4679853320121765
32780,0.5023447275161743
32781,0.37468746304512024
32782,0.4737318456172943
32783,0.20920167863368988
32784,0.3254489600658417
32785,0.29129457473754883
32786,0.45641279220581055
32787,0.4309554398059845
32788,0.5114882588386536
32789,0.45671331882476807
32790,0.3494154214859009
32791,0.3323219418525696
32792,0.4460563659667969
32793,0.429196298122406
32794,0.29679328203201294
32795,0.2799481451511383
32796,0.36073991656303406
32797,0.24979542195796967
32798,0.25491002202033997
32799,0.32435810565948486
32800,0.3472372889518738
32801,0.2094135731458664
32802,0.30813485383987427
32803,0.3211861252784729
32804,0.24721039831638336
32805,0.2942911684513092
32806,0.43540701270103455
32807,0.4992573857307434
32808,0.286723256111145
32809,0.45141133666038513
32810,0.5012902617454529
32811,0.30161163210868835
32812,0.4380883276462555
32813,0.5459231734275818
32814,0.5246992111206055
32815,0.47450757026672363
32816,0.25098100304603577
32817,0.42883801460266113
32818,0.5634893774986267
32819,0.29119381308555603
32820,0.20153078436851501
32821,0.3071427643299103
32822,0.4291588068008423
32823,0.26070094108581543
32824,0.6130180954933167
32825,0.4338225722312927
32826,0.3056590259075165
32827,0.681294322013855
32828,0.4706018269062042
32829,0.3716387450695038
32830,0.532738208770752
32831,0.3435839116573334
32832,0.47596707940101624
32833,0.34818631410598755
32834,0.382160484790802
32835,0.5080304741859436
32836,0.4674946665763855
32837,0.7358807325363159
32838,0.47804391384124756
32839,0.37829476594924927
32840,0.33198341727256775
32841,0.34588974714279175
32842,0.40723326802253723
32843,0.319139689207077
32844,0.2917935252189636
32845,0.5202948451042175
32846,0.4690496623516083
32847,0.45607611536979675
32848,0.28158530592918396
32849,0.17180117964744568
32850,0.20134228467941284
32851,0.4798499643802643
32852,0.5209571123123169
32853,0.36967605352401733
32854,0.3168220520019531
32855,0.23055896162986755
32856,0.17799492180347443
32857,0.25537750124931335
32858,0.4283035695552826
32859,0.33262354135513306
32860,0.33435672521591187
32861,0.29595765471458435
32862,0.22131900489330292
32863,0.15077166259288788
32864,0.24099545180797577
32865,0.322917103767395
32866,0.2363496869802475
32867,0.2101319581270218
32868,0.26947835087776184
32869,0.1780577301979065
32870,0.17125488817691803
32871,0.17275087535381317
32872,0.10396986454725266
32873,0.12947295606136322
32874,0.1692679226398468
32875,0.1591128259897232
32876,0.1486939936876297
32877,0.34673288464546204
32878,0.17124414443969727
32879,0.1111634373664856
32880,0.1790609359741211
32881,0.3585869371891022
32882,0.19219931960105896
32883,0.14865845441818237
32884,0.30386224389076233
32885,0.27961698174476624
32886,0.43501126766204834
32887,0.5003630518913269
32888,0.37373262643814087
32889,0.3302523195743561
32890,0.3572751581668854
32891,0.3673728108406067
32892,0.3114970326423645
32893,0.5064065456390381
32894,0.43120139837265015
32895,0.3266621232032776
32896,0.4151983857154846
32897,0.36273193359375
32898,0.49744680523872375
32899,0.30183425545692444
32900,0.3384941816329956
32901,0.4224362075328827
32902,0.34554046392440796
32903,0.3965628147125244
32904,0.4176560044288635
32905,0.30859750509262085
32906,0.32372093200683594
32907,0.3440779447555542
32908,0.3762466311454773
32909,0.20647217333316803
32910,0.30059686303138733
32911,0.29406389594078064
32912,0.4296514391899109
32913,0.3003780245780945
32914,0.41312599182128906
32915,0.2850964367389679
32916,0.19752085208892822
32917,0.2755786180496216
32918,0.3234756290912628
32919,0.30954042077064514
32920,0.5666660666465759
32921,0.33930882811546326
32922,0.3925566077232361
32923,0.5129615664482117
32924,0.3746015727519989
32925,0.45134663581848145
32926,0.35974326729774475
32927,0.3775451183319092
32928,0.3052409887313843
32929,0.3631158769130707
32930,0.38471320271492004
32931,0.36804625391960144
32932,0.4080478549003601
32933,0.4030982255935669
32934,0.3016733229160309
32935,0.38351625204086304
32936,0.3142841160297394
32937,0.281917005777359
32938,0.2192527949810028
32939,0.2997250258922577
32940,0.26052749156951904
32941,0.33218061923980713
32942,0.23467418551445007
32943,0.3127481937408447
32944,0.32306984066963196
32945,0.4438302218914032
32946,0.3021472692489624
32947,0.3722536861896515
32948,0.7429695129394531
32949,0.7247961163520813
32950,0.41408637166023254
32951,0.5749090909957886
32952,0.29542115330696106
32953,0.22899939119815826
32954,0.2441110759973526
32955,0.32062089443206787
32956,0.2488606572151184
32957,0.31303805112838745
32958,0.3218671679496765
32959,0.3963125944137573
32960,0.3665580749511719
32961,0.40369608998298645
32962,0.2864395081996918
32963,0.46043872833251953
32964,0.4207705855369568
32965,0.5408651232719421
32966,0.34405815601348877
32967,0.24519164860248566
32968,0.28293660283088684
32969,0.3314328193664551
32970,0.3526487648487091
32971,0.33552995324134827
32972,0.33333221077919006
32973,0.34929919242858887
32974,0.2986384630203247
32975,0.32163047790527344
32976,0.3130685091018677
32977,0.43108242750167847
32978,0.4743182957172394
32979,0.335712194442749
32980,0.2793423533439636
32981,0.39492249488830566
32982,0.3423410654067993
32983,0.3661954402923584
32984,0.2095305621623993
32985,0.2553655803203583
32986,0.309833824634552
32987,0.46451321244239807
32988,0.22833901643753052
32989,0.25713911652565
32990,0.23837442696094513
32991,0.3261946737766266
32992,0.42517539858818054
32993,0.43736574053764343
32994,0.41378021240234375
32995,0.3026285171508789
32996,0.39357879757881165
32997,0.24848322570323944
32998,0.2689897119998932
32999,0.15849867463111877
33000,0.26289892196655273
33001,0.4220985472202301
33002,0.3448469042778015
33003,0.4657304584980011
33004,0.3637033700942993
33005,0.2904109060764313
33006,0.26412078738212585
33007,0.2929072380065918
33008,0.43793243169784546
33009,0.3940664231777191
33010,0.5200143456459045
33011,0.46637314558029175
33012,0.3407873511314392
33013,0.42147648334503174
33014,0.24027933180332184
33015,0.2580689787864685
33016,0.281105637550354
33017,0.24782633781433105
33018,0.24634814262390137
33019,0.23323360085487366
33020,0.26553863286972046
33021,0.3154209852218628
33022,0.19911977648735046
33023,0.37281355261802673
33024,0.4181002378463745
33025,0.2997111976146698
33026,0.40645235776901245
33027,0.2807852327823639
33028,0.23330973088741302
33029,0.3687695562839508
33030,0.5609432458877563
33031,0.3256200850009918
33032,0.27625763416290283
33033,0.3037847876548767
33034,0.19928240776062012
33035,0.2811851501464844
33036,0.25971388816833496
33037,0.33242520689964294
33038,0.3042021691799164
33039,0.3312811553478241
33040,0.1360025703907013
33041,0.3194044232368469
33042,0.29757821559906006
33043,0.4245036244392395
33044,0.1976446956396103
33045,0.31222447752952576
33046,0.4942571818828583
33047,0.2942843437194824
33048,0.27784162759780884
33049,0.3429200053215027
33050,0.33315637707710266
33051,0.4774269759654999
33052,0.36032548546791077
33053,0.31221312284469604
33054,0.21788781881332397
33055,0.2276172786951065
33056,0.21991503238677979
33057,0.20993271470069885
33058,0.19409960508346558
33059,0.20603406429290771
33060,0.20823711156845093
33061,0.20345646142959595
33062,0.2590646743774414
33063,0.26358750462532043
33064,0.27355605363845825
33065,0.26832810044288635
33066,0.30197128653526306
33067,0.3101869225502014
33068,0.3141261339187622
33069,0.2867072522640228
33070,0.3029976785182953
33071,0.2809640169143677
33072,0.31206586956977844
33073,0.30309170484542847
33074,0.2524328827857971
33075,0.24046313762664795
33076,0.26641926169395447
33077,0.2396349459886551
33078,0.2508121132850647
33079,0.2508712410926819
33080,0.23201391100883484
33081,0.26676666736602783
33082,0.26409634947776794
33083,0.2853371202945709
33084,0.24721097946166992
33085,0.24720631539821625
33086,0.2463027983903885
33087,0.48995137214660645
33088,0.644798219203949
33089,0.41553133726119995
33090,0.25323235988616943
33091,0.4703604280948639
33092,0.46887069940567017
33093,0.2703579366207123
33094,0.40758010745048523
33095,0.39475637674331665
33096,0.37076613306999207
33097,0.3153115510940552
33098,0.3492777347564697
33099,0.37887635827064514
33100,0.4108334183692932
33101,0.26154041290283203
33102,0.3243162930011749
33103,0.27783653140068054
33104,0.3210781514644623
33105,0.31935498118400574
33106,0.2783759534358978
33107,0.26484620571136475
33108,0.24507902562618256
33109,0.3966430723667145
33110,0.4287995398044586
33111,0.37537112832069397
33112,0.29981133341789246
33113,0.15520301461219788
33114,0.2356429100036621
33115,0.3743765950202942
33116,0.5096912384033203
33117,0.3164482116699219
33118,0.33521705865859985
33119,0.19569028913974762
33120,0.3670189380645752
33121,0.43092435598373413
33122,0.3843030631542206
33123,0.45009323954582214
33124,0.4894320070743561
33125,0.4339221119880676
33126,0.32821062207221985
33127,0.35733893513679504
33128,0.3131987452507019
33129,0.28423944115638733
33130,0.24126914143562317
33131,0.2926371395587921
33132,0.20892053842544556
33133,0.29579877853393555
33134,0.23300588130950928
33135,0.2784859538078308
33136,0.3825433850288391
33137,0.4319292902946472
33138,0.3139638900756836
33139,0.3987990617752075
33140,0.3622536063194275
33141,0.3134525418281555
33142,0.29609474539756775
33143,0.38418662548065186
33144,0.2939525246620178
33145,0.4430408477783203
33146,0.4429558515548706
33147,0.2595994770526886
33148,0.23312246799468994
33149,0.10168924182653427
33150,0.16240400075912476
33151,0.23963643610477448
33152,0.2923009395599365
33153,0.18111176788806915
33154,0.4164169132709503
33155,0.3360922336578369
33156,0.2549256980419159
33157,0.2178213745355606
33158,0.20912379026412964
33159,0.21917366981506348
33160,0.2639993727207184
33161,0.27143529057502747
33162,0.25106555223464966
33163,0.19796936213970184
33164,0.3276933431625366
33165,0.27341949939727783
33166,0.322936475276947
33167,0.2944721281528473
33168,0.2940331995487213
33169,0.27492284774780273
33170,0.2580772340297699
33171,0.27877408266067505
33172,0.2606302797794342
33173,0.26094183325767517
33174,0.2761129140853882
33175,0.288918673992157
33176,0.28100311756134033
33177,0.23812921345233917
33178,0.2649172842502594
33179,0.2749163508415222
33180,0.3010677099227905
33181,0.3243395686149597
33182,0.300129771232605
33183,0.3225593864917755
33184,0.3397911489009857
33185,0.3571770489215851
33186,0.35439416766166687
33187,0.40340086817741394
33188,0.31820163130760193
33189,0.3704521358013153
33190,0.3013609051704407
33191,0.255085825920105
33192,0.18721693754196167
33193,0.23249077796936035
33194,0.27534788846969604
33195,0.2797396779060364
33196,0.2880770266056061
33197,0.28642016649246216
33198,0.27276256680488586
33199,0.24346572160720825
33200,0.320353627204895
33201,0.32142335176467896
33202,0.2740534245967865
33203,0.26927709579467773
33204,0.2561362385749817
33205,0.23606379330158234
33206,0.24512185156345367
33207,0.20853786170482635
33208,0.2269732654094696
33209,0.27975815534591675
33210,0.23842045664787292
33211,0.26523929834365845
33212,0.2775348424911499
33213,0.24353918433189392
33214,0.309752881526947
33215,0.2938013970851898
33216,0.25439828634262085
33217,0.21948246657848358
33218,0.23677673935890198
33219,0.23256027698516846
33220,0.27427390217781067
33221,0.25818249583244324
33222,0.2437552660703659
33223,0.24218271672725677
33224,0.17175151407718658
33225,0.2410183846950531
33226,0.2843400835990906
33227,0.3496967554092407
33228,0.3529421091079712
33229,0.43611329793930054
33230,0.38525405526161194
33231,0.37705034017562866
33232,0.33421045541763306
33233,0.3613612651824951
33234,0.41999632120132446
33235,0.36094459891319275
33236,0.3285772502422333
33237,0.2972700893878937
33238,0.33365458250045776
33239,0.3720756471157074
33240,0.33907973766326904
33241,0.34776532649993896
33242,0.3314959406852722
33243,0.3466673493385315
33244,0.33951663970947266
33245,0.3656984567642212
33246,0.3607928454875946
33247,0.2873583137989044
33248,0.29786238074302673
33249,0.36205530166625977
33250,0.34150266647338867
33251,0.35085126757621765
33252,0.40614408254623413
33253,0.22152608633041382
33254,0.244384765625
33255,0.2548156976699829
33256,0.23665082454681396
33257,0.29917800426483154
33258,0.28404709696769714
33259,0.2850041091442108
33260,0.3092946410179138
33261,0.3119797110557556
33262,0.2515888512134552
33263,0.22383376955986023
33264,0.24804455041885376
33265,0.27229443192481995
33266,0.24917343258857727
33267,0.2786358892917633
33268,0.28786778450012207
33269,0.28757771849632263
33270,0.33469825983047485
33271,0.33394092321395874
33272,0.2634783387184143
33273,0.26664161682128906
33274,0.285535991191864
33275,0.26369476318359375
33276,0.2854110598564148
33277,0.28358954191207886
33278,0.3461436331272125
33279,0.2994939088821411
33280,0.32075366377830505
33281,0.30354082584381104
33282,0.3358231782913208
33283,0.3553815186023712
33284,0.3936458230018616
33285,0.40106284618377686
33286,0.3921710252761841
33287,0.3302161395549774
33288,0.3302161395549774
33289,0.37737247347831726
33290,0.3771733343601227
33291,0.2512505352497101
33292,0.3299356997013092
33293,0.32551032304763794
33294,0.42521440982818604
33295,0.43993431329727173
33296,0.45591968297958374
33297,0.43551939725875854
33298,0.40529531240463257
33299,0.378820538520813
33300,0.26298171281814575
33301,0.24443773925304413
33302,0.23587389290332794
33303,0.23313651978969574
33304,0.23357424139976501
33305,0.2441249042749405
33306,0.25413501262664795
33307,0.2610138952732086
33308,0.2953944206237793
33309,0.2712472677230835
33310,0.28647375106811523
33311,0.23848000168800354
33312,0.30088528990745544
33313,0.33872345089912415
33314,0.30314841866493225
33315,0.2605629861354828
33316,0.22326336801052094
33317,0.2548180818557739
33318,0.212261363863945
33319,0.26376253366470337
33320,0.3458303213119507
33321,0.3675137758255005
33322,0.4234538674354553
33323,0.45181238651275635
33324,0.4392342269420624
33325,0.414256751537323
33326,0.37182268500328064
33327,0.4336801767349243
33328,0.47355565428733826
33329,0.4577142596244812
33330,0.39977607131004333
33331,0.39898252487182617
33332,0.3870137333869934
33333,0.30687955021858215
33334,0.3515116572380066
33335,0.4037493169307709
33336,0.45427510142326355
33337,0.3587586283683777
33338,0.38423147797584534
33339,0.19101564586162567
33340,0.32555317878723145
33341,0.33257603645324707
33342,0.40330779552459717
33343,0.5349932909011841
33344,0.3396516740322113
33345,0.38999736309051514
33346,0.4284907877445221
33347,0.3780194818973541
33348,0.40563637018203735
33349,0.3299447000026703
33350,0.3869066536426544
33351,0.40628382563591003
33352,0.4195958077907562
33353,0.45921868085861206
33354,0.46593907475471497
33355,0.5143610239028931
33356,0.5526261329650879
33357,0.4857757091522217
33358,0.4965018928050995
33359,0.3867587149143219
33360,0.3940375745296478
33361,0.44810932874679565
33362,0.4459959864616394
33363,0.4759848415851593
33364,0.48127537965774536
33365,0.5217442512512207
33366,0.4719500243663788
33367,0.443145215511322
33368,0.3021928071975708
33369,0.27051064372062683
33370,0.2747443616390228
33371,0.2654385566711426
33372,0.2344454824924469
33373,0.20805807411670685
33374,0.20664754509925842
33375,0.2191789746284485
33376,0.22612842917442322
33377,0.23494109511375427
33378,0.3550899028778076
33379,0.30829671025276184
33380,0.2879772186279297
33381,0.31757980585098267
33382,0.3524939715862274
33383,0.32364338636398315
33384,0.2860901951789856
33385,0.23897185921669006
33386,0.222262442111969
33387,0.2335236817598343
33388,0.2133144587278366
33389,0.19759204983711243
33390,0.1931377798318863
33391,0.29121163487434387
33392,0.3642316162586212
33393,0.360098659992218
33394,0.2696871757507324
33395,0.3534701466560364
33396,0.4152292013168335
33397,0.4158952236175537
33398,0.39713141322135925
33399,0.382341593503952
33400,0.33239826560020447
33401,0.30558186769485474
33402,0.31036248803138733
33403,0.2971787750720978
33404,0.32152116298675537
33405,0.3054901659488678
33406,0.3228909373283386
33407,0.3306651711463928
33408,0.34173959493637085
33409,0.33560261130332947
33410,0.2801875174045563
33411,0.32270190119743347
33412,0.32743188738822937
33413,0.332412987947464
33414,0.3190919756889343
33415,0.3195842504501343
33416,0.2900986075401306
33417,0.31680765748023987
33418,0.3156052231788635
33419,0.31504905223846436
33420,0.2913323640823364
33421,0.311124324798584
33422,0.33312147855758667
33423,0.33700841665267944
33424,0.32055598497390747
33425,0.2705674171447754
33426,0.3094865381717682
33427,0.3088279366493225
33428,0.37437447905540466
33429,0.34829580783843994
33430,0.34953513741493225
33431,0.3791202902793884
33432,0.3206898868083954
33433,0.33899205923080444
33434,0.255530446767807
33435,0.2980438768863678
33436,0.27669399976730347
33437,0.3170706331729889
33438,0.3121533989906311
33439,0.3267097771167755
33440,0.3063908517360687
33441,0.314738929271698
33442,0.33659103512763977
33443,0.2954382300376892
33444,0.31088289618492126
33445,0.3156687021255493
33446,0.32319584488868713
33447,0.3107129633426666
33448,0.30523648858070374
33449,0.2928580045700073
33450,0.3123364746570587
33451,0.2503970265388489
33452,0.23280946910381317
33453,0.27217400074005127
33454,0.26128697395324707
33455,0.29218268394470215
33456,0.3265376687049866
33457,0.334402471780777
33458,0.32949909567832947
33459,0.308808833360672
33460,0.28017371892929077
33461,0.2692151367664337
33462,0.25847741961479187
33463,0.2945534586906433
33464,0.3907298445701599
33465,0.2728368937969208
33466,0.33227506279945374
33467,0.31323403120040894
33468,0.3192136883735657
33469,0.29857587814331055
33470,0.3114223778247833
33471,0.2696338891983032
33472,0.31376343965530396
33473,0.3264879882335663
33474,0.3161962926387787
33475,0.27141422033309937
33476,0.2957211434841156
33477,0.276825487613678
33478,0.3218114376068115
33479,0.2859538495540619
33480,0.3981083035469055
33481,0.3950170874595642
33482,0.348084419965744
33483,0.27759531140327454
33484,0.28318309783935547
33485,0.25859126448631287
33486,0.2975352108478546
33487,0.17613284289836884
33488,0.3110431432723999
33489,0.27819859981536865
33490,0.33498814702033997
33491,0.2527773678302765
33492,0.3237949311733246
33493,0.27819472551345825
33494,0.2029896080493927
33495,0.2391671985387802
33496,0.20917922258377075
33497,0.20676474273204803
33498,0.14610227942466736
33499,0.1518702507019043
33500,0.2377210259437561
33501,0.27637979388237
33502,0.24169094860553741
33503,0.257323682308197
33504,0.1745629608631134
33505,0.23006115853786469
33506,0.3553627133369446
33507,0.07709521800279617
33508,0.2446531504392624
33509,0.22392553091049194
33510,0.411620557308197
33511,0.10145273804664612
33512,0.10084929317235947
33513,0.15554368495941162
33514,0.34490638971328735
33515,0.24248234927654266
33516,0.3113170266151428
33517,0.3005923926830292
33518,0.33777180314064026
33519,0.27851802110671997
33520,0.3994694948196411
33521,0.2721729576587677
33522,0.2599993050098419
33523,0.3791201412677765
33524,0.4704744219779968
33525,0.40646684169769287
33526,0.2556374669075012
33527,0.6557600498199463
33528,0.24374334514141083
33529,0.2674208879470825
33530,0.37477290630340576
33531,0.5436040163040161
33532,0.5478038787841797
33533,0.5105428695678711
33534,0.5384045243263245
33535,0.3413931429386139
33536,0.20769859850406647
33537,0.5060179829597473
33538,0.09528355300426483
33539,0.45009204745292664
33540,0.43835198879241943
33541,0.2852984666824341
33542,0.3736344873905182
33543,0.2831139862537384
33544,0.30207860469818115
33545,0.26182064414024353
33546,0.29246237874031067
33547,0.24493804574012756
33548,0.24867726862430573
33549,0.4194045066833496
33550,0.5040624737739563
33551,0.2269839644432068
33552,0.24944116175174713
33553,0.14484119415283203
33554,0.35124674439430237
33555,0.331216961145401
33556,0.27336007356643677
33557,0.3126559853553772
33558,0.3576774597167969
33559,0.33298879861831665
33560,0.3082134425640106
33561,0.3234370946884155
33562,0.6236633062362671
33563,0.3112660050392151
33564,0.22559992969036102
33565,0.20443595945835114
33566,0.45287075638771057
33567,0.3233470320701599
33568,0.553639829158783
33569,0.7330670952796936
33570,0.671407163143158
33571,0.6509026288986206
33572,0.5653960704803467
33573,-0.03298795223236084
33574,-0.03145981952548027
33575,-0.03057813085615635
33576,-0.031246650964021683
33577,0.6671388149261475
33578,-0.03429347649216652
33579,0.18011939525604248
33580,0.13354918360710144
33581,0.21578502655029297
33582,0.21588797867298126
33583,0.3363361954689026
33584,0.25189849734306335
33585,0.1124044880270958
33586,0.14825353026390076
33587,0.1468479037284851
33588,0.1996496468782425
33589,0.33353501558303833
33590,0.32385700941085815
33591,0.3643576204776764
33592,0.3122987151145935
33593,0.3537983000278473
33594,0.5084206461906433
33595,0.552121639251709
33596,0.5115560293197632
33597,0.25341495871543884
33598,0.3586585819721222
33599,0.39720940589904785
33600,0.2984124422073364
33601,0.3712329864501953
33602,0.5808950662612915
33603,0.48007896542549133
33604,0.3180250823497772
33605,0.2457631379365921
33606,0.5729386210441589
33607,0.4031411111354828
33608,0.4603724181652069
33609,0.43398159742355347
33610,0.43669426441192627
33611,0.2882539927959442
33612,0.3886321187019348
33613,0.39525875449180603
33614,0.41046619415283203
33615,0.4198790490627289
33616,0.4434435963630676
33617,0.34222447872161865
33618,0.3620842397212982
33619,0.311865895986557
33620,0.5004542469978333
33621,0.5291144251823425
33622,0.5562433004379272
33623,0.4835730195045471
33624,0.3415202796459198
33625,0.2710731327533722
33626,0.35297730565071106
33627,0.3152309060096741
33628,0.2676038444042206
33629,0.2751544415950775
33630,0.29377877712249756
33631,0.3299304246902466
33632,0.3019595444202423
33633,0.32229170203208923
33634,0.36083704233169556
33635,0.3387548327445984
33636,0.26048052310943604
33637,0.2587422728538513
33638,0.2990482449531555
33639,0.3205665647983551
33640,0.34338805079460144
33641,0.35258346796035767
33642,0.4333147704601288
33643,0.37546929717063904
33644,0.33563244342803955
33645,0.44054967164993286
33646,0.5471527576446533
33647,0.4166419208049774
33648,0.23922786116600037
33649,0.30771613121032715
33650,0.28876036405563354
33651,0.4967952370643616
33652,0.3795278072357178
33653,0.3563206195831299
33654,0.35964012145996094
33655,0.36244136095046997
33656,0.3261635899543762
33657,0.3572813868522644
33658,0.4261726140975952
33659,0.32595109939575195
33660,0.37695929408073425
33661,0.43233999609947205
33662,0.3341122269630432
33663,0.4289848506450653
33664,0.3689120411872864
33665,0.2896389961242676
33666,0.29621028900146484
33667,0.28148072957992554
33668,0.289138525724411
33669,0.2601443827152252
33670,0.28807950019836426
33671,0.37975919246673584
33672,0.34209325909614563
33673,0.29634347558021545
33674,0.3777470886707306
33675,0.41651880741119385
33676,0.5450018048286438
33677,0.3226468861103058
33678,0.30849355459213257
33679,0.3944351077079773
33680,0.30999526381492615
33681,0.26865288615226746
33682,0.3060315251350403
33683,0.21209590137004852
33684,0.2246525138616562
33685,0.18646426498889923
33686,0.4285948574542999
33687,0.3931538462638855
33688,0.30472564697265625
33689,0.49287649989128113
33690,0.5867978930473328
33691,0.45360419154167175
33692,0.2892669439315796
33693,0.37668684124946594
33694,0.5522781610488892
33695,0.3319800794124603
33696,0.3015403151512146
33697,0.3169040381908417
33698,0.4189532995223999
33699,0.2799697518348694
33700,0.28904786705970764
33701,0.3607446253299713
33702,0.3747398555278778
33703,0.41198626160621643
33704,0.2972423732280731
33705,0.333089679479599
33706,0.2630053460597992
33707,0.2931295335292816
33708,0.2608174681663513
33709,0.3750862777233124
33710,0.3530409038066864
33711,0.2668839991092682
33712,0.44179636240005493
33713,0.3860546052455902
33714,0.22030143439769745
33715,0.236275315284729
33716,0.2531655430793762
33717,0.3120556175708771
33718,0.4202970564365387
33719,0.2687202990055084
33720,0.22654351592063904
33721,0.3049032688140869
33722,0.2681594789028168
33723,0.3096076548099518
33724,0.27116480469703674
33725,0.4283982515335083
33726,0.3172433078289032
33727,0.6651036739349365
33728,0.7720402479171753
33729,0.6998621821403503
33730,0.5511710047721863
33731,0.4493747055530548
33732,0.5145730376243591
33733,0.34321925044059753
33734,0.30033835768699646
33735,0.18228313326835632
33736,0.37989893555641174
33737,0.35800373554229736
33738,0.41375479102134705
33739,0.2650851905345917
33740,0.3906249403953552
33741,0.41002243757247925
33742,0.36826086044311523
33743,0.3802362084388733
33744,0.589931309223175
33745,0.5893155932426453
33746,0.4679695963859558
33747,0.37470754981040955
33748,0.3007189929485321
33749,0.48219552636146545
33750,0.34488052129745483
33751,0.4583568572998047
33752,0.4891726076602936
33753,0.4789040982723236
33754,0.4912348985671997
33755,0.44454723596572876
33756,0.34324464201927185
33757,0.255303293466568
33758,0.4099409580230713
33759,0.24921409785747528
33760,0.16034439206123352
33761,0.2225383222103119
33762,0.2784363925457001
33763,0.19563937187194824
33764,0.3444419801235199
33765,0.23480437695980072
33766,0.37810686230659485
33767,0.2893490791320801
33768,0.31168124079704285
33769,0.38205376267433167
33770,0.404915452003479
33771,0.41485118865966797
33772,0.42527541518211365
33773,0.4844735860824585
33774,0.21243883669376373
33775,0.3024684190750122
33776,0.4968568682670593
33777,0.5524318814277649
33778,0.3988858163356781
33779,0.327075719833374
33780,0.43799299001693726
33781,0.43806955218315125
33782,0.30154120922088623
33783,0.3812761902809143
33784,0.4769555330276489
33785,0.5699809789657593
33786,0.44362273812294006
33787,0.49401435256004333
33788,0.37391921877861023
33789,0.2821027934551239
33790,0.22674913704395294
