inspection_id,mean_ndvi
20275,0.31322717666625977
20276,0.36814287304878235
20277,0.2967381775379181
20278,0.5377109050750732
20279,0.48917677998542786
20280,0.26825225353240967
20281,0.32047954201698303
20282,0.22205758094787598
20283,0.25010544061660767
20284,0.49024540185928345
20285,0.3141184151172638
20286,0.4094507098197937
20287,0.3886173665523529
20288,0.3639736473560333
20289,0.4175165593624115
20290,0.3686106503009796
20291,0.30540651082992554
20292,0.308035671710968
20293,0.1900390386581421
20294,0.24133503437042236
20295,0.3785640001296997
20296,0.25335413217544556
20297,0.31080687046051025
20298,0.26228517293930054
20299,0.4506947100162506
20300,0.49058136343955994
20301,0.3819774389266968
20302,0.4471960663795471
20303,0.22236332297325134
20304,0.2858465313911438
20305,0.2581428587436676
20306,0.4169570207595825
20307,0.43026700615882874
20308,0.47864362597465515
20309,0.48703840374946594
20310,0.406440407037735
20311,0.32904765009880066
20312,0.4064697027206421
20313,0.4059485197067261
20314,0.34248796105384827
20315,0.27078258991241455
20316,0.39920711517333984
20317,0.28380700945854187
20318,0.27248597145080566
20319,0.3375721871852875
20320,0.35583531856536865
20321,0.22291620075702667
20322,0.3420781195163727
20323,0.3612433075904846
20324,0.2655259966850281
20325,0.32875916361808777
20326,0.4105678200721741
20327,0.4576326310634613
20328,0.2083471268415451
20329,0.36053016781806946
20330,0.4131244122982025
20331,0.24140678346157074
20332,0.34904587268829346
20333,0.4677761197090149
20334,0.4218977093696594
20335,0.4218290448188782
20336,0.23045574128627777
20337,0.3846317529678345
20338,0.43450239300727844
20339,0.3113383650779724
20340,0.3020016849040985
20341,0.2414313107728958
20342,0.23645147681236267
20343,0.26608893275260925
20344,0.1926569640636444
20345,0.2708566188812256
20346,0.3679010570049286
20347,0.20117048919200897
20348,0.5833390355110168
20349,0.38419950008392334
20350,0.2785188555717468
20351,0.6438209414482117
20352,0.38862645626068115
20353,0.30772659182548523
20354,0.4864296317100525
20355,0.27474141120910645
20356,0.4996425211429596
20357,0.37333357334136963
20358,0.2977634370326996
20359,0.2647365629673004
20360,0.2538359761238098
20361,0.5929756760597229
20362,0.36695247888565063
20363,0.3362082540988922
20364,0.2989986538887024
20365,0.5121617317199707
20366,0.4674713909626007
20367,0.43135881423950195
20368,0.3098102807998657
20369,0.20521441102027893
20370,0.1917199045419693
20371,0.48295190930366516
20372,0.4930705428123474
20373,0.38974931836128235
20374,0.322287380695343
20375,0.2686210572719574
20376,0.20576128363609314
20377,0.25493887066841125
20378,0.4114416241645813
20379,0.3285748362541199
20380,0.36985108256340027
20381,0.2802092134952545
20382,0.23607973754405975
20383,0.17637208104133606
20384,0.27728626132011414
20385,0.32491156458854675
20386,0.28174808621406555
20387,0.2270643264055252
20388,0.30778616666793823
20389,0.2127126306295395
20390,0.1977311372756958
20391,0.2004677951335907
20392,0.13731420040130615
20393,0.16017559170722961
20394,0.19356894493103027
20395,0.19997765123844147
20396,0.1980850249528885
20397,0.34080132842063904
20398,0.2467968910932541
20399,0.17481788992881775
20400,0.22071541845798492
20401,0.402039498090744
20402,0.1958160698413849
20403,0.13777866959571838
20404,0.6154329180717468
20405,0.3030059337615967
20406,0.2822890281677246
20407,0.4122236371040344
20408,0.5311871767044067
20409,0.3662208020687103
20410,0.37032338976860046
20411,0.31928542256355286
20412,0.45659446716308594
20413,0.35580506920814514
20414,0.31305328011512756
20415,0.4998164176940918
20416,0.431110680103302
20417,0.3324163556098938
20418,0.41756439208984375
20419,0.3511858582496643
20420,0.48585933446884155
20421,0.3147442042827606
20422,0.3600212037563324
20423,0.42076346278190613
20424,0.3795188367366791
20425,0.39397621154785156
20426,0.43818992376327515
20427,0.3104143440723419
20428,0.3104143440723419
20429,0.31973960995674133
20430,0.36673247814178467
20431,0.3922298550605774
20432,0.19720742106437683
20433,0.3062705993652344
20434,0.34681522846221924
20435,0.4861309230327606
20436,0.4376780092716217
20437,0.27933797240257263
20438,0.18694888055324554
20439,0.2614382803440094
20440,0.32065287232398987
20441,0.33798015117645264
20442,0.38093996047973633
20443,0.33918216824531555
20444,0.2511386573314667
20445,0.3720059096813202
20446,0.5378114581108093
20447,0.42225584387779236
20448,0.48194053769111633
20449,0.3685127794742584
20450,0.38503921031951904
20451,0.3050554394721985
20452,0.37014931440353394
20453,0.4060843884944916
20454,0.38056132197380066
20455,0.4339108169078827
20456,0.4245333671569824
20457,0.283012717962265
20458,0.356048047542572
20459,0.576997697353363
20460,0.39515751600265503
20461,0.31582388281822205
20462,0.28790637850761414
20463,0.1895630657672882
20464,0.3037460148334503
20465,0.7299537062644958
20466,0.2678605914115906
20467,0.3402729332447052
20468,0.22832666337490082
20469,0.3290068209171295
20470,0.33520734310150146
20471,0.45203328132629395
20472,0.30378326773643494
20473,0.3677864670753479
20474,0.690283477306366
20475,0.6674182415008545
20476,0.34764134883880615
20477,0.2662735879421234
20478,0.2797429859638214
20479,0.3165140450000763
20480,0.348766565322876
20481,0.41038551926612854
20482,0.43560904264450073
20483,0.397212415933609
20484,0.3127514719963074
20485,0.4394368529319763
20486,0.41685357689857483
20487,0.542808473110199
20488,0.3890106976032257
20489,0.31009140610694885
20490,0.32802703976631165
20491,0.37163034081459045
20492,0.3884475827217102
20493,0.34635061025619507
20494,0.3934275805950165
20495,0.3852766454219818
20496,0.3153672516345978
20497,0.3394981026649475
20498,0.30890989303588867
20499,0.4733133614063263
20500,0.5142620205879211
20501,0.34403419494628906
20502,0.29127055406570435
20503,0.395244300365448
20504,0.34294095635414124
20505,0.3626527190208435
20506,0.2734553813934326
20507,0.2910288870334625
20508,0.3436322808265686
20509,0.4063548147678375
20510,0.24859410524368286
20511,0.2807636857032776
20512,0.296035498380661
20513,0.31356751918792725
20514,0.40348538756370544
20515,0.4560992419719696
20516,0.37990736961364746
20517,0.31560447812080383
20518,0.3641858994960785
20519,0.2709128260612488
20520,0.3182651996612549
20521,0.33200308680534363
20522,0.19446074962615967
20523,0.26542553305625916
20524,0.40140703320503235
20525,0.34029969573020935
20526,0.45775866508483887
20527,0.38780441880226135
20528,0.30113866925239563
20529,0.26547807455062866
20530,0.30795902013778687
20531,0.4341515004634857
20532,0.4378041923046112
20533,0.5300021171569824
20534,0.48294612765312195
20535,0.38294994831085205
20536,0.4486551284790039
20537,0.2375960797071457
20538,0.261783629655838
20539,0.3073630928993225
20540,0.22599194943904877
20541,0.29633522033691406
20542,0.274829238653183
20543,0.2943388819694519
20544,0.2637910842895508
20545,0.32840266823768616
20546,0.41719284653663635
20547,0.388009637594223
20548,0.31743180751800537
20549,0.4205819368362427
20550,0.38198912143707275
20551,0.6046457886695862
20552,0.31364142894744873
20553,0.2925928235054016
20554,0.3081231713294983
20555,0.16791807115077972
20556,0.2939835786819458
20557,0.2787233889102936
20558,0.333687424659729
20559,0.3462051749229431
20560,0.3128350079059601
20561,0.1348172128200531
20562,0.32328763604164124
20563,0.298793226480484
20564,0.44894060492515564
20565,0.18999436497688293
20566,0.2966861426830292
20567,0.30630263686180115
20568,0.25779637694358826
20569,0.3627094030380249
20570,0.5711421966552734
20571,0.35371294617652893
20572,0.315613329410553
20573,0.18591304123401642
20574,0.20058491826057434
20575,0.19027239084243774
20576,0.20154377818107605
20577,0.19222956895828247
20578,0.20251066982746124
20579,0.20707915723323822
20580,0.21176210045814514
20581,0.24174794554710388
20582,0.23492616415023804
20583,0.24128133058547974
20584,0.24128133058547974
20585,0.2342386096715927
20586,0.2689104676246643
20587,0.2846272587776184
20588,0.3005608916282654
20589,0.27810075879096985
20590,0.30636417865753174
20591,0.2844265401363373
20592,0.3034489154815674
20593,0.2976923882961273
20594,0.2502292990684509
20595,0.2329162359237671
20596,0.266731858253479
20597,0.2393777072429657
20598,0.2510486841201782
20599,0.2481837123632431
20600,0.2170422375202179
20601,0.25892964005470276
20602,0.2467225193977356
20603,0.2881409227848053
20604,0.2331741601228714
20605,0.22337773442268372
20606,0.22294838726520538
20607,0.4529256820678711
20608,0.6230036616325378
20609,0.40458032488822937
20610,0.24128791689872742
20611,0.3637119233608246
20612,0.484171599149704
20613,0.26121875643730164
20614,0.2942328155040741
20615,0.4254862368106842
20616,0.28859269618988037
20617,0.4537337124347687
20618,0.3891444802284241
20619,0.41301092505455017
20620,0.4394662380218506
20621,0.4171668589115143
20622,0.3538215160369873
20623,0.3481918275356293
20624,0.3447982370853424
20625,0.3547495901584625
20626,0.43393564224243164
20627,0.29442325234413147
20628,0.27935102581977844
20629,0.35548725724220276
20630,0.31443458795547485
20631,0.32908931374549866
20632,0.29503875970840454
20633,0.3589724004268646
20634,0.3356110453605652
20635,0.4994797110557556
20636,0.3181997835636139
20637,0.2766384482383728
20638,0.2534067928791046
20639,0.40933048725128174
20640,0.4116782546043396
20641,0.4432868957519531
20642,0.30865952372550964
20643,0.18237951397895813
20644,0.23190823197364807
20645,0.3609379529953003
20646,0.4873392879962921
20647,0.3374508023262024
20648,0.3579215705394745
20649,0.26207059621810913
20650,0.23512804508209229
20651,0.38690751791000366
20652,0.44222742319107056
20653,0.3977515995502472
20654,0.467801570892334
20655,0.4447067677974701
20656,0.48755407333374023
20657,0.3668273985385895
20658,0.3596004247665405
20659,0.3312368392944336
20660,0.3447548747062683
20661,0.2704436182975769
20662,0.2311004102230072
20663,0.26623815298080444
20664,0.18836979568004608
20665,0.3100839853286743
20666,0.2114197313785553
20667,0.2783057987689972
20668,0.3936845064163208
20669,0.4502118229866028
20670,0.3831828236579895
20671,0.3333001732826233
20672,0.3895493447780609
20673,0.31440484523773193
20674,0.4213666617870331
20675,0.32331883907318115
20676,0.4054245352745056
20677,0.3588961362838745
20678,0.23883695900440216
20679,0.0995301678776741
20680,0.19433629512786865
20681,0.24938422441482544
20682,0.3410210907459259
20683,0.3429347276687622
20684,0.30362898111343384
20685,0.3070007860660553
20686,0.3037683665752411
20687,0.2809768319129944
20688,0.2952095866203308
20689,0.2525407671928406
20690,0.27932310104370117
20691,0.3365407884120941
20692,0.3240741193294525
20693,0.3315304219722748
20694,0.33128538727760315
20695,0.28111276030540466
20696,0.374595046043396
20697,0.35462844371795654
20698,0.3109605014324188
20699,0.2730940878391266
20700,0.29024001955986023
20701,0.2915548086166382
20702,0.3389439284801483
20703,0.31470924615859985
20704,0.30485406517982483
20705,0.30565592646598816
20706,0.3075636327266693
20707,0.29664042592048645
20708,0.3244515359401703
20709,0.3183542788028717
20710,0.3709954619407654
20711,0.3236677944660187
20712,0.3598134219646454
20713,0.33442792296409607
20714,0.3429247736930847
20715,0.36432403326034546
20716,0.42292681336402893
20717,0.41070789098739624
20718,0.39229026436805725
20719,0.3273635506629944
20720,0.3273635506629944
20721,0.4082575738430023
20722,0.3976178467273712
20723,0.24799038469791412
20724,0.3539220690727234
20725,0.3436949551105499
20726,0.447265088558197
20727,0.4641003906726837
20728,0.4793926775455475
20729,0.4414249658584595
20730,0.42068904638290405
20731,0.4317520260810852
20732,0.33416643738746643
20733,0.4011979103088379
20734,0.4127430319786072
20735,0.44621506333351135
20736,0.4971785247325897
20737,0.4949450194835663
20738,0.5314887166023254
20739,0.5721591114997864
20740,0.5156110525131226
20741,0.5135939121246338
20742,0.40022245049476624
20743,0.42780911922454834
20744,0.48790231347084045
20745,0.4814870059490204
20746,0.5105454921722412
20747,0.521049976348877
20748,0.5677764415740967
20749,0.5165879130363464
20750,0.4812900424003601
20751,0.29376283288002014
20752,0.25658556818962097
20753,0.2776758074760437
20754,0.2726976275444031
20755,0.26726341247558594
20756,0.24083006381988525
20757,0.22149845957756042
20758,0.258165180683136
20759,0.26743873953819275
20760,0.26064351201057434
20761,0.3549802601337433
20762,0.30796512961387634
20763,0.3187278211116791
20764,0.32702529430389404
20765,0.3469432592391968
20766,0.321778804063797
20767,0.29436689615249634
20768,0.25800272822380066
20769,0.238387331366539
20770,0.23933282494544983
20771,0.2317393720149994
20772,0.20134830474853516
20773,0.2304651290178299
20774,0.401734322309494
20775,0.3975064158439636
20776,0.34647151827812195
20777,0.2607354521751404
20778,0.34500205516815186
20779,0.41451677680015564
20780,0.4138389527797699
20781,0.38465121388435364
20782,0.36115625500679016
20783,0.3173392415046692
20784,0.2738705575466156
20785,0.2937244176864624
20786,0.30291980504989624
20787,0.3354998826980591
20788,0.3250836133956909
20789,0.3398935794830322
20790,0.35280749201774597
20791,0.37158241868019104
20792,0.34868863224983215
20793,0.2862425148487091
20794,0.3222123384475708
20795,0.3216269612312317
20796,0.3254740238189697
20797,0.31049731373786926
20798,0.30642443895339966
20799,0.281115859746933
20800,0.3043954074382782
20801,0.3056899905204773
20802,0.30932608246803284
20803,0.30382004380226135
20804,0.3225754499435425
20805,0.35095641016960144
20806,0.3413315415382385
20807,0.3250822126865387
20808,0.27251487970352173
20809,0.32342207431793213
20810,0.3055437207221985
20811,0.36247533559799194
20812,0.3403644859790802
20813,0.3445234000682831
20814,0.3783026337623596
20815,0.31906962394714355
20816,0.3289777636528015
20817,0.24518372118473053
20818,0.29221805930137634
20819,0.2717912495136261
20820,0.3119054436683655
20821,0.3052886426448822
20822,0.3274039924144745
20823,0.3019379675388336
20824,0.2990085184574127
20825,0.3244071900844574
20826,0.2722419500350952
20827,0.2771279215812683
20828,0.2897077202796936
20829,0.3166002333164215
20830,0.2966560125350952
20831,0.29020965099334717
20832,0.28631043434143066
20833,0.310739666223526
20834,0.2590026259422302
20835,0.2475046068429947
20836,0.2658754587173462
20837,0.2580243647098541
20838,0.29651662707328796
20839,0.3377320170402527
20840,0.3373582661151886
20841,0.33880433440208435
20842,0.31483495235443115
20843,0.2851070463657379
20844,0.2765521705150604
20845,0.2650248408317566
20846,0.28883665800094604
20847,0.38024789094924927
20848,0.27219662070274353
20849,0.36261361837387085
20850,0.28605005145072937
20851,0.29407691955566406
20852,0.2658931612968445
20853,0.2801629900932312
20854,0.24055306613445282
20855,0.2867031991481781
20856,0.30722692608833313
20857,0.29862749576568604
20858,0.25499430298805237
20859,0.2854088842868805
20860,0.2603646516799927
20861,0.29824912548065186
20862,0.24526134133338928
20863,0.3802209794521332
20864,0.3802984654903412
20865,0.3339979350566864
20866,0.2574757933616638
20867,0.3084360361099243
20868,0.3011402189731598
20869,0.31538689136505127
20870,0.1534363329410553
20871,0.32361361384391785
20872,0.26813143491744995
20873,0.31996965408325195
20874,0.2680375277996063
20875,0.3448772132396698
20876,0.2530669569969177
20877,0.3306751251220703
20878,0.32890766859054565
20879,0.21148613095283508
20880,0.3265364170074463
20881,0.369565486907959
20882,0.2811102271080017
20883,0.27431589365005493
20884,0.2894720435142517
20885,0.30964481830596924
20886,0.28449568152427673
20887,0.26946014165878296
20888,0.26596516370773315
20889,0.40672874450683594
20890,0.12722240388393402
20891,0.3522408604621887
20892,0.3290361166000366
20893,0.22615750133991241
20894,0.20704524219036102
20895,0.3789142370223999
20896,0.11786771565675735
20897,0.10813312977552414
20898,0.1736043393611908
20899,0.30527904629707336
20900,0.21572688221931458
20901,0.4146578907966614
20902,0.22187943756580353
20903,0.3992767632007599
20904,0.3854530155658722
20905,0.5191161632537842
20906,0.20275485515594482
20907,0.28783920407295227
20908,0.2778540849685669
20909,0.274806946516037
20910,0.26948025822639465
20911,0.41528329253196716
20912,0.39346760511398315
20913,0.22147151827812195
20914,0.5411511659622192
20915,0.3405236005783081
20916,0.22796885669231415
20917,0.43932220339775085
20918,0.11889971792697906
20919,0.4632489085197449
20920,0.5456045866012573
20921,0.3088994026184082
20922,0.3858545422554016
20923,0.26079049706459045
20924,0.3096649646759033
20925,0.24745748937129974
20926,0.2156398594379425
20927,0.43609654903411865
20928,0.4831535816192627
20929,0.24060234427452087
20930,0.27738529443740845
20931,0.13734066486358643
20932,0.3841930031776428
20933,0.2468033879995346
20934,0.3017016351222992
20935,0.3059394955635071
20936,0.29924654960632324
20937,0.28595325350761414
20938,0.3939823508262634
20939,0.3475750982761383
20940,0.35423535108566284
20941,0.6257442831993103
20942,0.31774213910102844
20943,0.24873685836791992
20944,0.24678392708301544
20945,0.4428613781929016
20946,0.31879544258117676
20947,0.2714046537876129
20948,0.4456675350666046
20949,0.6803686022758484
20950,0.6260254979133606
20951,0.303420752286911
20952,0.33164528012275696
20953,0.702232301235199
20954,0.6303696036338806
20955,0.4249815344810486
20956,0.5098943114280701
20957,0.5396729111671448
20958,0.5658754706382751
20959,0.7855671048164368
20960,0.5595685243606567
20961,0.15175943076610565
20962,0.15281513333320618
20963,0.2174569070339203
20964,0.23444782197475433
20965,0.3565189838409424
20966,0.2621006667613983
20967,0.34083765745162964
20968,0.4108184278011322
20969,0.4436649680137634
20970,0.2114371359348297
20971,0.3180716335773468
20972,0.2994360327720642
20973,0.3831254541873932
20974,0.31790104508399963
20975,0.347513347864151
20976,0.5282772779464722
20977,0.5353327989578247
20978,0.5320394039154053
20979,0.25269949436187744
20980,0.37852218747138977
20981,0.3888344466686249
20982,0.2823789715766907
20983,0.3626941740512848
20984,0.5810202360153198
20985,0.4642193019390106
20986,0.36524641513824463
20987,0.27035847306251526
20988,0.5653074383735657
20989,0.40941768884658813
20990,0.45168107748031616
20991,0.484262079000473
20992,0.42794081568717957
20993,0.2535057067871094
20994,0.39479300379753113
20995,0.36369362473487854
20996,0.3365795910358429
20997,0.5004436373710632
20998,0.4874431788921356
20999,0.3681502938270569
21000,0.3461526036262512
21001,0.3274594843387604
21002,0.4501529037952423
21003,0.483638197183609
21004,0.5800433158874512
21005,0.455867737531662
21006,0.3803972601890564
21007,0.2922617197036743
21008,0.3383421301841736
21009,0.3109779953956604
21010,0.27075842022895813
21011,0.2753124237060547
21012,0.28852030634880066
21013,0.3255847096443176
21014,0.2885153591632843
21015,0.303891658782959
21016,0.35503825545310974
21017,0.3495062291622162
21018,0.2824772596359253
21019,0.2823373079299927
21020,0.27643609046936035
21021,0.318765789270401
21022,0.308789998292923
21023,0.33381035923957825
21024,0.373565137386322
21025,0.38190847635269165
21026,0.3413389325141907
21027,0.40105676651000977
21028,0.520655632019043
21029,0.3997475206851959
21030,0.22965118288993835
21031,0.2769487202167511
21032,0.2723121643066406
21033,0.4801824986934662
21034,0.3689318597316742
21035,0.35796108841896057
21036,0.3724345266819
21037,0.35238155722618103
21038,0.32076025009155273
21039,0.34576717019081116
21040,0.42477044463157654
21041,0.33921122550964355
21042,0.36741626262664795
21043,0.41895949840545654
21044,0.353921115398407
21045,0.4195805490016937
21046,0.360437273979187
21047,0.32607924938201904
21048,0.31767556071281433
21049,0.32625776529312134
21050,0.2652258574962616
21051,0.27562353014945984
21052,0.3567628562450409
21053,0.3809586465358734
21054,0.4984457790851593
21055,0.4120308458805084
21056,0.3769928514957428
21057,0.26657646894454956
21058,0.2644997835159302
21059,0.17947813868522644
21060,0.19244283437728882
21061,0.18453320860862732
21062,0.45588889718055725
21063,0.3582352101802826
21064,0.302990198135376
21065,0.4413015842437744
21066,0.5772388577461243
21067,0.497803270816803
21068,0.3368069529533386
21069,0.3919294476509094
21070,0.5566187500953674
21071,0.33588433265686035
21072,0.319629430770874
21073,0.34253814816474915
21074,0.5174514651298523
21075,0.32307153940200806
21076,0.3240031599998474
21077,0.415911465883255
21078,0.37162426114082336
21079,0.46996381878852844
21080,0.3092609941959381
21081,0.350166380405426
21082,0.2771140933036804
21083,0.2841535210609436
21084,0.3916008174419403
21085,0.37192434072494507
21086,0.2872248888015747
21087,0.4376731514930725
21088,0.4034072756767273
21089,0.23403701186180115
21090,0.22203406691551208
21091,0.26617366075515747
21092,0.3315419554710388
21093,0.4256168603897095
21094,0.2907795011997223
21095,0.23851779103279114
21096,0.300306111574173
21097,0.2737656533718109
21098,0.3271433115005493
21099,0.31027907133102417
21100,0.4533717632293701
21101,0.33130717277526855
21102,0.6152340173721313
21103,0.7623547315597534
21104,0.6903995871543884
21105,0.49741703271865845
21106,0.45442354679107666
21107,0.48883581161499023
21108,0.37775617837905884
21109,0.31022173166275024
21110,0.20005610585212708
21111,0.4130403399467468
21112,0.3725421726703644
21113,0.4550228416919708
21114,0.25794193148612976
21115,0.43783870339393616
21116,0.39851048588752747
21117,0.38246163725852966
21118,0.39881429076194763
21119,0.453664094209671
21120,0.34681621193885803
21121,0.27017220854759216
21122,0.48324117064476013
21123,0.3676833212375641
21124,0.4673694670200348
21125,0.525000810623169
21126,0.5389531254768372
21127,0.4995032250881195
21128,0.4479086101055145
21129,0.3682669997215271
21130,0.2751625180244446
21131,0.4175258278846741
21132,0.2528166174888611
21133,0.1621900349855423
21134,0.24115540087223053
21135,0.2872588634490967
21136,0.21753287315368652
21137,0.3705177903175354
21138,0.2459682673215866
21139,0.34711754322052
21140,0.30395904183387756
21141,0.3088618814945221
21142,0.37210753560066223
21143,0.4117191433906555
21144,0.4069209694862366
21145,0.38885337114334106
21146,0.4499799311161041
21147,0.31127455830574036
21148,0.46053192019462585
21149,0.5326152443885803
21150,0.35547012090682983
21151,0.3340153098106384
21152,0.4306655824184418
21153,0.43678227066993713
21154,0.29340842366218567
21155,0.34852567315101624
21156,0.4682052433490753
21157,0.5223886370658875
21158,0.4379303455352783
21159,0.48815441131591797
21160,0.37106528878211975
21161,0.27514538168907166
21162,0.25321486592292786
21163,0.2813960611820221
21164,0.4024132788181305
21165,0.42634302377700806
21166,0.4524398446083069
21167,0.375244140625
21168,0.5311152338981628
21169,0.3839876353740692
21170,0.4625818431377411
21171,0.4160713851451874
21172,0.31977322697639465
21173,0.31804022192955017
21174,0.30297231674194336
21175,0.32450103759765625
21176,0.3905819356441498
21177,0.2887680232524872
21178,0.36915451288223267
21179,0.45059335231781006
21180,0.603818416595459
21181,0.3523678779602051
21182,0.4160333573818207
21183,0.3626384437084198
21184,0.34454861283302307
21185,0.30840620398521423
21186,0.2765212059020996
21187,0.3359025716781616
21188,0.47959840297698975
21189,0.6437467336654663
21190,0.4698578417301178
21191,0.3096981942653656
21192,0.3775114119052887
21193,0.33594760298728943
21194,0.4744645357131958
21195,0.30190277099609375
21196,0.34489691257476807
21197,0.26208803057670593
21198,0.3821280598640442
21199,0.23025386035442352
21200,0.42415669560432434
21201,0.4769032299518585
21202,0.36148473620414734
21203,0.45598694682121277
21204,0.37000879645347595
21205,0.3884148597717285
21206,0.34716928005218506
21207,0.3693522810935974
21208,0.29547426104545593
21209,0.2901996076107025
21210,0.25657692551612854
21211,0.2737828195095062
21212,0.22028233110904694
21213,0.24060368537902832
21214,0.2824895977973938
21215,0.3683445453643799
21216,0.3311748206615448
21217,0.2898205816745758
21218,0.39297235012054443
21219,0.2748998701572418
21220,0.2998713254928589
21221,0.4570152163505554
21222,0.36846408247947693
21223,0.36106911301612854
21224,0.29979684948921204
21225,0.3545205593109131
21226,0.2631567120552063
21227,0.2891574203968048
21228,0.39581671357154846
21229,0.3783239424228668
21230,0.3789907693862915
21231,0.4460325241088867
21232,0.40872666239738464
21233,0.40950918197631836
21234,0.3934802711009979
21235,0.36406347155570984
21236,0.40255439281463623
21237,0.40198245644569397
21238,0.38887444138526917
21239,0.3849719762802124
21240,0.32775524258613586
21241,0.30943161249160767
21242,0.31682902574539185
21243,0.32872042059898376
21244,0.33990487456321716
21245,0.2836601734161377
21246,0.33565738797187805
21247,0.42529410123825073
21248,0.28588396310806274
21249,0.33811989426612854
21250,0.4970783591270447
21251,0.5417281985282898
21252,0.33424875140190125
21253,0.5596439838409424
21254,0.2849693298339844
21255,0.42810744047164917
21256,0.3061302900314331
21257,0.23567825555801392
21258,0.3925378620624542
21259,0.26698219776153564
21260,0.3231579065322876
21261,0.32225245237350464
21262,0.320363312959671
21263,0.4313317835330963
21264,0.6170973777770996
21265,0.34191861748695374
21266,0.3498055338859558
21267,0.258453369140625
21268,0.19218601286411285
21269,0.35359010100364685
21270,0.1886439174413681
21271,0.29941439628601074
21272,0.30551308393478394
21273,0.3359217643737793
21274,0.2851554751396179
21275,0.2785472273826599
21276,0.23013417422771454
21277,0.20423978567123413
21278,0.437359094619751
21279,0.26300543546676636
21280,0.3236158490180969
21281,0.18274100124835968
21282,0.3236069977283478
21283,0.2030618041753769
21284,0.43066567182540894
21285,0.34801650047302246
21286,0.4222448468208313
21287,0.38663890957832336
21288,0.6291817426681519
21289,0.5327131748199463
21290,0.6222634315490723
21291,0.39834707975387573
21292,0.43863287568092346
21293,0.4616122245788574
21294,0.4946102797985077
21295,0.31437355279922485
21296,0.3780866265296936
21297,0.28414586186408997
21298,0.4066463112831116
21299,0.3303523659706116
21300,0.3547390103340149
21301,0.21950681507587433
21302,0.15254716575145721
21303,0.14409296214580536
21304,0.23764948546886444
21305,0.2478993684053421
21306,0.2832173705101013
21307,0.24434894323349
21308,0.163781076669693
21309,0.2607309818267822
21310,0.4171133041381836
21311,0.45095932483673096
21312,0.25860702991485596
21313,0.3077491223812103
21314,0.37404555082321167
21315,0.3835069537162781
21316,0.3257255256175995
21317,0.35554933547973633
21318,0.480724036693573
21319,0.34786456823349
21320,0.3834344446659088
21321,0.4029616415500641
21322,0.42009058594703674
21323,0.4344201982021332
21324,0.47025200724601746
21325,0.4445928633213043
21326,0.33212003111839294
21327,0.3981330096721649
21328,0.35131385922431946
21329,0.39716580510139465
21330,0.32880502939224243
21331,0.4669586420059204
21332,0.46591898798942566
21333,0.3653247356414795
21334,0.3116327226161957
21335,0.3857404291629791
21336,0.4109156131744385
21337,0.3798861503601074
21338,0.39883533120155334
21339,0.4987276792526245
21340,0.43242961168289185
21341,0.3974761366844177
21342,0.3397688865661621
21343,0.3946027457714081
21344,0.4749549925327301
21345,0.5237942934036255
21346,0.3803025782108307
21347,0.35607126355171204
21348,0.34477296471595764
21349,0.39385974407196045
21350,0.4136343002319336
21351,0.4905456304550171
21352,0.48959967494010925
21353,0.4797019362449646
21354,0.4349919855594635
21355,0.3057727515697479
21356,0.3541448414325714
21357,0.3986136019229889
21358,0.3921950161457062
21359,0.35912132263183594
21360,0.4156022071838379
21361,0.4798237681388855
21362,0.45141106843948364
21363,0.16540108621120453
21364,0.2569984793663025
21365,0.1678045690059662
21366,0.1359548717737198
21367,0.3077291250228882
21368,0.319193035364151
21369,0.38019856810569763
21370,0.15684860944747925
21371,0.2304074913263321
21372,0.15235188603401184
21373,0.1686018854379654
21374,0.2065657675266266
21375,0.20185621082782745
21376,0.2145964801311493
21377,0.24374842643737793
21378,0.24120378494262695
21379,0.2236914187669754
21380,0.2082710713148117
21381,0.1821071058511734
21382,0.17885465919971466
21383,0.19205641746520996
21384,0.2095947414636612
21385,0.2228481024503708
21386,0.2248966097831726
21387,0.21529068052768707
21388,0.19902317225933075
21389,0.1912813037633896
21390,0.16432906687259674
21391,0.15044066309928894
21392,0.1453292816877365
21393,0.1677113175392151
21394,0.18535062670707703
21395,0.1967228204011917
21396,0.19717057049274445
21397,0.1917719841003418
21398,0.22189980745315552
21399,0.23144690692424774
21400,0.15408353507518768
21401,0.14923425018787384
21402,0.15892767906188965
21403,0.1494073122739792
21404,0.17337386310100555
21405,0.18963591754436493
21406,0.1894979029893875
21407,0.19094569981098175
21408,0.20626235008239746
21409,0.20865890383720398
21410,0.18846677243709564
21411,0.1884339153766632
21412,0.20416656136512756
21413,0.1702413558959961
21414,0.18529681861400604
21415,0.19389256834983826
21416,0.18237146735191345
21417,0.16772404313087463
21418,0.19496731460094452
21419,0.18001265823841095
21420,0.17078275978565216
21421,0.22494153678417206
21422,0.22501051425933838
21423,0.22329646348953247
21424,0.20019149780273438
21425,0.17071309685707092
21426,0.19514885544776917
21427,0.19290471076965332
21428,0.15817971527576447
21429,0.13308598101139069
21430,0.1331489086151123
21431,0.16954639554023743
21432,0.2815145254135132
21433,0.3161925673484802
21434,0.2558031678199768
21435,0.31972116231918335
21436,0.2862205505371094
21437,0.5621387958526611
21438,0.48616209626197815
21439,0.5075621604919434
21440,0.24897772073745728
21441,0.4305144250392914
21442,0.3596181869506836
21443,0.373860627412796
21444,0.5105246901512146
21445,0.48023149371147156
21446,0.45513758063316345
21447,0.6852288246154785
21448,0.7041701078414917
21449,0.692030131816864
21450,0.458326518535614
21451,0.26535165309906006
21452,0.30780109763145447
21453,0.31044915318489075
21454,0.320353239774704
21455,0.3239140808582306
21456,0.2860303819179535
21457,0.288017600774765
21458,0.28834205865859985
21459,0.28462767601013184
21460,0.2583383619785309
21461,0.2713296115398407
21462,0.2722187042236328
21463,0.19954702258110046
21464,0.3219126760959625
21465,0.318105548620224
21466,0.2887573838233948
21467,0.3045681416988373
21468,0.31375017762184143
21469,0.33135688304901123
21470,0.3005509078502655
21471,0.3448924124240875
21472,0.26973262429237366
21473,0.2918451428413391
21474,0.28109976649284363
21475,0.2672607898712158
21476,0.22124628722667694
21477,0.27571162581443787
21478,0.24749313294887543
21479,0.25222325325012207
21480,0.2758336067199707
21481,0.3143637776374817
21482,0.33254122734069824
21483,0.25693953037261963
21484,0.25207558274269104
21485,0.2702227830886841
21486,0.262275755405426
21487,0.31442126631736755
21488,0.3032901883125305
21489,0.3270505964756012
21490,0.29896143078804016
21491,0.2843610942363739
21492,0.31179213523864746
21493,0.30783089995384216
21494,0.3384712338447571
21495,0.3587224781513214
21496,0.30020812153816223
21497,0.35175296664237976
21498,0.32498812675476074
21499,0.3143438994884491
21500,0.32070234417915344
21501,0.3212231397628784
21502,0.32098448276519775
21503,0.3373751640319824
21504,0.41160109639167786
21505,0.433956116437912
21506,0.4196631610393524
21507,0.37307947874069214
21508,0.3155970573425293
21509,0.32025566697120667
21510,0.37909749150276184
21511,0.35484352707862854
21512,0.29016146063804626
21513,0.27195966243743896
21514,0.2740228772163391
21515,0.2596096694469452
21516,0.22216662764549255
21517,0.2238793969154358
21518,0.2476949244737625
21519,0.22265291213989258
21520,0.2294013649225235
21521,0.25209149718284607
21522,0.2789877951145172
21523,0.2797982394695282
21524,0.2896251380443573
21525,0.28779101371765137
21526,0.3038424253463745
21527,0.31284716725349426
21528,0.2853889763355255
21529,0.2689110338687897
21530,0.2882719337940216
21531,0.19449308514595032
21532,0.18861329555511475
21533,0.1929185539484024
21534,0.24345986545085907
21535,0.24476705491542816
21536,0.2551663815975189
21537,0.25414249300956726
21538,0.23634645342826843
21539,0.22471073269844055
21540,0.20577865839004517
21541,0.2043648064136505
21542,0.1904175728559494
21543,0.21046729385852814
21544,0.18654203414916992
21545,0.2562679648399353
21546,0.22858203947544098
21547,0.2976767420768738
21548,0.2929983139038086
21549,0.24084144830703735
21550,0.24403077363967896
21551,0.20647096633911133
21552,0.2421678602695465
21553,0.26046329736709595
21554,0.22668209671974182
21555,0.31032702326774597
21556,0.2428232878446579
21557,0.3309924006462097
21558,0.2725876271724701
21559,0.2424883097410202
21560,0.25641849637031555
21561,0.2779283821582794
21562,0.2695825695991516
21563,0.15947246551513672
21564,0.15512071549892426
21565,0.1601848602294922
21566,0.20408011972904205
21567,0.23637863993644714
21568,0.2808442711830139
21569,0.30871737003326416
21570,0.2964661717414856
21571,0.2510641813278198
21572,0.17953824996948242
21573,0.19165123999118805
21574,0.2374032735824585
21575,0.22381797432899475
21576,0.21607525646686554
21577,0.3082989454269409
21578,0.31437093019485474
21579,0.23095515370368958
21580,0.31019899249076843
21581,0.27096250653266907
21582,0.23938147723674774
21583,0.22392284870147705
21584,0.17997172474861145
21585,0.18736673891544342
21586,0.3097122311592102
21587,0.2911616563796997
21588,0.34102165699005127
21589,0.32025256752967834
21590,0.3358412981033325
21591,0.32501158118247986
21592,0.34000423550605774
21593,0.3050433099269867
21594,0.27800828218460083
21595,0.30795007944107056
21596,0.27044951915740967
21597,0.23033523559570312
21598,0.2039714753627777
21599,0.18864108622074127
21600,0.22286881506443024
21601,0.2782652974128723
21602,0.2606373429298401
21603,0.24031522870063782
21604,0.23667293787002563
21605,0.19258536398410797
21606,0.22524793446063995
21607,0.25895801186561584
21608,0.2642073333263397
21609,0.2646830677986145
21610,0.28413015604019165
21611,0.2379206269979477
21612,0.23875930905342102
21613,0.25780394673347473
21614,0.24078784883022308
21615,0.23302032053470612
21616,0.22404220700263977
21617,0.2300734966993332
21618,0.24879704415798187
21619,0.27449870109558105
21620,0.2717697322368622
21621,0.24625371396541595
21622,0.1979391723871231
21623,0.1967685967683792
21624,0.20193570852279663
21625,0.2166418731212616
21626,0.18860486149787903
21627,0.19630980491638184
21628,0.19113633036613464
21629,0.1889677345752716
21630,0.17629912495613098
21631,0.18637175858020782
21632,0.17706182599067688
21633,0.19761845469474792
21634,0.20200109481811523
21635,0.16585826873779297
21636,0.1756613850593567
21637,0.19789601862430573
21638,0.22079209983348846
21639,0.21110989153385162
21640,0.23156869411468506
21641,0.28120672702789307
21642,0.2537474036216736
21643,0.25149810314178467
21644,0.25219544768333435
21645,0.2717434763908386
21646,0.23063084483146667
21647,0.2757115066051483
21648,0.21259108185768127
21649,0.22587691247463226
21650,0.2695331573486328
21651,0.24389757215976715
21652,0.29397881031036377
21653,0.30563879013061523
21654,0.2845931947231293
21655,0.2611634135246277
21656,0.3213467299938202
21657,0.34119245409965515
21658,0.2841009497642517
21659,0.23470106720924377
21660,0.25017401576042175
21661,0.22520190477371216
21662,0.22953495383262634
21663,0.22924329340457916
21664,0.2408054620027542
21665,0.23724064230918884
21666,0.25194251537323
21667,0.24788151681423187
21668,0.23540392518043518
21669,0.21495017409324646
21670,0.22066162526607513
21671,0.20360296964645386
21672,0.21261204779148102
21673,0.22314080595970154
21674,0.2351517379283905
21675,0.25358447432518005
21676,0.19786177575588226
21677,0.242606520652771
21678,0.23711887001991272
21679,0.32621514797210693
21680,0.21869239211082458
21681,0.18132400512695312
21682,0.19172091782093048
21683,0.1852445751428604
21684,0.16373634338378906
21685,0.16766607761383057
21686,0.2792063355445862
21687,0.26406410336494446
21688,0.2649044096469879
21689,0.2403109073638916
21690,0.261386513710022
21691,0.25555604696273804
21692,0.2599990963935852
21693,0.24829621613025665
21694,0.2283325046300888
21695,0.25025317072868347
21696,0.2416832447052002
21697,0.2512122094631195
21698,0.2306222766637802
21699,0.22913168370723724
21700,0.20307880640029907
21701,0.18389484286308289
21702,0.22014686465263367
21703,0.19867628812789917
21704,0.18615354597568512
21705,0.1922697275876999
21706,0.20478129386901855
21707,0.24012963473796844
21708,0.2652530372142792
21709,0.29844173789024353
21710,0.3099576234817505
21711,0.20125147700309753
21712,0.16815167665481567
21713,0.20215961337089539
21714,0.20262686908245087
21715,0.25145140290260315
21716,0.2314169704914093
21717,0.20377352833747864
21718,0.22232340276241302
21719,0.22009384632110596
21720,0.2204388678073883
21721,0.23165759444236755
21722,0.2326192706823349
21723,0.26677650213241577
21724,0.2525702714920044
21725,0.2922702729701996
21726,0.27942273020744324
21727,0.39553961157798767
21728,0.4478719234466553
21729,0.29224252700805664
21730,0.3843936026096344
21731,0.26110365986824036
21732,0.3913317918777466
21733,0.2598360478878021
21734,0.4009399116039276
21735,0.4843483567237854
21736,0.22770586609840393
21737,0.27973949909210205
21738,0.315262109041214
21739,0.2953549921512604
21740,0.3161267936229706
21741,0.34724950790405273
21742,0.4464171528816223
21743,0.5059235095977783
21744,0.5001800656318665
21745,0.34420621395111084
21746,0.3237555921077728
21747,0.3667406737804413
21748,0.3820434510707855
21749,0.43557411432266235
21750,0.4964315593242645
21751,0.4870608150959015
21752,0.30143967270851135
21753,0.26577839255332947
21754,0.2629244327545166
21755,0.24602273106575012
21756,0.32340165972709656
21757,0.33142125606536865
21758,0.31298282742500305
21759,0.35174229741096497
21760,0.379080206155777
21761,0.3964042067527771
21762,0.2968085706233978
21763,0.28022250533103943
21764,0.3787095546722412
21765,0.3843114674091339
21766,0.42114824056625366
21767,0.4660183787345886
21768,0.35011669993400574
21769,0.47450971603393555
21770,0.4057667553424835
21771,0.407942533493042
21772,0.3120718002319336
21773,0.33017951250076294
21774,0.46635690331459045
21775,0.5503539443016052
21776,0.4894503057003021
21777,0.5565401911735535
21778,0.34850844740867615
21779,0.313231498003006
21780,0.3015504777431488
21781,0.31570932269096375
21782,0.2720833420753479
21783,0.18213145434856415
21784,0.3048911690711975
21785,0.2920798063278198
21786,0.41616520285606384
21787,0.4261243939399719
21788,0.4039129614830017
21789,0.42205753922462463
21790,0.32376378774642944
21791,0.3697570264339447
21792,0.38776570558547974
21793,0.361270546913147
21794,0.338829904794693
21795,0.3087902069091797
21796,0.30597424507141113
21797,0.3661067485809326
21798,0.35825714468955994
21799,0.30888262391090393
21800,0.36554741859436035
21801,0.2712431252002716
21802,0.33486783504486084
21803,0.3555224537849426
21804,0.348200261592865
21805,0.37435096502304077
21806,0.3368823826313019
21807,0.3576258420944214
21808,0.4300786852836609
21809,0.4340643286705017
21810,0.48325201869010925
21811,0.43475067615509033
21812,0.35450848937034607
21813,0.3223964273929596
21814,0.28815364837646484
21815,0.3424469530582428
21816,0.36049163341522217
21817,0.4316525459289551
21818,0.4386589229106903
21819,0.44287407398223877
21820,0.3891277611255646
21821,0.3896343410015106
21822,0.42809510231018066
21823,0.42799699306488037
21824,0.3863021731376648
21825,0.47877877950668335
21826,0.4468352198600769
21827,0.35891786217689514
21828,0.38021981716156006
21829,0.40467342734336853
21830,0.4404180943965912
21831,0.4617059528827667
21832,0.4367523193359375
21833,0.38578665256500244
21834,0.46746429800987244
21835,0.4139876663684845
21836,0.5189630389213562
21837,0.4590110182762146
21838,0.5895048975944519
21839,0.6183147430419922
21840,0.5504610538482666
21841,0.5703548192977905
21842,0.5587174892425537
21843,0.4478519558906555
21844,0.49901407957077026
21845,0.4653085768222809
21846,0.41673630475997925
21847,0.5257962346076965
21848,0.5231229066848755
21849,0.44571346044540405
21850,0.5892561674118042
21851,0.4574835002422333
21852,0.4193606376647949
21853,0.2692358195781708
21854,0.37209436297416687
21855,0.40241649746894836
21856,0.4080502390861511
21857,0.3889680504798889
21858,0.366687536239624
21859,0.3311194181442261
21860,0.30365318059921265
21861,0.27670732140541077
21862,0.35082563757896423
21863,0.39799031615257263
21864,0.4350612461566925
21865,0.39110592007637024
21866,0.36405524611473083
21867,0.40647006034851074
21868,0.46635904908180237
21869,0.4287593960762024
21870,0.48493701219558716
21871,0.5348360538482666
21872,0.5039826035499573
21873,0.47773489356040955
21874,0.4638942778110504
21875,0.46110329031944275
21876,0.3828713893890381
21877,0.36969423294067383
21878,0.38995474576950073
21879,0.39314600825309753
21880,0.3999898135662079
21881,0.39960289001464844
21882,0.42594096064567566
21883,0.44438719749450684
21884,0.4161549210548401
21885,0.4212224781513214
21886,0.39683642983436584
21887,0.3882758319377899
21888,0.41571056842803955
21889,0.3925274908542633
21890,0.3656429350376129
21891,0.3745584189891815
21892,0.3839387595653534
21893,0.37199923396110535
21894,0.38857725262641907
21895,0.39652585983276367
21896,0.368073046207428
21897,0.3768802881240845
21898,0.40284737944602966
21899,0.3898107707500458
21900,0.37402650713920593
21901,0.3832981288433075
21902,0.39952364563941956
21903,0.40428295731544495
21904,0.5474729537963867
21905,0.4797043204307556
21906,0.31797361373901367
21907,0.46095114946365356
21908,0.5593004822731018
21909,0.5083814263343811
21910,0.5493449568748474
21911,0.6082299947738647
21912,0.5289969444274902
21913,0.48434337973594666
21914,0.5051021575927734
21915,0.5354414582252502
21916,0.2654031217098236
21917,0.5243015289306641
21918,0.3252096474170685
21919,0.4240911602973938
21920,0.40419304370880127
21921,0.46452853083610535
21922,0.43921250104904175
21923,0.44119808077812195
21924,0.5377370119094849
21925,0.46914032101631165
21926,0.5576927065849304
21927,0.4536263346672058
21928,0.4406738877296448
21929,0.5247975587844849
21930,0.4256379008293152
21931,0.4307613670825958
21932,0.5410271883010864
21933,0.5358808636665344
21934,0.4024098813533783
21935,0.5105799436569214
21936,0.3862329125404358
21937,0.42224544286727905
21938,0.3689795136451721
21939,0.3689189553260803
21940,0.4644101858139038
21941,0.511598527431488
21942,0.5246651768684387
21943,0.5062380433082581
21944,0.3413589596748352
21945,0.4763583838939667
21946,0.4097105860710144
21947,0.46623560786247253
21948,0.3803614377975464
21949,0.49605071544647217
21950,0.5166704058647156
21951,0.5385675430297852
21952,0.48677459359169006
21953,0.418356329202652
21954,0.37963491678237915
21955,0.44504162669181824
21956,0.38341429829597473
21957,0.3516486585140228
21958,0.6021024584770203
21959,0.461701899766922
21960,0.5663982033729553
21961,0.44827401638031006
21962,0.40184029936790466
21963,0.35695937275886536
21964,0.4309242069721222
21965,0.4504874050617218
21966,0.4337368905544281
21967,0.43965181708335876
21968,0.5001031160354614
21969,0.5027837753295898
21970,0.32812318205833435
21971,0.39786219596862793
21972,0.39594587683677673
21973,0.33457085490226746
21974,0.2672319710254669
21975,0.3709079623222351
21976,0.3227997422218323
21977,0.3178066611289978
21978,0.3587656021118164
21979,0.36091455817222595
21980,0.3904781937599182
21981,0.428912490606308
21982,0.3811691403388977
21983,0.39658984541893005
21984,0.42814329266548157
21985,0.46064457297325134
21986,0.42310526967048645
21987,0.38668903708457947
21988,0.33912938833236694
21989,0.2912784814834595
21990,0.3808959722518921
21991,0.3987686336040497
21992,0.36140313744544983
21993,0.4412566125392914
21994,0.2615445554256439
21995,0.2795283794403076
21996,0.40852630138397217
21997,0.33114859461784363
21998,0.3083672523498535
21999,0.2922833263874054
22000,0.2905653715133667
22001,0.36884286999702454
22002,0.29877012968063354
22003,0.42687126994132996
22004,0.4324938952922821
22005,0.32173052430152893
22006,0.41174542903900146
22007,0.25192227959632874
22008,0.3680502474308014
22009,0.3712104558944702
22010,0.2400338351726532
22011,0.23896688222885132
22012,0.37682968378067017
22013,0.314793199300766
22014,0.3988385498523712
22015,0.38400062918663025
22016,0.29823067784309387
22017,0.20243270695209503
22018,0.1901821792125702
22019,0.1889585554599762
22020,0.1580047309398651
22021,0.16925740242004395
22022,0.18925350904464722
22023,0.17942269146442413
22024,0.1708788424730301
22025,0.17909123003482819
22026,0.16791538894176483
22027,0.16836142539978027
22028,0.1633041501045227
22029,0.15219496190547943
22030,0.15937967598438263
22031,0.17498397827148438
22032,0.17400625348091125
22033,0.20583786070346832
22034,0.2167927473783493
22035,0.21565501391887665
22036,0.2229594886302948
22037,0.19716677069664001
22038,0.19360843300819397
22039,0.19348770380020142
22040,0.15952438116073608
22041,0.17767444252967834
22042,0.1885109841823578
22043,0.2092808187007904
22044,0.190299391746521
22045,0.20504169166088104
22046,0.20588167011737823
22047,0.18178223073482513
22048,0.18766844272613525
22049,0.18139620125293732
22050,0.17998400330543518
22051,0.17385128140449524
22052,0.17671996355056763
22053,0.18244270980358124
22054,0.18570570647716522
22055,0.18132714927196503
22056,0.1881062239408493
22057,0.18602247536182404
22058,0.1906391829252243
22059,0.18465650081634521
22060,0.20207300782203674
22061,0.19623073935508728
22062,0.19210433959960938
22063,0.19921550154685974
22064,0.21379590034484863
22065,0.25314411520957947
22066,0.18546441197395325
22067,0.17266790568828583
22068,0.16101215779781342
22069,0.1705123633146286
22070,0.1812160313129425
22071,0.17291654646396637
22072,0.194264218211174
22073,0.19561387598514557
22074,0.1923363208770752
22075,0.18036550283432007
22076,0.17693574726581573
22077,0.190175861120224
22078,0.1825716644525528
22079,0.19288061559200287
22080,0.19447383284568787
22081,0.1430439054965973
22082,0.1454474776983261
22083,0.39443880319595337
22084,0.24847199022769928
22085,0.37676170468330383
22086,0.3912945091724396
22087,0.36040568351745605
22088,0.3734988272190094
22089,0.4119938910007477
22090,0.46955668926239014
22091,0.5319787263870239
22092,0.531488299369812
22093,0.49435845017433167
22094,0.5243297815322876
22095,0.5046495199203491
22096,0.4848528802394867
22097,0.42848801612854004
22098,0.45837751030921936
22099,0.4792012870311737
22100,0.48529842495918274
22101,0.4292309582233429
22102,0.32925671339035034
22103,0.3861594796180725
22104,0.4121383726596832
22105,0.38138049840927124
22106,0.413089394569397
22107,0.4238111078739166
22108,0.40800362825393677
22109,0.4012008011341095
22110,0.42386847734451294
22111,0.4381501376628876
22112,0.40984633564949036
22113,0.40984633564949036
22114,0.40823253989219666
22115,0.39338943362236023
22116,0.3754037618637085
22117,0.355501264333725
22118,0.3973018527030945
22119,0.42135801911354065
22120,0.4146822690963745
22121,0.42668455839157104
22122,0.471462607383728
22123,0.3778742849826813
22124,0.4103623330593109
22125,0.271197110414505
22126,0.22437456250190735
22127,0.23646089434623718
22128,0.22328093647956848
22129,0.3020063638687134
22130,0.21018391847610474
22131,0.4458322823047638
22132,0.1528061330318451
22133,0.1563703864812851
22134,0.16202862560749054
22135,0.17519555985927582
22136,0.17400717735290527
22137,0.19771049916744232
22138,0.20689833164215088
22139,0.18237967789173126
22140,0.16815079748630524
22141,0.20060810446739197
22142,0.17660732567310333
22143,0.20289766788482666
22144,0.13961313664913177
22145,0.12678317725658417
22146,0.11033885926008224
22147,0.3260157108306885
22148,0.2981342673301697
22149,0.33758118748664856
22150,0.31419214606285095
22151,0.29025381803512573
22152,0.23859618604183197
22153,0.24205809831619263
22154,0.2769378423690796
22155,0.3011951446533203
22156,0.3012707233428955
22157,0.272650808095932
22158,0.29763635993003845
22159,0.24229812622070312
22160,0.27023178339004517
22161,0.3290333151817322
22162,0.305799663066864
22163,0.2826152741909027
22164,0.2895016074180603
22165,0.2785475552082062
22166,0.296647310256958
22167,0.2835618257522583
22168,0.29180625081062317
22169,0.2991546392440796
22170,0.2962440550327301
22171,0.3214331567287445
22172,0.3389722406864166
22173,0.33975911140441895
22174,0.34347471594810486
22175,0.3250444531440735
22176,0.30740267038345337
22177,0.32818204164505005
22178,0.3247278034687042
22179,0.2797401547431946
22180,0.32471010088920593
22181,0.25671207904815674
22182,0.3219660520553589
22183,0.33682259917259216
22184,0.29724860191345215
22185,0.32195618748664856
22186,0.3258492350578308
22187,0.30646049976348877
22188,0.26927006244659424
22189,0.2880714535713196
22190,0.29350823163986206
22191,0.272610068321228
22192,0.2617643475532532
22193,0.26992133259773254
22194,0.2679417133331299
22195,0.26321667432785034
22196,0.20106752216815948
22197,0.2673410475254059
22198,0.22438764572143555
22199,0.23635952174663544
22200,0.2674620747566223
22201,0.3041282892227173
22202,0.2620660066604614
22203,0.24571801722049713
22204,0.24868535995483398
22205,0.23128719627857208
22206,0.22246021032333374
22207,0.20823127031326294
22208,0.22827500104904175
22209,0.2712261378765106
22210,0.2174941599369049
22211,0.2446577250957489
22212,0.2142580896615982
22213,0.24340268969535828
22214,0.22503620386123657
22215,0.22932448983192444
22216,0.21386533975601196
22217,0.19694244861602783
22218,0.2104896456003189
22219,0.2233583927154541
22220,0.23584908246994019
22221,0.24250149726867676
22222,0.22498033940792084
22223,0.20221412181854248
22224,0.2569902837276459
22225,0.2128629982471466
22226,0.27382928133010864
22227,0.2361256629228592
22228,0.2766462564468384
22229,0.26430273056030273
22230,0.2540430426597595
22231,0.24637813866138458
22232,0.21390892565250397
22233,0.20386581122875214
22234,0.18639682233333588
22235,0.18118709325790405
22236,0.18717247247695923
22237,0.19260309636592865
22238,0.1703939586877823
22239,0.15792012214660645
22240,0.18977850675582886
22241,0.26365044713020325
22242,0.2708214819431305
22243,0.24081116914749146
22244,0.20796063542366028
22245,0.21138539910316467
22246,0.2199062705039978
22247,0.24879324436187744
22248,0.26681360602378845
22249,0.2665252089500427
22250,0.241402730345726
22251,0.23621317744255066
22252,0.2207845151424408
22253,0.1640605628490448
22254,0.1651412844657898
22255,0.1655791848897934
22256,0.15525811910629272
22257,0.15441472828388214
22258,0.16503988206386566
22259,0.1514512449502945
22260,0.1662803590297699
22261,0.1897832304239273
22262,0.19259290397167206
22263,0.17188560962677002
22264,0.16796259582042694
22265,0.1823328286409378
22266,0.15937715768814087
22267,0.19447112083435059
22268,0.24991191923618317
22269,0.23906250298023224
22270,0.2202344834804535
22271,0.19345209002494812
22272,0.17711827158927917
22273,0.17977462708950043
22274,0.2156221568584442
22275,0.23169569671154022
22276,0.2132968157529831
22277,0.20725180208683014
22278,0.1967717707157135
22279,0.18964752554893494
22280,0.23661372065544128
22281,0.26652511954307556
22282,0.23766246438026428
22283,0.20426739752292633
22284,0.22359441220760345
22285,0.21708475053310394
22286,0.24104036390781403
22287,0.22766181826591492
22288,0.23402196168899536
22289,0.23122651875019073
22290,0.22895346581935883
22291,0.232109934091568
22292,0.24895673990249634
22293,0.2460019588470459
22294,0.26715654134750366
22295,0.31029027700424194
22296,0.2995336651802063
22297,0.25445878505706787
22298,0.304161936044693
22299,0.31967365741729736
22300,0.31596261262893677
22301,0.3016760051250458
22302,0.2673678398132324
22303,0.2836029529571533
22304,0.2777596414089203
22305,0.28659942746162415
22306,0.2582891583442688
22307,0.23955227434635162
22308,0.19889432191848755
22309,0.3909490704536438
22310,0.42082881927490234
22311,0.5121824741363525
22312,0.20139142870903015
22313,0.23248077929019928
22314,0.26910144090652466
22315,0.26375001668930054
22316,0.3010571002960205
22317,0.29749980568885803
22318,0.2325417548418045
22319,0.21611158549785614
22320,0.1803552508354187
22321,0.23429153859615326
22322,0.16569827497005463
22323,0.20578865706920624
22324,0.2154577523469925
22325,0.1595720797777176
22326,0.20758777856826782
22327,0.2101617306470871
22328,0.22709625959396362
22329,0.21564152836799622
22330,0.24115979671478271
22331,0.26568835973739624
22332,0.2712950110435486
22333,0.2389357089996338
22334,0.1824706494808197
22335,0.2222740352153778
22336,0.19386588037014008
22337,0.22891776263713837
22338,0.2477027177810669
22339,0.24565860629081726
22340,0.19349850714206696
22341,0.22475466132164001
22342,0.22986842691898346
22343,0.24063970148563385
22344,0.24795646965503693
22345,0.22826127707958221
22346,0.22120799124240875
22347,0.2326740026473999
22348,0.21807460486888885
22349,0.2374352514743805
22350,0.16850969195365906
22351,0.18038344383239746
22352,0.19019395112991333
22353,0.21881331503391266
22354,0.20038819313049316
22355,0.252951055765152
22356,0.2388475090265274
22357,0.244730606675148
22358,0.2560373544692993
22359,0.2834461033344269
22360,0.28117677569389343
22361,0.28641477227211
22362,0.27643442153930664
22363,0.2367250770330429
22364,0.2675227224826813
22365,0.2835972309112549
22366,0.29226967692375183
22367,0.2549496591091156
22368,0.2619069218635559
22369,0.22284486889839172
22370,0.18694095313549042
22371,0.2647368013858795
22372,0.1890169233083725
22373,0.20512929558753967
22374,0.18466024100780487
22375,0.21975938975811005
22376,0.2472364902496338
22377,0.2577809989452362
22378,0.24569013714790344
22379,0.20141452550888062
22380,0.2146776169538498
22381,0.22914180159568787
22382,0.22228573262691498
22383,0.2115543782711029
22384,0.22430995106697083
22385,0.2525441646575928
22386,0.2491816282272339
22387,0.22456827759742737
22388,0.2272980809211731
22389,0.23827549815177917
22390,0.20588302612304688
22391,0.2253415286540985
22392,0.2152092158794403
22393,0.21311409771442413
22394,0.22521810233592987
22395,0.2318573296070099
22396,0.22753199934959412
22397,0.25674521923065186
22398,0.22195246815681458
22399,0.24761173129081726
22400,0.22284625470638275
22401,0.2324286699295044
22402,0.18878966569900513
22403,0.20245233178138733
22404,0.19465702772140503
22405,0.20424069464206696
22406,0.18167854845523834
22407,0.17392617464065552
22408,0.2117328643798828
22409,0.21831706166267395
22410,0.22584770619869232
22411,0.218144953250885
22412,0.2246793508529663
22413,0.24056601524353027
22414,0.24846862256526947
22415,0.2241014838218689
22416,0.24983423948287964
22417,0.24457098543643951
22418,0.21820645034313202
22419,0.20603890717029572
22420,0.3101271390914917
22421,0.28164565563201904
22422,0.20124869048595428
22423,0.2492697387933731
22424,0.22711312770843506
22425,0.20406731963157654
22426,0.20830947160720825
22427,0.2282523512840271
22428,0.2420177459716797
22429,0.20392721891403198
22430,0.19527672231197357
22431,0.18150368332862854
22432,0.1824605017900467
22433,0.16505305469036102
22434,0.20690323412418365
22435,0.251522034406662
22436,0.21490611135959625
22437,0.19467832148075104
22438,0.17525316774845123
22439,0.16307470202445984
22440,0.16909930109977722
22441,0.1932336688041687
22442,0.1948709338903427
22443,0.18722470104694366
22444,0.19827115535736084
22445,0.18813727796077728
22446,0.18340161442756653
22447,0.16938139498233795
22448,0.18523719906806946
22449,0.21166758239269257
22450,0.2008950263261795
22451,0.21637526154518127
22452,0.21360957622528076
22453,0.206315279006958
22454,0.1980183869600296
22455,0.23626172542572021
22456,0.20516496896743774
22457,0.2212458997964859
22458,0.23839807510375977
22459,0.22955924272537231
22460,0.2178730070590973
22461,0.2192036658525467
22462,0.2079293429851532
22463,0.1901802271604538
22464,0.18755686283111572
22465,0.19711317121982574
22466,0.1818717122077942
22467,0.1881093680858612
22468,0.25382184982299805
22469,0.2495114952325821
22470,0.2797834575176239
22471,0.1466607004404068
22472,0.26246315240859985
22473,0.5155448913574219
22474,0.5436755418777466
22475,0.5994090437889099
22476,0.5759274959564209
22477,0.39321714639663696
22478,0.42153316736221313
22479,0.3889111280441284
22480,0.41589516401290894
22481,0.3922111690044403
22482,0.34289902448654175
22483,0.4261399805545807
22484,0.46433115005493164
22485,0.3203451931476593
22486,0.5120100975036621
22487,0.41764089465141296
22488,0.7531355619430542
22489,0.8172885775566101
22490,0.47757551074028015
22491,0.30262118577957153
22492,0.5267024040222168
22493,0.4060594141483307
22494,0.41092541813850403
22495,0.6481696367263794
22496,0.5212262272834778
22497,0.40914466977119446
22498,0.42586687207221985
22499,0.4176289439201355
22500,0.4565848112106323
22501,0.4317359924316406
22502,0.4675025939941406
22503,0.38049066066741943
22504,0.38004249334335327
22505,0.39515742659568787
22506,0.4555108845233917
22507,0.5466331839561462
22508,0.45058390498161316
22509,0.5714221000671387
22510,0.40684136748313904
22511,0.3531678318977356
22512,0.22699382901191711
22513,0.27668073773384094
22514,0.3670002520084381
22515,0.2523491382598877
22516,0.42151910066604614
22517,0.42909425497055054
22518,0.5313175916671753
22519,0.5268380641937256
22520,0.3069978654384613
22521,0.4452594518661499
22522,0.4557814300060272
22523,0.46778252720832825
22524,0.48283571004867554
22525,0.47293227910995483
22526,0.4367316961288452
22527,0.46902647614479065
22528,0.3104826807975769
22529,0.23465940356254578
22530,0.2631826400756836
22531,0.2716602683067322
22532,0.37826457619667053
22533,0.18046747148036957
22534,0.22144638001918793
22535,0.18236398696899414
22536,0.24751345813274384
22537,0.5340022444725037
22538,0.2406987100839615
22539,0.26085785031318665
22540,0.26086825132369995
22541,0.35783132910728455
22542,0.3709603548049927
22543,0.3249911367893219
22544,0.3682381510734558
22545,0.37033748626708984
22546,0.1559501439332962
22547,0.09788055717945099
22548,0.4326099455356598
22549,0.664991557598114
22550,0.3909980356693268
22551,0.2771451771259308
22552,0.3541887700557709
22553,0.5686931610107422
22554,0.7497627139091492
22555,0.6682903170585632
22556,0.6379562616348267
22557,0.5369202494621277
22558,0.531740665435791
22559,0.5553511381149292
22560,0.594796895980835
22561,0.5579947829246521
22562,0.56306391954422
22563,0.6019557118415833
22564,0.7544777393341064
22565,0.5402539968490601
22566,0.580548107624054
22567,0.6824519634246826
22568,0.7356189489364624
22569,0.659566342830658
22570,0.5722416639328003
22571,0.6183255910873413
22572,0.596869170665741
22573,0.6222410202026367
22574,0.7417566776275635
22575,0.5768351554870605
22576,0.6180530190467834
22577,0.6723160147666931
22578,0.679588794708252
22579,0.7433784008026123
22580,0.7553542852401733
22581,0.5667892694473267
22582,0.7049719095230103
22583,0.7715048789978027
22584,0.6302869319915771
22585,0.6306176781654358
22586,0.624156653881073
22587,0.6113455295562744
22588,0.604962944984436
22589,0.4543839991092682
22590,0.6117207407951355
22591,0.4405747652053833
22592,0.534773588180542
22593,0.41891980171203613
22594,0.5223753452301025
22595,0.4210537374019623
22596,0.580982506275177
22597,0.44509971141815186
22598,0.45652106404304504
22599,0.5059433579444885
22600,0.48310208320617676
22601,0.4852682650089264
22602,0.47951292991638184
22603,0.48136061429977417
22604,0.5987794995307922
22605,0.4988451302051544
22606,0.6070808172225952
22607,0.5376392602920532
22608,0.5376392602920532
22609,0.5494480729103088
22610,0.4223148226737976
22611,0.4251078963279724
22612,0.49130403995513916
22613,0.5216497182846069
22614,0.5256661772727966
22615,0.5256661772727966
22616,0.41447728872299194
22617,0.5011751055717468
22618,0.5734739303588867
22619,0.4929106831550598
22620,0.49424800276756287
22621,0.47713083028793335
22622,0.39699095487594604
22623,0.40496304631233215
22624,0.42663824558258057
22625,0.396060973405838
22626,0.38921627402305603
22627,0.5867996215820312
22628,0.5460427403450012
22629,0.4432167708873749
22630,0.5489141941070557
22631,0.535633385181427
22632,0.5511022210121155
22633,0.5435600280761719
22634,0.6218945384025574
22635,0.6514597535133362
22636,0.4646690785884857
22637,0.34960827231407166
22638,0.39035505056381226
22639,0.45285019278526306
22640,0.551863431930542
22641,0.4204961061477661
22642,0.4756387174129486
22643,0.530315101146698
22644,0.314282089471817
22645,0.30958226323127747
22646,0.3375701308250427
22647,0.43899068236351013
22648,0.43615707755088806
22649,0.38028591871261597
22650,0.4395274221897125
22651,0.4458991587162018
22652,0.4106050133705139
22653,0.31351763010025024
22654,0.3853137195110321
22655,0.4624600410461426
22656,0.3952723741531372
22657,0.483561635017395
22658,0.49215903878211975
22659,0.4620998799800873
22660,0.4604324400424957
22661,0.43431591987609863
22662,0.37809357047080994
22663,0.4432451128959656
22664,0.38503751158714294
22665,0.39643001556396484
22666,0.40825948119163513
22667,0.5143669843673706
22668,0.4633042514324188
22669,0.4966517984867096
22670,0.4709146320819855
22671,0.5162564516067505
22672,0.5092387795448303
22673,0.49854591488838196
22674,0.5967860817909241
22675,0.536338210105896
22676,0.505845308303833
22677,0.55813068151474
22678,0.4953586161136627
22679,0.3976660966873169
22680,0.40512847900390625
22681,0.5976213812828064
22682,0.4784407913684845
22683,0.49090221524238586
22684,0.4708009362220764
22685,0.2121368795633316
22686,0.22992396354675293
22687,0.17734628915786743
22688,0.3787924349308014
22689,0.48377227783203125
22690,0.3123067617416382
22691,0.26916423439979553
22692,0.31534090638160706
22693,0.3486071228981018
22694,0.44039180874824524
22695,0.37887144088745117
22696,0.26840639114379883
22697,0.48225149512290955
22698,0.39466381072998047
22699,0.3974542021751404
22700,0.44774678349494934
22701,0.24937255680561066
22702,0.5106127858161926
22703,0.3666423559188843
22704,0.36093640327453613
22705,0.4182818531990051
22706,0.33234357833862305
22707,0.39388614892959595
22708,0.40314069390296936
22709,0.26884394884109497
22710,0.35767245292663574
22711,0.21289002895355225
22712,0.31207531690597534
22713,0.30102866888046265
22714,0.5119041204452515
22715,0.3720618188381195
22716,0.3877147138118744
22717,0.4843562841415405
22718,0.4282020628452301
22719,0.46364545822143555
22720,0.29912328720092773
22721,0.3174596130847931
22722,0.5256500244140625
22723,0.4617220163345337
22724,0.5096525549888611
22725,0.5738762617111206
22726,0.24550262093544006
22727,0.24242350459098816
22728,0.3984995186328888
22729,0.37940865755081177
22730,0.21311359107494354
22731,0.298578679561615
22732,0.430793821811676
22733,0.3943122923374176
22734,0.5646674633026123
22735,0.4321845471858978
22736,0.5341686606407166
22737,0.3530677855014801
22738,0.28533121943473816
22739,0.21285396814346313
22740,0.29052647948265076
22741,0.38145264983177185
22742,0.3340235948562622
22743,0.347554475069046
22744,0.49685797095298767
22745,0.49445635080337524
22746,0.46169811487197876
22747,0.41445380449295044
22748,0.38483598828315735
22749,0.41152384877204895
22750,0.5611732006072998
22751,0.27284544706344604
22752,0.34609344601631165
22753,0.490452378988266
22754,0.29408806562423706
22755,0.3543705642223358
22756,0.32192298769950867
22757,0.25730034708976746
22758,0.4914349615573883
22759,0.32846948504447937
22760,0.5332002639770508
22761,0.3744391202926636
22762,0.3081475496292114
22763,0.3419329822063446
22764,0.39178401231765747
22765,0.37854665517807007
22766,0.3724540174007416
22767,0.38979023694992065
22768,0.341264933347702
22769,0.3539273738861084
22770,0.4067031145095825
22771,0.4502355456352234
22772,0.4051257371902466
22773,0.43994542956352234
22774,0.38876649737358093
22775,0.31385406851768494
22776,0.3987766206264496
22777,0.35568931698799133
22778,0.43056002259254456
22779,0.49456197023391724
22780,0.4486146569252014
22781,0.38112667202949524
22782,0.48454251885414124
22783,0.38367322087287903
22784,0.49680277705192566
22785,0.394061416387558
22786,0.3341676890850067
22787,0.29597008228302
22788,0.5046430230140686
22789,0.24064430594444275
22790,0.2830929458141327
22791,0.5694829225540161
22792,0.5539199709892273
22793,0.32957369089126587
22794,0.276589572429657
22795,0.36330705881118774
22796,0.2279723733663559
22797,0.2597449719905853
22798,0.4078373312950134
22799,0.46893712878227234
22800,0.24674007296562195
22801,0.3761270344257355
22802,0.32261475920677185
22803,0.32833224534988403
22804,0.38297539949417114
22805,0.35744428634643555
22806,0.21658718585968018
22807,0.5265753865242004
22808,0.26096439361572266
22809,0.2836677134037018
22810,0.3333427906036377
22811,0.2404005527496338
22812,0.508683443069458
22813,0.5995664596557617
22814,0.3929367661476135
22815,0.5450111627578735
22816,0.32581865787506104
22817,0.3734309673309326
22818,0.2994566559791565
22819,0.3015825152397156
22820,0.3799366056919098
22821,0.317634642124176
22822,0.16740107536315918
22823,0.1631486564874649
22824,0.27381932735443115
22825,0.3799062669277191
22826,0.27269870042800903
22827,0.2740791440010071
22828,0.28710684180259705
22829,0.3022259771823883
22830,0.31023097038269043
22831,0.36934250593185425
22832,0.3391073942184448
22833,0.34677940607070923
22834,0.4022443890571594
22835,0.41202640533447266
22836,0.3989737629890442
22837,0.46708938479423523
22838,0.4524143934249878
22839,0.4698503017425537
22840,0.45335081219673157
22841,0.39689746499061584
22842,0.3600575923919678
22843,0.4693956673145294
22844,0.5240584015846252
22845,0.4124417006969452
22846,0.4406745731830597
22847,0.478791743516922
22848,0.40764105319976807
22849,0.433468222618103
22850,0.43978676199913025
22851,0.37980177998542786
22852,0.3582300543785095
22853,0.3497222661972046
22854,0.3467005789279938
22855,0.3466659188270569
22856,0.3704984188079834
22857,0.3771131932735443
22858,0.25686851143836975
22859,0.3425452709197998
22860,0.5420745611190796
22861,0.545089840888977
22862,0.31837013363838196
22863,0.39187994599342346
22864,0.24897733330726624
22865,0.3288496434688568
22866,0.2725759446620941
22867,0.3348327577114105
22868,0.4033573269844055
22869,0.2639653980731964
22870,0.2635337710380554
22871,0.29606759548187256
22872,0.3572189509868622
22873,0.266049861907959
22874,0.23256056010723114
22875,0.31647989153862
22876,0.304298460483551
22877,0.2582850158214569
22878,0.2089250534772873
22879,0.39248785376548767
22880,0.3158760368824005
22881,0.3513542115688324
22882,0.4341489374637604
22883,0.47032275795936584
22884,0.40871623158454895
22885,0.2767232358455658
22886,0.3821907341480255
22887,0.5086176991462708
22888,0.3285798728466034
22889,0.355499267578125
22890,0.29325583577156067
22891,0.22525779902935028
22892,0.2815139591693878
22893,0.21035847067832947
22894,0.4011748135089874
22895,0.32404595613479614
22896,0.3339255750179291
22897,0.4161076247692108
22898,0.3063439130783081
22899,0.38537195324897766
22900,0.31044286489486694
22901,0.4360659122467041
22902,0.34680798649787903
22903,0.29812201857566833
22904,0.29401227831840515
22905,0.2943068742752075
22906,0.2794344127178192
22907,0.23802857100963593
22908,0.2166186273097992
22909,0.4897403120994568
22910,0.5740727186203003
22911,0.24051222205162048
22912,0.43927431106567383
22913,0.3736453056335449
22914,0.46842440962791443
22915,0.610266387462616
22916,0.5633100867271423
22917,0.637912392616272
22918,0.46059346199035645
22919,0.4198269844055176
22920,0.5216971039772034
22921,0.5196307897567749
22922,0.5966890454292297
22923,0.3079818785190582
22924,0.5329113006591797
22925,0.28922805190086365
22926,0.256253182888031
22927,0.31758320331573486
22928,0.4403953552246094
22929,0.37110456824302673
22930,0.3721262812614441
22931,0.4304470121860504
22932,0.3014935553073883
22933,0.2810606360435486
22934,0.34366515278816223
22935,0.3758028745651245
22936,0.3600989878177643
22937,0.31508904695510864
22938,0.3466458022594452
22939,0.24214397370815277
22940,0.28368526697158813
22941,0.29338544607162476
22942,0.5159299969673157
22943,0.3822791576385498
22944,0.2403329610824585
22945,0.1976795643568039
22946,0.1817896068096161
22947,0.17929477989673615
22948,0.5017161965370178
22949,0.6229637861251831
22950,0.36902010440826416
22951,0.37414976954460144
22952,0.45324718952178955
22953,0.3919011056423187
22954,0.47384965419769287
22955,0.3519234359264374
22956,0.44882893562316895
22957,0.3822806775569916
22958,0.4836485683917999
22959,0.2953583002090454
22960,0.24140337109565735
22961,0.6892459988594055
22962,0.4148096740245819
22963,0.28996753692626953
22964,0.3108524680137634
22965,0.4104219973087311
22966,0.3423329293727875
22967,0.2079630047082901
22968,0.39527082443237305
22969,0.34612223505973816
22970,0.5612683296203613
22971,0.2712983191013336
22972,0.21752427518367767
22973,0.404798686504364
22974,0.39869776368141174
22975,0.47321414947509766
22976,0.4842110872268677
22977,0.21474242210388184
22978,0.38314878940582275
22979,0.5871288776397705
22980,0.4237329065799713
22981,0.44152095913887024
22982,0.36554959416389465
22983,0.3687240183353424
22984,0.30673980712890625
22985,0.30091941356658936
22986,0.2588704228401184
22987,0.29056164622306824
22988,0.2668042778968811
22989,0.2333480715751648
22990,0.23363427817821503
22991,0.3048464059829712
22992,0.19898934662342072
22993,0.24831566214561462
22994,0.5180416703224182
22995,0.39779189229011536
22996,0.2736879587173462
22997,0.24228431284427643
22998,0.22549906373023987
22999,0.27432167530059814
23000,0.35494497418403625
23001,0.2687127888202667
23002,0.2408701628446579
23003,0.2511904239654541
23004,0.256793737411499
23005,0.15808942914009094
23006,0.22544793784618378
23007,0.1495642364025116
23008,0.11744436621665955
23009,0.20015588402748108
23010,0.21326477825641632
23011,0.20862971246242523
23012,0.2062176764011383
23013,0.15426084399223328
23014,0.13620252907276154
23015,0.27404555678367615
23016,0.40427497029304504
23017,0.18283717334270477
23018,0.12992806732654572
23019,0.17291821539402008
23020,0.18604305386543274
23021,0.2400595247745514
23022,0.17103201150894165
23023,0.3225049078464508
23024,0.3212903141975403
23025,0.3215872049331665
23026,0.18914707005023956
23027,0.3391781747341156
23028,0.21839821338653564
23029,0.19357898831367493
23030,0.24667450785636902
23031,0.2124369591474533
23032,0.21372070908546448
23033,0.40957924723625183
23034,0.43559709191322327
23035,0.45744019746780396
23036,0.29622775316238403
23037,0.5821803212165833
23038,0.3736056983470917
23039,0.36259064078330994
23040,0.40536531805992126
23041,0.3216867446899414
23042,0.26753881573677063
23043,0.2746903896331787
23044,0.2760556638240814
23045,0.21321220695972443
23046,0.17212671041488647
23047,0.36285892128944397
23048,0.34671542048454285
23049,0.2551841735839844
23050,0.2995105981826782
23051,0.3493024408817291
23052,0.23558488488197327
23053,0.25960013270378113
23054,0.29494839906692505
23055,0.4050248861312866
23056,0.40420132875442505
23057,0.5933752655982971
23058,0.27556678652763367
23059,0.29115813970565796
23060,0.37458348274230957
23061,0.40053507685661316
23062,0.33281293511390686
23063,0.4842592477798462
23064,0.3271455764770508
23065,0.27053382992744446
23066,0.28332263231277466
23067,0.3959839642047882
23068,0.40190979838371277
23069,0.29901984333992004
23070,0.4284726679325104
23071,0.12465789914131165
23072,0.2777227759361267
23073,0.23424802720546722
23074,0.44470638036727905
23075,0.3972611427307129
23076,0.4825859069824219
23077,0.4694293439388275
23078,0.5502416491508484
23079,0.2608715295791626
23080,0.18542838096618652
23081,0.35700392723083496
23082,0.23142769932746887
23083,0.6870670914649963
23084,0.33185014128685
23085,0.22956044971942902
23086,0.39559850096702576
23087,0.39023804664611816
23088,0.5350437760353088
23089,0.26865118741989136
23090,0.28629544377326965
23091,0.27860090136528015
23092,0.272610604763031
23093,0.38035154342651367
23094,0.4520896375179291
23095,0.580466628074646
23096,0.4041866660118103
23097,0.27058422565460205
23098,0.3535572290420532
23099,0.28328099846839905
23100,0.4022473096847534
23101,0.3550902307033539
23102,0.3344499468803406
23103,0.23163536190986633
23104,0.2988733947277069
23105,0.4953494668006897
23106,0.3890305459499359
23107,0.2963501513004303
23108,0.4785479009151459
23109,0.3750624358654022
23110,0.49768540263175964
23111,0.4261724054813385
23112,0.5519292950630188
23113,0.5048320293426514
23114,0.2664760649204254
23115,0.3742424547672272
23116,0.36399486660957336
23117,0.38535913825035095
23118,0.34740301966667175
23119,0.34958431124687195
23120,0.39084261655807495
23121,0.37654757499694824
23122,0.4987536668777466
23123,0.4670484662055969
23124,0.5549776554107666
23125,0.46988511085510254
23126,0.4815293848514557
23127,0.38947248458862305
23128,0.37052738666534424
23129,0.4326043725013733
23130,0.4701290428638458
23131,0.33867552876472473
23132,0.39292773604393005
23133,0.43338173627853394
23134,0.4249590337276459
23135,0.4192596971988678
23136,0.5531287789344788
23137,0.39999184012413025
23138,0.5236706733703613
23139,0.3843226730823517
23140,0.36095377802848816
23141,0.3783111572265625
23142,0.420045405626297
23143,0.4022968113422394
23144,0.3760347068309784
23145,0.5695191621780396
23146,0.35638973116874695
23147,0.41356152296066284
23148,0.2855616807937622
23149,0.24332094192504883
23150,0.3866732716560364
23151,0.3521505892276764
23152,0.29869264364242554
23153,0.2253648340702057
23154,0.2352735847234726
23155,0.22752554714679718
23156,0.2845454514026642
23157,0.32623565196990967
23158,0.47380444407463074
23159,0.3706672787666321
23160,0.3800145089626312
23161,0.45830875635147095
23162,0.5346449017524719
23163,0.37356847524642944
23164,0.22163313627243042
23165,0.1886889636516571
23166,0.24159635603427887
23167,0.19694145023822784
23168,0.1766587793827057
23169,0.21932773292064667
23170,0.20733298361301422
23171,0.35230281949043274
23172,0.2123110294342041
23173,0.20502914488315582
23174,0.20824338495731354
23175,0.1789395809173584
23176,0.29294607043266296
23177,0.24682319164276123
23178,0.35609596967697144
23179,0.6289829015731812
23180,0.34897562861442566
23181,0.5465993881225586
23182,0.2839808464050293
23183,0.3152298927307129
23184,0.5096327066421509
23185,0.5010350942611694
23186,0.4454103410243988
23187,0.45908549427986145
23188,0.4171634316444397
23189,0.5167522430419922
23190,0.44724640250205994
23191,0.575825035572052
23192,0.535723090171814
23193,0.5597549080848694
23194,0.24230459332466125
23195,0.24205678701400757
23196,0.18497246503829956
23197,0.14447303116321564
23198,0.2592014670372009
23199,0.5162455439567566
23200,0.28123146295547485
23201,0.2777385115623474
23202,0.5076149702072144
23203,0.5347098708152771
23204,0.1857302337884903
23205,0.19133004546165466
23206,0.20310021936893463
23207,0.20691639184951782
23208,0.20849354565143585
23209,0.20113368332386017
23210,0.19476059079170227
23211,0.1879185289144516
23212,0.17852100729942322
23213,0.1866062879562378
23214,0.19945654273033142
23215,0.20524396002292633
23216,0.21251223981380463
23217,0.2108796089887619
23218,0.20209868252277374
23219,0.18964046239852905
23220,0.2297140508890152
23221,0.26398369669914246
23222,0.25782957673072815
23223,0.5845404267311096
23224,0.6787064075469971
23225,0.339796781539917
23226,0.2719504237174988
23227,0.3824464976787567
23228,0.40677881240844727
23229,0.3792921304702759
23230,0.614128589630127
23231,0.543247401714325
23232,0.2884828746318817
23233,0.29804670810699463
23234,0.305275559425354
23235,0.29512637853622437
23236,0.3554474711418152
23237,0.46264782547950745
23238,0.2763404846191406
23239,0.21350711584091187
23240,0.3043428063392639
23241,0.247281014919281
23242,0.3333844840526581
23243,0.33740925788879395
23244,0.2706100642681122
23245,0.323770672082901
23246,0.37985366582870483
23247,0.3279101550579071
23248,0.47004809975624084
23249,0.3853922188282013
23250,0.3288072943687439
23251,0.3489394783973694
23252,0.4806060791015625
23253,0.20319195091724396
23254,0.35414963960647583
23255,0.3768160343170166
23256,0.4501769244670868
23257,0.238646000623703
23258,0.31666100025177
23259,0.32853075861930847
23260,0.43015119433403015
23261,0.4311150908470154
23262,0.359513521194458
23263,0.34077680110931396
23264,0.365938663482666
23265,0.38221031427383423
23266,0.5499216318130493
23267,0.5409960746765137
23268,0.3241739571094513
23269,0.4015544354915619
23270,0.46537840366363525
23271,0.44193777441978455
23272,0.572699248790741
23273,0.45272016525268555
23274,0.32494840025901794
23275,0.3768620789051056
23276,0.3757142424583435
23277,0.5284282565116882
23278,0.4965437054634094
23279,0.46848583221435547
23280,0.4474618434906006
23281,0.3584849536418915
23282,0.4282688796520233
23283,0.3176099956035614
23284,0.2406955510377884
23285,0.1956767439842224
23286,0.20482507348060608
23287,0.2341732680797577
23288,0.24338176846504211
23289,0.2573089003562927
23290,0.27134788036346436
23291,0.31832176446914673
23292,0.29173538088798523
23293,0.26218631863594055
23294,0.27945220470428467
23295,0.25561368465423584
23296,0.24918484687805176
23297,0.25388580560684204
23298,0.19884367287158966
23299,0.1947019100189209
23300,0.18233370780944824
23301,0.16030514240264893
23302,0.1547619253396988
23303,0.17070172727108002
23304,0.1855979710817337
23305,0.22816044092178345
23306,0.2682758569717407
23307,0.2981279194355011
23308,0.31311726570129395
23309,0.33666369318962097
23310,0.32849615812301636
23311,0.35381272435188293
23312,0.38477200269699097
23313,0.3500131368637085
23314,0.35435330867767334
23315,0.357311487197876
23316,0.3698677122592926
23317,0.29172253608703613
23318,0.3036777079105377
23319,0.2251512110233307
23320,0.3004443943500519
23321,0.30909430980682373
23322,0.38553330302238464
23323,0.3042314648628235
23324,0.26955050230026245
23325,0.3445022702217102
23326,0.45343488454818726
23327,0.3389192521572113
23328,0.3603290915489197
23329,0.3740371763706207
23330,0.32328492403030396
23331,0.26250386238098145
23332,0.2684268653392792
23333,0.4752308130264282
23334,0.31494802236557007
23335,0.2763707935810089
23336,0.4342521131038666
23337,0.403573602437973
23338,0.4226802885532379
23339,0.38374805450439453
23340,0.3959677815437317
23341,0.349880188703537
23342,0.3662101626396179
23343,0.32079270482063293
23344,0.30532777309417725
23345,0.16989491879940033
23346,0.26635634899139404
23347,0.38964229822158813
23348,0.6578657627105713
23349,0.49944213032722473
23350,0.3209213614463806
23351,0.3078046441078186
23352,0.2775900363922119
23353,0.5212385058403015
23354,0.5581487417221069
23355,0.22341081500053406
23356,0.2814849317073822
23357,0.4239521622657776
23358,0.39747050404548645
23359,0.5534223318099976
23360,0.4846622347831726
23361,0.4959712326526642
23362,0.3925030827522278
23363,0.3888694941997528
23364,0.30875036120414734
23365,0.29361197352409363
23366,0.31171348690986633
23367,0.33978375792503357
23368,0.28021419048309326
23369,0.3076319098472595
23370,0.23898428678512573
23371,0.21047386527061462
23372,0.21974584460258484
23373,0.20810818672180176
23374,0.19902342557907104
23375,0.1863325834274292
23376,0.2719931900501251
23377,0.3102247714996338
23378,0.32168930768966675
23379,0.41154879331588745
23380,0.2644985020160675
23381,0.24598713219165802
23382,0.3249397277832031
23383,0.3854013681411743
23384,0.2832365334033966
23385,0.4532100260257721
23386,0.32982537150382996
23387,0.2910667955875397
23388,0.4585264325141907
23389,0.34118780493736267
23390,0.38240012526512146
23391,0.22071142494678497
23392,0.37105679512023926
23393,0.4019913375377655
23394,0.2934453785419464
23395,0.2699398994445801
23396,0.35480451583862305
23397,0.3123742341995239
23398,0.227956622838974
23399,0.2786817252635956
23400,0.4041907489299774
23401,0.3296665847301483
23402,0.2930115759372711
23403,0.3587745726108551
23404,0.42569413781166077
23405,0.45015570521354675
23406,0.4511449635028839
23407,0.27263882756233215
23408,0.3393270969390869
23409,0.407534658908844
23410,0.5167437195777893
23411,0.32064566016197205
23412,0.2863878309726715
23413,0.33018362522125244
23414,0.4187195897102356
23415,0.27702340483665466
23416,0.31916627287864685
23417,0.42365702986717224
23418,0.3888872265815735
23419,0.29148614406585693
23420,0.34497925639152527
23421,0.5423982739448547
23422,0.5400524735450745
23423,0.3949449062347412
23424,0.4074079394340515
23425,0.42136237025260925
23426,0.42143169045448303
23427,0.4130939841270447
23428,0.3599955439567566
23429,0.36907944083213806
23430,0.3238123655319214
23431,0.3238123655319214
23432,0.3359179198741913
23433,0.23559348285198212
23434,0.29568660259246826
23435,0.2661716639995575
23436,0.33654433488845825
23437,0.30590254068374634
23438,0.33061233162879944
23439,0.5260515213012695
23440,0.2620773911476135
23441,0.2542555034160614
23442,0.3762343227863312
23443,0.32015499472618103
23444,0.4609304964542389
23445,0.3062213063240051
23446,0.21570155024528503
23447,0.5512728691101074
23448,0.5452341437339783
23449,0.5001068115234375
23450,0.36187273263931274
23451,0.3878687620162964
23452,0.3895643949508667
23453,0.34759819507598877
23454,0.3669218420982361
23455,0.46917524933815
23456,0.35711586475372314
23457,0.22101673483848572
23458,0.3578241467475891
23459,0.30429717898368835
23460,0.37640973925590515
23461,0.502260684967041
23462,0.3547844886779785
23463,0.2796705365180969
23464,0.39096784591674805
23465,0.39230871200561523
23466,0.4103794991970062
23467,0.30435076355934143
23468,0.2674301862716675
23469,0.572857677936554
23470,0.5553762912750244
23471,0.47973018884658813
23472,0.2788715958595276
23473,0.22190342843532562
23474,0.20113563537597656
23475,0.26591771841049194
23476,0.5246564149856567
23477,0.3457278609275818
23478,0.41601333022117615
23479,0.6309674382209778
23480,0.3282122015953064
23481,0.44912225008010864
23482,0.3833988606929779
23483,0.3031488060951233
23484,0.3140834867954254
23485,0.5501639246940613
23486,0.3589980900287628
23487,0.37778857350349426
23488,0.3304937183856964
23489,0.32214248180389404
23490,0.49437078833580017
23491,0.5713641047477722
23492,0.5364426970481873
23493,0.64569491147995
23494,0.3902617394924164
23495,0.3022579550743103
23496,0.4170767366886139
23497,0.4110008776187897
23498,0.4857572913169861
23499,0.6025153994560242
23500,0.24566367268562317
23501,0.31161314249038696
23502,0.3726791441440582
23503,0.3408060073852539
23504,0.3821204900741577
23505,0.49971142411231995
23506,0.44460996985435486
23507,0.5384027361869812
23508,0.45352908968925476
23509,0.5288883447647095
23510,0.4738653898239136
23511,0.4360491633415222
23512,0.17515000700950623
23513,0.3778805136680603
23514,0.44183531403541565
23515,0.33384597301483154
23516,0.43473556637763977
23517,0.3904813230037689
23518,0.2725399434566498
23519,0.5114722847938538
23520,0.51509028673172
23521,0.42973801493644714
23522,0.30247005820274353
23523,0.31371960043907166
23524,0.3284417390823364
23525,0.4324439764022827
23526,0.3610667884349823
23527,0.42717882990837097
23528,0.3559001386165619
23529,0.2901909351348877
23530,0.31093066930770874
23531,0.3124704360961914
23532,0.3529731035232544
23533,0.34492599964141846
23534,0.3058423399925232
23535,0.385354608297348
23536,0.27350157499313354
23537,0.23653948307037354
23538,0.3745386302471161
23539,0.303594708442688
23540,0.18346811830997467
23541,0.529062807559967
23542,0.329703688621521
23543,0.4703759551048279
23544,0.38043028116226196
23545,0.30182692408561707
23546,0.36779046058654785
23547,0.35696467757225037
23548,0.3447056710720062
23549,0.2994813919067383
23550,0.44701239466667175
23551,0.5644859075546265
23552,0.3280748128890991
23553,0.2732037603855133
23554,0.40177738666534424
23555,0.30805957317352295
23556,0.36442655324935913
23557,0.34595102071762085
23558,0.2984216511249542
23559,0.30769243836402893
23560,0.3648044466972351
23561,0.3765849471092224
23562,0.2716878652572632
23563,0.3017706573009491
23564,0.32276928424835205
23565,0.2649053633213043
23566,0.4577711820602417
23567,0.22919733822345734
23568,0.276040256023407
23569,0.2425682097673416
23570,0.29779914021492004
23571,0.29970723390579224
23572,0.4123360216617584
23573,0.15652009844779968
23574,0.4352644085884094
23575,0.34759706258773804
23576,0.32791537046432495
23577,0.3366580009460449
23578,0.39397764205932617
23579,0.39445871114730835
23580,0.32700008153915405
23581,0.22694861888885498
23582,0.4276605546474457
23583,0.2540905773639679
23584,0.34727102518081665
23585,0.23441433906555176
23586,0.2407158762216568
23587,0.20275723934173584
23588,0.20982396602630615
23589,0.4938773512840271
23590,0.22664153575897217
23591,0.21383516490459442
23592,0.5966694355010986
23593,0.5480064749717712
23594,0.6137415766716003
23595,0.6252835988998413
23596,0.5112748146057129
23597,0.6469110250473022
23598,0.40760350227355957
23599,0.29759037494659424
23600,0.4508078396320343
23601,0.34495940804481506
23602,0.4178207218647003
23603,0.24432465434074402
23604,0.3178693652153015
23605,0.40265172719955444
23606,0.49636781215667725
23607,0.24956288933753967
23608,0.24983873963356018
23609,0.35986950993537903
23610,0.3556653559207916
23611,0.2804145812988281
23612,0.4262465238571167
23613,0.5716719031333923
23614,0.5480101704597473
23615,0.3682864308357239
23616,0.36681440472602844
23617,0.3353593945503235
23618,0.3931751847267151
23619,0.3312522768974304
23620,0.2605820596218109
23621,0.3282642364501953
23622,0.3251062035560608
23623,0.3656826317310333
23624,0.34032124280929565
23625,0.24679194390773773
23626,0.32182013988494873
23627,0.38557276129722595
23628,0.24463801085948944
23629,0.2762901484966278
23630,0.40899884700775146
23631,0.34144777059555054
23632,0.22991222143173218
23633,0.49863502383232117
23634,0.3552524149417877
23635,0.27441415190696716
23636,0.25345924496650696
23637,0.3200584650039673
23638,0.4403664767742157
23639,0.24820485711097717
23640,0.34093236923217773
23641,0.3379574120044708
23642,0.2597978413105011
23643,0.4484705328941345
23644,0.522564709186554
23645,0.27364397048950195
23646,0.404594749212265
23647,0.44520771503448486
23648,0.5097399950027466
23649,0.3399868309497833
23650,0.3754046857357025
23651,0.3513002395629883
23652,0.3561873733997345
23653,0.37242257595062256
23654,0.434765487909317
23655,0.4153636693954468
23656,0.3539663255214691
23657,0.33546698093414307
23658,0.3700729310512543
23659,0.413167268037796
23660,0.5555400848388672
23661,0.362611323595047
23662,0.2844337821006775
23663,0.26663804054260254
23664,0.48727336525917053
23665,0.44238826632499695
23666,0.39145612716674805
23667,0.25134381651878357
23668,0.3333316445350647
23669,0.3500865697860718
23670,0.3633618652820587
23671,0.5469396710395813
23672,0.4755455255508423
23673,0.3073871433734894
23674,0.4659005403518677
23675,0.47064974904060364
23676,0.4075469970703125
23677,0.4175954759120941
23678,0.31169846653938293
23679,0.34037646651268005
23680,0.4202878773212433
23681,0.5348079800605774
23682,0.37120890617370605
23683,0.5295068621635437
23684,0.3074813187122345
23685,0.4312434196472168
23686,0.3588259220123291
23687,0.45561134815216064
23688,0.4553526043891907
23689,0.3700854480266571
23690,0.3931024670600891
23691,0.41629156470298767
23692,0.41902756690979004
23693,0.5822216272354126
23694,0.30762535333633423
23695,0.5378578901290894
23696,0.33626589179039
23697,0.3724130392074585
23698,0.4289005398750305
23699,0.46705079078674316
23700,0.3778042793273926
23701,0.5006552934646606
23702,0.3288528323173523
23703,0.4221312701702118
23704,0.39159101247787476
23705,0.2500164806842804
23706,0.3762858510017395
23707,0.36615633964538574
23708,0.3593299984931946
23709,0.4069390594959259
23710,0.28026363253593445
23711,0.3557933568954468
23712,0.39873844385147095
23713,0.22091180086135864
23714,0.30070778727531433
23715,0.2407042533159256
23716,0.4762771725654602
23717,0.5000839829444885
23718,0.4244077503681183
23719,0.35268935561180115
23720,0.36664342880249023
23721,0.36126989126205444
23722,0.4273781478404999
23723,0.3877686858177185
23724,0.3657089173793793
23725,0.4567162096500397
23726,0.4266694188117981
23727,0.3455074429512024
23728,0.2925075590610504
23729,0.3672490417957306
23730,0.3551137149333954
23731,0.32525649666786194
23732,0.27856338024139404
23733,0.21305616199970245
23734,0.3044015169143677
23735,0.3273146450519562
23736,0.33237698674201965
23737,0.16256923973560333
23738,0.350442111492157
23739,0.4671284556388855
23740,0.3652504086494446
23741,0.34017956256866455
23742,0.4411344826221466
23743,0.4316098093986511
23744,0.27020537853240967
23745,0.24013970792293549
23746,0.21426470577716827
23747,0.2518426775932312
23748,0.37707069516181946
23749,0.34229159355163574
23750,0.21909865736961365
23751,0.3279443383216858
23752,0.27211228013038635
23753,0.29299184679985046
23754,0.36044153571128845
23755,0.24818746745586395
23756,0.3998158872127533
23757,0.44599485397338867
23758,0.330508828163147
23759,0.37712982296943665
23760,0.2868093252182007
23761,0.2811541259288788
23762,0.27131524682044983
23763,0.2494763880968094
23764,0.435087114572525
23765,0.3328936994075775
23766,0.6162322163581848
23767,0.3906799852848053
23768,0.2623499035835266
23769,0.3070146441459656
23770,0.36589500308036804
23771,0.2766190469264984
23772,0.21647106111049652
23773,0.4479268193244934
23774,0.1391953080892563
23775,0.5565987229347229
23776,0.21258632838726044
23777,0.3809471130371094
23778,0.5117026567459106
23779,0.5355182886123657
23780,0.5128061771392822
23781,0.31877216696739197
23782,0.3245288133621216
23783,0.22116407752037048
23784,0.3785950541496277
23785,0.35092878341674805
23786,0.22349676489830017
23787,0.1725122630596161
23788,0.42796921730041504
23789,0.3437071144580841
23790,0.26235032081604004
23791,0.2806221842765808
23792,0.3537514805793762
23793,0.3731784224510193
23794,0.21091485023498535
23795,0.4167343080043793
23796,0.30933600664138794
23797,0.2952461540699005
23798,0.3273870348930359
23799,0.2096719592809677
23800,0.20844516158103943
23801,0.4123617708683014
23802,0.4332997500896454
23803,0.2848197817802429
23804,0.4010220468044281
23805,0.25589823722839355
23806,0.18434537947177887
23807,0.18962016701698303
23808,0.16907575726509094
23809,0.1602897197008133
23810,0.17620505392551422
23811,0.16771550476551056
23812,0.1931547373533249
23813,0.17743073403835297
23814,0.1597079038619995
23815,0.15465055406093597
23816,0.15574079751968384
23817,0.15666544437408447
23818,0.15007518231868744
23819,0.19083456695079803
23820,0.20393963158130646
23821,0.20194889605045319
23822,0.1803310364484787
23823,0.17967723309993744
23824,0.18723513185977936
23825,0.1824558675289154
23826,0.15930022299289703
23827,0.15820029377937317
23828,0.16007950901985168
23829,0.15217344462871552
23830,0.24992382526397705
23831,0.267526239156723
23832,0.2612881660461426
23833,0.2791699171066284
23834,0.3021755814552307
23835,0.2823980152606964
23836,0.2872270941734314
23837,0.2855255603790283
23838,0.26069673895835876
23839,0.2771119475364685
23840,0.24820540845394135
23841,0.23260727524757385
23842,0.15632790327072144
23843,0.15982984006404877
23844,0.2925790250301361
23845,0.33264631032943726
23846,0.1979072540998459
23847,0.24611952900886536
23848,0.2777289152145386
23849,0.33077871799468994
23850,0.32868069410324097
23851,0.31983065605163574
23852,0.2819814682006836
23853,0.26133644580841064
23854,0.25261956453323364
23855,0.225591778755188
23856,0.22266805171966553
23857,0.2304605096578598
23858,0.26668962836265564
23859,0.26879602670669556
23860,0.2001616358757019
23861,0.18560974299907684
23862,0.17737440764904022
23863,0.4279569387435913
23864,0.3735671937465668
23865,0.5689413547515869
23866,0.45552292466163635
23867,0.5844396352767944
23868,0.47678184509277344
23869,0.30830878019332886
23870,0.29151996970176697
23871,0.23930589854717255
23872,0.40596702694892883
23873,0.3896024227142334
23874,0.3668762445449829
23875,0.5472057461738586
23876,0.4861549139022827
23877,0.4169186055660248
23878,0.32525634765625
23879,0.42709892988204956
23880,0.3966769874095917
23881,0.37666022777557373
23882,0.4099557101726532
23883,0.3494706451892853
23884,0.4220484793186188
23885,0.35795533657073975
23886,0.3863094449043274
23887,0.36329978704452515
23888,0.3382660150527954
23889,0.4291192889213562
23890,0.35657915472984314
23891,0.2875197231769562
23892,0.3444773852825165
23893,0.28973108530044556
23894,0.3256511688232422
23895,0.42156994342803955
23896,0.3540022373199463
23897,0.3395048677921295
23898,0.3762059211730957
23899,0.4883950352668762
23900,0.40858587622642517
23901,0.3040908873081207
23902,0.3964081108570099
23903,0.49380314350128174
23904,0.41546720266342163
23905,0.4962277114391327
23906,0.5059472918510437
23907,0.5970277786254883
23908,0.514708399772644
23909,0.4295384883880615
23910,0.40055423974990845
23911,0.42048993706703186
23912,0.3722664415836334
23913,0.3557753562927246
23914,0.45213988423347473
23915,0.4327210485935211
23916,0.5888953804969788
23917,0.6128808259963989
23918,0.5695501565933228
23919,0.5017759799957275
23920,0.45014479756355286
23921,0.438606858253479
23922,0.4322039783000946
23923,0.43198704719543457
23924,0.48008954524993896
23925,0.4034571051597595
23926,0.3993907570838928
23927,0.3393869996070862
23928,0.3730035126209259
23929,0.42002347111701965
23930,0.3150932192802429
23931,0.2571267783641815
23932,0.33193838596343994
23933,0.30049222707748413
23934,0.44436877965927124
23935,0.44105398654937744
23936,0.34022951126098633
23937,0.28026482462882996
23938,0.31708353757858276
23939,0.2997497618198395
23940,0.2765777111053467
23941,0.25355464220046997
23942,0.39065834879875183
23943,0.4226706624031067
23944,0.2720150947570801
23945,0.3322712182998657
23946,0.38188400864601135
23947,0.33608242869377136
23948,0.3608529269695282
23949,0.3174394965171814
23950,0.31617945432662964
23951,0.24958914518356323
23952,0.444247305393219
23953,0.3721519112586975
23954,0.3746231496334076
23955,0.22661107778549194
23956,0.25411826372146606
23957,0.2970031797885895
23958,0.2973262071609497
23959,0.28723055124282837
23960,0.3055914640426636
23961,0.3450186848640442
23962,0.31699657440185547
23963,0.36897507309913635
23964,0.5014133453369141
23965,0.4484780430793762
23966,0.31740352511405945
23967,0.36467185616493225
23968,0.4122730493545532
23969,0.21138206124305725
23970,0.28205323219299316
23971,0.21336078643798828
23972,0.3784930408000946
23973,0.3432702422142029
23974,0.42530059814453125
23975,0.3211938738822937
23976,0.353116512298584
23977,0.32099437713623047
23978,0.3357606530189514
23979,0.3552147150039673
23980,0.22708719968795776
23981,0.38362807035446167
23982,0.42303383350372314
23983,0.12623663246631622
23984,0.2915503978729248
23985,0.2414994239807129
23986,0.22235889732837677
23987,0.2109859436750412
23988,0.36317673325538635
23989,0.41167202591896057
23990,0.461370050907135
23991,0.22443942725658417
23992,0.45904436707496643
23993,0.3851868510246277
23994,0.2223913073539734
23995,0.3049912452697754
23996,0.3388807773590088
23997,0.30446940660476685
23998,0.36201906204223633
23999,0.3278760313987732
24000,0.3790799677371979
24001,0.3313619792461395
24002,0.3184073865413666
24003,0.2961081564426422
24004,0.26985684037208557
24005,0.375493586063385
24006,0.2734258472919464
24007,0.28272542357444763
24008,0.3927319347858429
24009,0.3580552041530609
24010,0.3532012104988098
24011,0.35143032670021057
24012,0.39755502343177795
24013,0.45674949884414673
24014,0.48335301876068115
24015,0.4683866798877716
24016,0.4539351165294647
24017,0.40604689717292786
24018,0.4266495704650879
24019,0.4032113254070282
24020,0.38808953762054443
24021,0.3485797643661499
24022,0.49277180433273315
24023,0.33916589617729187
24024,0.3668566048145294
24025,0.37663590908050537
24026,0.3732369840145111
24027,0.30524107813835144
24028,0.36395353078842163
24029,0.3341202437877655
24030,0.45503324270248413
24031,0.49718183279037476
24032,0.43067410588264465
24033,0.3715337812900543
24034,0.34844958782196045
24035,0.37410542368888855
24036,0.3924310803413391
24037,0.4141431450843811
24038,0.5303578972816467
24039,0.35632145404815674
24040,0.35715025663375854
24041,0.36238783597946167
24042,0.3359571397304535
24043,0.3040710389614105
24044,0.3344644606113434
24045,0.40440279245376587
24046,0.3828643262386322
24047,0.288465678691864
24048,0.33096978068351746
24049,0.34012570977211
24050,0.30074241757392883
24051,0.3740657866001129
24052,0.3986416161060333
24053,0.335898756980896
24054,0.35569316148757935
24055,0.4470510482788086
24056,0.48844897747039795
24057,0.39891237020492554
24058,0.44542351365089417
24059,0.4853981137275696
24060,0.4356197118759155
24061,0.35203301906585693
24062,0.5074054598808289
24063,0.4527159035205841
24064,0.36237114667892456
24065,0.3994240462779999
24066,0.36491793394088745
24067,0.2828885018825531
24068,0.4123442769050598
24069,0.39375317096710205
24070,0.37514013051986694
24071,0.32414117455482483
24072,0.4618155360221863
24073,0.3341546356678009
24074,0.4178920090198517
24075,0.3112349510192871
24076,0.29616308212280273
24077,0.28022196888923645
24078,0.24825461208820343
24079,0.3353700637817383
24080,0.2553035020828247
24081,0.30404841899871826
24082,0.30966946482658386
24083,0.3339635133743286
24084,0.35218554735183716
24085,0.36116456985473633
24086,0.399212121963501
24087,0.4108355641365051
24088,0.4611949622631073
24089,0.3498285114765167
24090,0.44284892082214355
24091,0.4142554998397827
24092,0.4324852228164673
24093,0.32484349608421326
24094,0.2805110812187195
24095,0.2796044945716858
24096,0.3333025574684143
24097,0.328959584236145
24098,0.43869897723197937
24099,0.3589644432067871
24100,0.4501091539859772
24101,0.5449126958847046
24102,0.5022006034851074
24103,0.44713613390922546
24104,0.3399386703968048
24105,0.46235451102256775
24106,0.4184475243091583
24107,0.38126346468925476
24108,0.30425533652305603
24109,0.29331108927726746
24110,0.30944401025772095
24111,0.2918858528137207
24112,0.36979618668556213
24113,0.33238479495048523
24114,0.3745839297771454
24115,0.39352962374687195
24116,0.3312429189682007
24117,0.40449002385139465
24118,0.3922075033187866
24119,0.39566972851753235
24120,0.317130982875824
24121,0.3334452211856842
24122,0.3583334684371948
24123,0.3790099620819092
24124,0.4567340612411499
24125,0.383908748626709
24126,0.41018015146255493
24127,0.1638357937335968
24128,0.1417161077260971
24129,0.1212603822350502
24130,0.17678235471248627
24131,0.13156360387802124
24132,0.14853224158287048
24133,0.26881536841392517
24134,0.26881536841392517
24135,0.13484840095043182
24136,0.17635029554367065
24137,0.20878072082996368
24138,0.21341414749622345
24139,0.21341414749622345
24140,0.31363043189048767
24141,0.141121506690979
24142,0.14770932495594025
24143,0.12914800643920898
24144,0.12914800643920898
24145,0.12914800643920898
24146,0.12914800643920898
24147,0.12914800643920898
24148,0.12181369215250015
24149,0.11108091473579407
24150,0.12050533294677734
24151,0.10348165035247803
24152,0.10457252711057663
24153,0.17955267429351807
24154,0.12866854667663574
24155,0.11254414916038513
24156,0.10348165035247803
24157,0.3722710609436035
24158,0.2881406247615814
24159,0.1647089421749115
24160,0.2055949866771698
24161,0.2055949866771698
24162,0.2611801326274872
24163,0.2611801326274872
24164,0.3406011760234833
24165,0.4932267367839813
24166,0.3532446324825287
24167,0.5723472237586975
24168,0.5704165101051331
24169,0.5222461223602295
24170,0.38445788621902466
24171,0.326567679643631
24172,0.4697239100933075
24173,0.3678929805755615
24174,0.5373073816299438
24175,0.3005507290363312
24176,0.3060047924518585
24177,0.29875534772872925
24178,0.39226171374320984
24179,0.29031795263290405
24180,0.3073313236236572
24181,0.3796430826187134
24182,0.1849856972694397
24183,0.12412374466657639
24184,0.31441354751586914
24185,0.3070625960826874
24186,0.327225923538208
24187,0.12962296605110168
24188,0.36685603857040405
24189,0.3712943196296692
24190,0.4206646978855133
24191,0.3692649304866791
24192,0.4054884910583496
24193,0.4454684257507324
24194,0.3905373811721802
24195,0.3960445523262024
24196,0.37332314252853394
24197,0.4077626168727875
24198,0.36786866188049316
24199,0.3535192310810089
24200,0.35027894377708435
24201,0.3915783762931824
24202,0.37526944279670715
24203,0.31027334928512573
24204,0.31011563539505005
24205,0.3061988353729248
24206,0.43684834241867065
24207,0.4137737452983856
24208,0.39004385471343994
24209,0.37161535024642944
24210,0.3557673394680023
24211,0.38986852765083313
24212,0.3482303321361542
24213,0.3743285834789276
24214,0.31273603439331055
24215,0.2998484671115875
24216,0.28846275806427
24217,0.29679641127586365
24218,0.31060460209846497
24219,0.35012391209602356
24220,0.3445747494697571
24221,0.46225276589393616
24222,0.31254565715789795
24223,0.33587977290153503
24224,0.308139443397522
24225,0.32187652587890625
24226,0.23122796416282654
24227,0.43485936522483826
24228,0.3786759078502655
24229,0.49556487798690796
24230,0.40698814392089844
24231,0.27689361572265625
24232,0.27473482489585876
24233,0.255510538816452
24234,0.31637945771217346
24235,0.37754419445991516
24236,0.3130043148994446
24237,0.350303590297699
24238,0.2592417001724243
24239,0.3823118507862091
24240,0.4304583668708801
24241,0.3475092351436615
24242,0.4865686595439911
24243,0.3565171957015991
24244,0.38128480315208435
24245,0.46293002367019653
24246,0.440889447927475
24247,0.42888882756233215
24248,0.4360359013080597
24249,0.4928830564022064
24250,0.4588751792907715
24251,0.37947115302085876
24252,0.3630307912826538
24253,0.5808631777763367
24254,0.3083820343017578
24255,0.31979504227638245
24256,0.30299249291419983
24257,0.3674432039260864
24258,0.227884903550148
24259,0.295418918132782
24260,0.45511430501937866
24261,0.49791404604911804
24262,0.4974941611289978
24263,0.4380354583263397
24264,0.4756562113761902
24265,0.41746506094932556
24266,0.4171901047229767
24267,0.3310619294643402
24268,0.36999207735061646
24269,0.5049245953559875
24270,0.4659963548183441
24271,0.5463723540306091
24272,0.45051470398902893
24273,0.48243218660354614
24274,0.4599722921848297
24275,0.4309881031513214
24276,0.4137149453163147
24277,0.39291417598724365
24278,0.419477254152298
24279,0.4083665609359741
24280,0.38782939314842224
24281,0.3830270767211914
24282,0.3981125056743622
24283,0.4223012924194336
24284,0.3978983461856842
24285,0.40533697605133057
24286,0.40064743161201477
24287,0.4385330080986023
24288,0.5169492363929749
24289,0.5341517329216003
24290,0.38361844420433044
24291,0.5289644598960876
24292,0.4241757392883301
24293,0.5139947533607483
24294,0.5005658268928528
24295,0.44435980916023254
24296,0.4837225079536438
24297,0.509630560874939
24298,0.5576965808868408
24299,0.5602457523345947
24300,0.49874570965766907
24301,0.4268394708633423
24302,0.33684492111206055
24303,0.4745786786079407
24304,0.6181259155273438
24305,0.5858940482139587
24306,0.5632425546646118
24307,0.23711493611335754
24308,0.4092598855495453
24309,0.4561958909034729
24310,0.406836599111557
24311,0.3396744728088379
24312,0.43318504095077515
24313,0.4568983018398285
24314,0.48683738708496094
24315,0.4525695741176605
24316,0.44119158387184143
24317,0.42500579357147217
24318,0.4116237759590149
24319,0.39666515588760376
24320,0.407193660736084
24321,0.4243890941143036
24322,0.3605295717716217
24323,0.323929101228714
24324,0.3959505259990692
24325,0.4425113797187805
24326,0.38547754287719727
24327,0.5228883624076843
24328,0.42327046394348145
24329,0.3994952440261841
24330,0.36131733655929565
24331,0.33386144042015076
24332,0.43936264514923096
24333,0.409820556640625
24334,0.4011852741241455
24335,0.340493381023407
24336,0.38659539818763733
24337,0.3934972584247589
24338,0.48333555459976196
24339,0.4578755795955658
24340,0.4577465355396271
24341,0.36170339584350586
24342,0.3730205297470093
24343,0.36832374334335327
24344,0.40106886625289917
24345,0.4317779242992401
24346,0.5197457075119019
24347,0.42378541827201843
24348,0.48092061281204224
24349,0.32072919607162476
24350,0.3815276026725769
24351,0.3437715470790863
24352,0.298146516084671
24353,0.25986507534980774
24354,0.3248056173324585
24355,0.3114427626132965
24356,0.328245609998703
24357,0.3587046265602112
24358,0.3080557584762573
24359,0.27930426597595215
24360,0.2941291928291321
24361,0.2941291928291321
24362,0.286027193069458
24363,0.32835695147514343
24364,0.35598790645599365
24365,0.40554025769233704
24366,0.35798245668411255
24367,0.40380778908729553
24368,0.48194074630737305
24369,0.35689038038253784
24370,0.46229925751686096
24371,0.38660290837287903
24372,0.3567158877849579
24373,0.41831517219543457
24374,0.40737810730934143
24375,0.37981748580932617
24376,0.23055830597877502
24377,0.2658889889717102
24378,0.3161983788013458
24379,0.28969642519950867
24380,0.2740486264228821
24381,0.5009059906005859
24382,0.48220548033714294
24383,0.4669991135597229
24384,0.523664116859436
24385,0.5126375555992126
24386,0.4986189603805542
24387,0.4719536006450653
24388,0.5261460542678833
24389,0.5252677202224731
24390,0.4975273013114929
24391,0.5587680339813232
24392,0.4806717038154602
24393,0.5137510895729065
24394,0.6136218309402466
24395,0.5483776330947876
24396,0.4375150799751282
24397,0.4683496654033661
24398,0.4207981824874878
24399,0.3584625720977783
24400,0.48869767785072327
24401,0.43225622177124023
24402,0.4219065010547638
24403,0.34748974442481995
24404,0.41372495889663696
24405,0.3981374204158783
24406,0.5221483707427979
24407,0.4735170900821686
24408,0.43572357296943665
24409,0.4777962565422058
24410,0.568352460861206
24411,0.5787801742553711
24412,0.5183832049369812
24413,0.42951661348342896
24414,0.3815873861312866
24415,0.3271273672580719
24416,0.391901433467865
24417,0.4511009156703949
24418,0.49451887607574463
24419,0.473448783159256
24420,0.5210828185081482
24421,0.48905038833618164
24422,0.48011016845703125
24423,0.42401453852653503
24424,0.41731616854667664
24425,0.44052132964134216
24426,0.5050727725028992
24427,0.6130438446998596
24428,0.5870397090911865
24429,0.6012704372406006
24430,0.5565057992935181
24431,0.4866325855255127
24432,0.36995601654052734
24433,0.39331963658332825
24434,0.34325602650642395
24435,0.3689781427383423
24436,0.35220658779144287
24437,0.41034790873527527
24438,0.43215689063072205
24439,0.3753040134906769
24440,0.3767922520637512
24441,0.3894794285297394
24442,0.3053647577762604
24443,0.2560666799545288
24444,0.2948489487171173
24445,0.252605676651001
24446,0.23216784000396729
24447,0.21879009902477264
24448,0.2024458646774292
24449,0.19555512070655823
24450,0.3042863607406616
24451,0.4723118543624878
24452,0.45863768458366394
24453,0.4595765769481659
24454,0.2284679412841797
24455,0.5513455271720886
24456,0.4699070155620575
24457,0.41947463154792786
24458,0.3014174699783325
24459,0.36214134097099304
24460,0.3390347957611084
24461,0.34107476472854614
24462,0.1767856925725937
24463,0.20155921578407288
24464,0.1767856925725937
24465,0.23367278277873993
24466,0.19979973137378693
24467,0.21076558530330658
24468,0.338914692401886
24469,0.27085816860198975
24470,0.35620707273483276
24471,0.47470998764038086
24472,0.42522990703582764
24473,0.3018958866596222
24474,0.5040931701660156
24475,0.4371575713157654
24476,0.38885757327079773
24477,0.4322170913219452
24478,0.4269949197769165
24479,0.4175245463848114
24480,0.4506540596485138
24481,0.3920151889324188
24482,0.3265824317932129
24483,0.36687058210372925
24484,0.32271045446395874
24485,0.4135148525238037
24486,0.35773521661758423
24487,0.43369734287261963
24488,0.36981794238090515
24489,0.4054601192474365
24490,0.5320261716842651
24491,0.4879363775253296
24492,0.46425825357437134
24493,0.5488123893737793
24494,0.5419434309005737
24495,0.5376952886581421
24496,0.584861159324646
24497,0.46557357907295227
24498,0.6074132323265076
24499,0.5122544169425964
24500,0.583234429359436
24501,0.5998812913894653
24502,0.48189058899879456
24503,0.5018316507339478
24504,0.624204695224762
24505,0.5586891770362854
24506,0.46657830476760864
24507,0.5754467248916626
24508,0.5714220404624939
24509,0.5826135873794556
24510,0.48981693387031555
24511,0.496896892786026
24512,0.3330206573009491
24513,0.45895838737487793
24514,0.3632733225822449
24515,0.5611366033554077
24516,0.3463838994503021
24517,0.355764776468277
24518,0.3266315758228302
24519,0.3137339949607849
24520,0.4315060079097748
24521,0.3493463397026062
24522,0.37475669384002686
24523,0.5004748106002808
24524,0.32568448781967163
24525,0.46576952934265137
24526,0.24094215035438538
24527,0.41824859380722046
24528,0.32980459928512573
24529,0.42002004384994507
24530,0.3910139501094818
24531,0.4623153805732727
24532,0.261859655380249
24533,0.26117420196533203
24534,0.34798577427864075
24535,0.30460771918296814
24536,0.267233282327652
24537,0.34163373708724976
24538,0.2852177619934082
24539,0.31299737095832825
24540,0.30374422669410706
24541,0.4431518018245697
24542,0.45039305090904236
24543,0.25108957290649414
24544,0.31556686758995056
24545,0.4717574119567871
24546,0.3163493573665619
24547,0.24843135476112366
24548,0.43843308091163635
24549,0.5666289329528809
24550,0.421259343624115
24551,0.4544159770011902
24552,0.2834361791610718
24553,0.3086395859718323
24554,0.48590558767318726
24555,0.32240059971809387
24556,0.29727140069007874
24557,0.35855892300605774
24558,0.45366373658180237
24559,0.3253578543663025
24560,0.3142184019088745
24561,0.42814478278160095
24562,0.5048349499702454
24563,0.5477283000946045
24564,0.516416609287262
24565,0.5503528714179993
24566,0.4554271996021271
24567,0.3254404067993164
24568,0.3176197409629822
24569,0.30699658393859863
24570,0.3902023732662201
24571,0.4083857834339142
24572,0.3441818356513977
24573,0.2753414809703827
24574,0.3394792973995209
24575,0.3205222189426422
24576,0.5234019160270691
24577,0.2026941478252411
24578,0.2182842195034027
24579,0.21825894713401794
24580,0.24010975658893585
24581,0.23591673374176025
24582,0.22719915211200714
24583,0.17484255135059357
24584,0.18401683866977692
24585,0.1642516553401947
24586,0.21219556033611298
24587,0.17794419825077057
24588,0.22717677056789398
24589,0.21962429583072662
24590,0.20763644576072693
24591,0.24015048146247864
24592,0.2204647958278656
24593,0.2006348818540573
24594,0.22514592111110687
24595,0.1894550621509552
24596,0.1850438266992569
24597,0.176570326089859
24598,0.18335258960723877
24599,0.20784984529018402
24600,0.2139548510313034
24601,0.21696676313877106
24602,0.2285040318965912
24603,0.1960369199514389
24604,0.18863748013973236
24605,0.18180812895298004
24606,0.1805780678987503
24607,0.19850358366966248
24608,0.1780110001564026
24609,0.16433067619800568
24610,0.16089114546775818
24611,0.16897064447402954
24612,0.19371092319488525
24613,0.16852812469005585
24614,0.17929057776927948
24615,0.15974245965480804
24616,0.1556301712989807
24617,0.15027832984924316
24618,0.17074832320213318
24619,0.45050370693206787
24620,0.3348414897918701
24621,0.45609667897224426
24622,0.39360329508781433
24623,0.3101111948490143
24624,0.3767399787902832
24625,0.5315420031547546
24626,0.3202510476112366
24627,0.28687626123428345
24628,0.3699600100517273
24629,0.49682486057281494
24630,0.5665510296821594
24631,0.591293215751648
24632,0.5754947662353516
24633,0.530346155166626
24634,0.5225037932395935
24635,0.5142057538032532
24636,0.51348876953125
24637,0.40357646346092224
24638,0.4600033164024353
24639,0.3569835424423218
24640,0.35677745938301086
24641,0.3616179823875427
24642,0.3922096788883209
24643,0.4483001232147217
24644,0.3964061439037323
24645,0.3722998797893524
24646,0.440193235874176
24647,0.42678147554397583
24648,0.4328523874282837
24649,0.4796622395515442
24650,0.4637511372566223
24651,0.3649024963378906
24652,0.2904728651046753
24653,0.33538538217544556
24654,0.42543745040893555
24655,0.2507350444793701
24656,0.34677940607070923
24657,0.38836392760276794
24658,0.3544825613498688
24659,0.3487699627876282
24660,0.34114235639572144
24661,0.3515523672103882
24662,0.360517680644989
24663,0.37527644634246826
24664,0.3380621075630188
24665,0.3019939959049225
24666,0.3142700791358948
24667,0.34372276067733765
24668,0.39147892594337463
24669,0.35947921872138977
24670,0.3511830270290375
24671,0.3559988737106323
24672,0.4419473111629486
24673,0.45002442598342896
24674,0.44846469163894653
24675,0.5145515203475952
24676,0.5248398780822754
24677,0.5344754457473755
24678,0.5297941565513611
24679,0.49830636382102966
24680,0.42680108547210693
24681,0.40897196531295776
24682,0.35694700479507446
24683,0.3906414210796356
24684,0.33937376737594604
24685,0.3932730555534363
24686,0.1346236914396286
24687,0.1778881847858429
24688,0.18209649622440338
24689,0.34382474422454834
24690,0.20241478085517883
24691,0.25979194045066833
24692,0.35373660922050476
24693,0.3439089357852936
24694,0.2662430703639984
24695,0.21565411984920502
24696,0.19067330658435822
24697,0.18034115433692932
24698,0.3078823983669281
24699,0.3228020966053009
24700,0.32669878005981445
24701,0.3241048753261566
24702,0.3090532124042511
24703,0.33316582441329956
24704,0.2862663269042969
24705,0.3509008586406708
24706,0.3485865890979767
24707,0.3524269163608551
24708,0.33549126982688904
24709,0.33151862025260925
24710,0.3668976426124573
24711,0.3244842290878296
24712,0.3464055061340332
24713,0.37438341975212097
24714,0.3889516294002533
24715,0.34318867325782776
24716,0.37635451555252075
24717,0.3796599209308624
24718,0.37399598956108093
24719,0.35719794034957886
24720,0.35979190468788147
24721,0.3160537779331207
24722,0.3373534381389618
24723,0.30979350209236145
24724,0.3910481929779053
24725,0.4130043387413025
24726,0.3792920410633087
24727,0.3206077814102173
24728,0.43933308124542236
24729,0.37909334897994995
24730,0.37236863374710083
24731,0.36352089047431946
24732,0.2943894565105438
24733,0.36756789684295654
24734,0.4866688847541809
24735,0.4040178954601288
24736,0.4292875826358795
24737,0.4309137761592865
24738,0.48189011216163635
24739,0.48948249220848083
24740,0.533259928226471
24741,0.5271210670471191
24742,0.5859584212303162
24743,0.5121416449546814
24744,0.5526986718177795
24745,0.49841806292533875
24746,0.601900577545166
24747,0.48915621638298035
24748,0.4283381998538971
24749,0.4340692460536957
24750,0.4402318298816681
24751,0.45289891958236694
24752,0.4510703682899475
24753,0.507713258266449
24754,0.5523893237113953
24755,0.599582314491272
24756,0.560409665107727
24757,0.5948978662490845
24758,0.5605804920196533
24759,0.5389403104782104
24760,0.49617886543273926
24761,0.5560445189476013
24762,0.5568394660949707
24763,0.5322214365005493
24764,0.5384018421173096
24765,0.5993204116821289
24766,0.48539668321609497
24767,0.5752221941947937
24768,0.5387192368507385
24769,0.4278362989425659
24770,0.40969938039779663
24771,0.42054516077041626
24772,0.47560521960258484
24773,0.4049392640590668
24774,0.35551440715789795
24775,0.3578368127346039
24776,0.3606291115283966
24777,0.47683632373809814
24778,0.3432190418243408
24779,0.37736207246780396
24780,0.30771303176879883
24781,0.3030967116355896
24782,0.30761781334877014
24783,0.3572140038013458
24784,0.4388575851917267
24785,0.5230287909507751
24786,0.326496422290802
24787,0.36752623319625854
24788,0.48942863941192627
24789,0.5429486632347107
24790,0.5702028274536133
24791,0.4680728316307068
24792,0.43103837966918945
24793,0.5017499923706055
24794,0.22418160736560822
24795,0.5414486527442932
24796,0.2965151071548462
24797,0.45633557438850403
24798,0.41807085275650024
24799,0.6947945356369019
24800,0.5511607527732849
24801,0.4150436818599701
24802,0.5987488031387329
24803,0.34373795986175537
24804,0.4577775001525879
24805,0.24039345979690552
24806,0.3808031380176544
24807,0.4688915014266968
24808,0.5511349439620972
24809,0.33230581879615784
24810,0.484327495098114
24811,0.27424436807632446
24812,0.2900218367576599
24813,0.24547995626926422
24814,0.29210036993026733
24815,0.48008963465690613
24816,0.45963922142982483
24817,0.5519483089447021
24818,0.36257481575012207
24819,0.36401844024658203
24820,0.33643272519111633
24821,0.14110442996025085
24822,0.189314603805542
24823,0.23888574540615082
24824,0.30998411774635315
24825,0.1963835507631302
24826,0.17255738377571106
24827,0.17623008787631989
24828,0.19235661625862122
24829,0.21978449821472168
24830,0.25506889820098877
24831,0.23560740053653717
24832,0.23208187520503998
24833,0.20913246273994446
24834,0.2553772032260895
24835,0.2763511538505554
24836,0.2689911723136902
24837,0.2237130105495453
24838,0.21674680709838867
24839,0.5969743132591248
24840,0.3612511157989502
24841,0.47876009345054626
24842,0.608188271522522
24843,0.5944182276725769
24844,0.480835884809494
24845,0.5654234290122986
24846,0.5901023149490356
24847,0.4070990979671478
24848,0.564992368221283
24849,0.2581348121166229
24850,0.5043738484382629
24851,0.3158566951751709
24852,0.4187769293785095
24853,0.556378960609436
24854,0.21092526614665985
24855,0.35465532541275024
24856,0.5035457611083984
24857,0.39528411626815796
24858,0.4589092433452606
24859,0.5238150358200073
24860,0.45369458198547363
24861,0.4799451231956482
24862,0.42286184430122375
24863,0.663682758808136
24864,0.5166210532188416
24865,0.5075405836105347
24866,0.2923566401004791
24867,0.3802807927131653
24868,0.4139128029346466
24869,0.45291346311569214
24870,0.31261733174324036
24871,0.3459608852863312
24872,0.738827109336853
24873,0.37191611528396606
24874,0.3562699258327484
24875,0.4800555408000946
24876,0.4112164378166199
24877,0.36792734265327454
24878,0.5938304662704468
24879,0.5417242050170898
24880,0.04733384773135185
24881,0.22235926985740662
24882,0.17437513172626495
24883,0.25929418206214905
24884,0.19302146136760712
24885,0.2439683973789215
24886,0.32315793633461
24887,0.19478677213191986
24888,0.17990727722644806
24889,0.18871407210826874
24890,0.1424788534641266
24891,0.2489679902791977
24892,0.21605151891708374
24893,0.29646360874176025
24894,0.31304436922073364
24895,0.2915710508823395
24896,0.28552255034446716
24897,0.3478807508945465
24898,0.35977163910865784
24899,0.33378341794013977
24900,0.3168896436691284
24901,0.3242616057395935
24902,0.3393031060695648
24903,0.34132134914398193
24904,0.4178805947303772
24905,0.4090763330459595
24906,0.41733723878860474
24907,0.40213146805763245
24908,0.37223803997039795
24909,0.4042317867279053
24910,0.25423917174339294
24911,0.2475368082523346
24912,0.2846269905567169
24913,0.3218213617801666
24914,0.27380701899528503
24915,0.2676430940628052
24916,0.2981334328651428
24917,0.30558061599731445
24918,0.34055647253990173
24919,0.30961737036705017
24920,0.29206860065460205
24921,0.2770426571369171
24922,0.24959057569503784
24923,0.281541109085083
24924,0.3305547833442688
24925,0.34280475974082947
24926,0.2628372013568878
24927,0.2710508108139038
24928,0.3144465684890747
24929,0.30541306734085083
24930,0.304862380027771
24931,0.2630431652069092
24932,0.17065539956092834
24933,0.18084098398685455
24934,0.23162399232387543
24935,0.26174551248550415
24936,0.24855300784111023
24937,0.25174716114997864
24938,0.24548597633838654
24939,0.22758570313453674
24940,0.23614799976348877
24941,0.2110024094581604
24942,0.22484610974788666
24943,0.14521941542625427
24944,0.15280109643936157
24945,0.1742527186870575
24946,0.18762275576591492
24947,0.22522509098052979
24948,0.22368693351745605
24949,0.21338537335395813
24950,0.32261157035827637
24951,0.20379415154457092
24952,0.20324532687664032
24953,0.21007154881954193
24954,0.18417732417583466
24955,0.32323896884918213
24956,0.20774886012077332
24957,0.2097562849521637
24958,0.20394474267959595
24959,0.30543047189712524
24960,0.3399654030799866
24961,0.24763572216033936
24962,0.38556715846061707
24963,0.23716193437576294
24964,0.3551068902015686
24965,0.48100531101226807
24966,0.26328206062316895
24967,0.26912274956703186
24968,0.42848700284957886
24969,0.4157847464084625
24970,0.42269712686538696
24971,0.37101277709007263
24972,0.3379720449447632
24973,0.4740085303783417
24974,0.3796501159667969
24975,0.3949510157108307
24976,0.4168524146080017
24977,0.4162593185901642
24978,0.35508450865745544
24979,0.43166977167129517
24980,0.3864947259426117
24981,0.42401552200317383
24982,0.4846257269382477
24983,0.4865812361240387
24984,0.5049870610237122
24985,0.459828644990921
24986,0.485318124294281
24987,0.5284683704376221
24988,0.4793485105037689
24989,0.401705265045166
24990,0.5009275674819946
24991,0.5366050601005554
24992,0.48810121417045593
24993,0.5970457196235657
24994,0.4313722252845764
24995,0.3392051160335541
24996,0.3953363597393036
24997,0.1785590946674347
24998,0.31221070885658264
24999,0.3882180154323578
25000,0.5956795811653137
25001,0.5502687096595764
25002,0.40545085072517395
25003,0.4205130338668823
25004,0.4118713140487671
25005,0.5560325384140015
25006,0.3615025579929352
25007,0.39472073316574097
25008,0.38625508546829224
25009,0.5073410868644714
25010,0.47284427285194397
25011,0.44876593351364136
25012,0.4464852213859558
25013,0.42751553654670715
25014,0.4804219901561737
25015,0.6142044067382812
25016,0.5447976589202881
25017,0.3643929958343506
25018,0.2874482572078705
25019,0.5149319767951965
25020,0.2029729038476944
25021,0.4909849464893341
25022,0.5029038786888123
25023,0.4168553054332733
25024,0.4533984959125519
25025,0.5529032945632935
25026,0.5757761597633362
25027,0.4139081835746765
25028,0.42945191264152527
25029,0.5545574426651001
25030,0.4786720275878906
25031,0.4187934100627899
25032,0.3734408915042877
25033,0.37666812539100647
25034,0.3951340317726135
25035,0.33311042189598083
25036,0.3601653277873993
25037,0.2244882434606552
25038,0.4222521185874939
25039,0.09954796731472015
25040,0.17081399261951447
25041,0.2449934035539627
25042,0.4834122657775879
25043,0.5278115272521973
25044,0.49045172333717346
25045,0.43116047978401184
25046,0.3678341209888458
25047,0.31952953338623047
25048,0.2896408438682556
25049,0.4817621111869812
25050,0.43010076880455017
25051,0.5224657654762268
25052,0.3134419322013855
25053,0.410295307636261
25054,0.29249075055122375
25055,0.3127252459526062
25056,0.22543983161449432
25057,0.3953503370285034
25058,0.5332921147346497
25059,0.5271976590156555
25060,0.6596798300743103
25061,0.7800713777542114
25062,0.4314316213130951
25063,0.4171094000339508
25064,0.5879412293434143
25065,0.5182406306266785
25066,0.5247907042503357
25067,0.6361714005470276
25068,0.4131326973438263
25069,0.4239750802516937
25070,0.37662431597709656
25071,0.29703715443611145
25072,0.476310133934021
25073,0.3696887493133545
25074,0.33693912625312805
25075,0.31552913784980774
25076,0.274443119764328
25077,0.28064313530921936
25078,0.2779718339443207
25079,0.31479254364967346
25080,0.3286442756652832
25081,0.3422844111919403
25082,0.34946945309638977
25083,0.2884765565395355
25084,0.5430569052696228
25085,0.5111358761787415
25086,0.5028699636459351
25087,0.05916063115000725
25088,0.4566095769405365
25089,0.4675544798374176
25090,0.49785810708999634
25091,0.48219582438468933
25092,0.48141539096832275
25093,0.5016883611679077
25094,0.41004350781440735
25095,0.3684227764606476
25096,0.5050657391548157
25097,0.4910111129283905
25098,0.3900667428970337
25099,0.4305706322193146
25100,0.47148555517196655
25101,0.28690800070762634
25102,0.37348610162734985
25103,0.39420032501220703
25104,0.41473114490509033
25105,0.38421690464019775
25106,0.31012648344039917
25107,0.4071459472179413
25108,0.3704967200756073
25109,0.446114182472229
25110,0.3550361096858978
25111,0.49943095445632935
25112,0.4351639151573181
25113,0.42073923349380493
25114,0.3962380290031433
25115,0.40918296575546265
25116,0.39939817786216736
25117,0.44586247205734253
25118,0.4246887266635895
25119,0.29682695865631104
25120,0.337548166513443
25121,0.37761861085891724
25122,0.3750600814819336
25123,0.34764814376831055
25124,0.43476709723472595
25125,0.4607202410697937
25126,0.4793175458908081
25127,0.5018988251686096
25128,0.3409110903739929
25129,0.44635578989982605
25130,0.37265458703041077
25131,0.45883941650390625
25132,0.4372791647911072
25133,0.4201882779598236
25134,0.5132476091384888
25135,0.39858487248420715
25136,0.42595750093460083
25137,0.5629891157150269
25138,0.5708587765693665
25139,0.4603857696056366
25140,0.49415624141693115
25141,0.4966917634010315
25142,0.5195124745368958
25143,0.441662460565567
25144,0.37278246879577637
25145,0.34131866693496704
25146,0.5168716311454773
25147,0.2992249131202698
25148,0.32933610677719116
25149,0.4054827094078064
25150,0.29802024364471436
25151,0.3711625039577484
25152,0.25696319341659546
25153,0.30474549531936646
25154,0.2978668510913849
25155,0.17712895572185516
25156,0.13060876727104187
25157,0.28095585107803345
25158,0.2947719097137451
25159,0.29638031125068665
25160,0.3050680458545685
25161,0.4081701636314392
25162,0.5560325384140015
25163,0.4080941677093506
25164,0.24585488438606262
25165,0.26797133684158325
25166,0.43279948830604553
25167,0.41966164112091064
25168,0.03490655496716499
25169,0.037634968757629395
25170,0.034632205963134766
25171,0.45083871483802795
25172,0.2691245675086975
25173,0.7893901467323303
25174,0.39049187302589417
25175,0.2564719021320343
25176,0.26844552159309387
25177,0.35299399495124817
25178,0.31723183393478394
25179,0.39956557750701904
25180,0.5196391344070435
25181,0.455883264541626
25182,0.3093832731246948
25183,0.2888231873512268
25184,0.5008342266082764
25185,0.5081118941307068
25186,0.39515742659568787
25187,0.36969104409217834
25188,0.17485716938972473
25189,0.1348172128200531
25190,0.18333794176578522
25191,0.20116236805915833
25192,0.3284131586551666
25193,0.40087002515792847
25194,0.3907689154148102
25195,0.37439846992492676
25196,0.5630102157592773
25197,0.3718582093715668
25198,0.44428250193595886
25199,0.38198328018188477
25200,0.4596370458602905
25201,0.34403228759765625
25202,0.4630891978740692
25203,0.1910562366247177
25204,0.44708195328712463
25205,0.382097452878952
25206,0.17107923328876495
25207,0.33871403336524963
25208,0.19900864362716675
25209,0.4685865044593811
25210,0.5084152221679688
25211,0.23543760180473328
25212,0.4117867946624756
25213,0.5468026399612427
25214,0.5779000520706177
25215,0.49315205216407776
25216,0.557519793510437
25217,0.4793485105037689
25218,0.41145870089530945
25219,0.3725771903991699
25220,0.5336574912071228
25221,0.47364333271980286
25222,0.30939429998397827
25223,0.333587646484375
25224,0.292905330657959
25225,0.3160596787929535
25226,0.4059025049209595
25227,0.330916166305542
25228,0.4835653603076935
25229,0.6859076619148254
25230,0.35850638151168823
25231,0.5109086036682129
25232,0.4782812297344208
25233,0.3714451789855957
25234,0.30629962682724
25235,0.49015188217163086
25236,0.24118870496749878
25237,0.31580349802970886
25238,0.558096170425415
25239,0.4231027662754059
25240,0.49939921498298645
25241,0.47246816754341125
25242,0.531020998954773
25243,0.4223937392234802
25244,0.25840795040130615
25245,0.44553208351135254
25246,0.243389293551445
25247,0.32318928837776184
25248,0.30642783641815186
25249,0.6342476606369019
25250,0.6581851243972778
25251,0.6699525713920593
25252,0.6587502360343933
25253,0.6443548202514648
25254,0.6442403793334961
25255,0.6081451773643494
25256,0.5892936587333679
25257,0.5520796775817871
25258,0.5922594666481018
25259,0.5831719040870667
25260,0.44393667578697205
25261,0.4162134528160095
25262,0.5057631731033325
25263,0.5001071691513062
25264,0.49078604578971863
25265,0.36957186460494995
25266,0.4905394911766052
25267,0.6457724571228027
25268,0.3655931353569031
25269,0.44196251034736633
25270,0.47119736671447754
25271,0.32315000891685486
25272,0.21700960397720337
25273,0.35303351283073425
25274,0.4082109332084656
25275,0.5952794551849365
25276,0.20352989435195923
25277,0.4117574989795685
25278,0.2534678876399994
25279,0.29350823163986206
25280,0.49130499362945557
25281,0.3293250799179077
25282,0.4640078842639923
25283,0.3607451617717743
25284,0.3250623643398285
25285,0.2511460483074188
25286,0.6155284643173218
25287,0.2465665489435196
25288,0.35501721501350403
25289,0.39409011602401733
25290,0.3160579204559326
25291,0.2895991802215576
25292,0.2877943515777588
25293,0.2775581479072571
25294,0.27299201488494873
25295,0.36086755990982056
25296,0.34949907660484314
25297,0.26446178555488586
25298,0.2929602265357971
25299,0.30487194657325745
25300,0.3234335780143738
25301,0.3270522654056549
25302,0.2676258981227875
25303,0.40185225009918213
25304,0.2736239433288574
25305,0.20239564776420593
25306,0.31749069690704346
25307,0.2747618556022644
25308,0.1816924512386322
25309,0.24098460376262665
25310,0.27111029624938965
25311,0.1282055377960205
25312,0.42719563841819763
25313,0.24903203547000885
25314,0.27638623118400574
25315,0.19006338715553284
25316,0.23344556987285614
25317,0.4237794280052185
25318,0.29091519117355347
25319,0.26290246844291687
25320,0.29904118180274963
25321,0.4506945312023163
25322,0.37930330634117126
25323,0.3308771848678589
25324,0.4986959993839264
25325,0.4140964448451996
25326,0.30228593945503235
25327,0.5309724807739258
25328,0.39610549807548523
25329,0.23891305923461914
25330,0.6588349342346191
25331,0.5868921875953674
25332,0.6244081854820251
25333,0.5884721279144287
25334,0.6520025730133057
25335,0.4057152569293976
25336,0.2089643031358719
25337,0.23741820454597473
25338,0.23966741561889648
25339,0.219420924782753
25340,0.1815813183784485
25341,0.4295632541179657
25342,0.43746230006217957
25343,0.4642089605331421
25344,0.508634090423584
25345,0.3981783092021942
25346,0.3981783092021942
25347,0.3981783092021942
25348,0.4165203869342804
25349,0.42520850896835327
25350,0.48428139090538025
25351,0.22614066302776337
25352,0.19589358568191528
25353,0.30810463428497314
25354,0.4820523262023926
25355,0.3840319812297821
25356,0.35411134362220764
25357,0.3168484568595886
25358,0.26724475622177124
25359,0.3162614107131958
25360,0.3363874852657318
25361,0.273375004529953
25362,0.35703226923942566
25363,0.407757043838501
25364,0.3973495066165924
25365,0.31734028458595276
25366,0.3500146269798279
25367,0.32501283288002014
25368,0.35253795981407166
25369,0.3934873342514038
25370,0.3765068054199219
25371,0.37817785143852234
25372,0.24330660700798035
25373,0.24852149188518524
25374,0.289228618144989
25375,0.24077999591827393
25376,0.520504891872406
25377,0.4353126883506775
25378,0.3881087005138397
25379,0.551048219203949
25380,0.19139546155929565
25381,0.383707195520401
25382,0.424344003200531
25383,0.5685776472091675
25384,0.6002812385559082
25385,0.5114340782165527
25386,0.3885592818260193
25387,0.3003010153770447
25388,0.5578796863555908
25389,0.461031973361969
25390,0.5057989954948425
25391,0.3630462884902954
25392,0.23059336841106415
25393,0.34607765078544617
25394,0.25568827986717224
25395,0.26916468143463135
25396,0.4780904948711395
25397,0.2989543378353119
25398,0.3739995062351227
25399,0.2724936902523041
25400,0.46440210938453674
25401,0.5021423101425171
25402,0.49578309059143066
25403,0.29601550102233887
25404,0.24854958057403564
25405,0.20446941256523132
25406,0.3638577163219452
25407,0.38736364245414734
25408,0.22816535830497742
25409,0.3061736822128296
25410,0.2855004370212555
25411,0.22233076393604279
25412,0.28287309408187866
25413,0.5394443869590759
25414,0.5051375031471252
25415,0.5902882218360901
25416,0.5367083549499512
25417,0.28978192806243896
25418,0.3019484877586365
25419,0.38582178950309753
25420,0.26564285159111023
25421,0.4075624346733093
25422,0.2754471004009247
25423,0.32065221667289734
25424,0.40541863441467285
25425,0.3213079273700714
25426,0.2781001031398773
25427,0.3528221845626831
25428,0.3647589087486267
25429,0.34772464632987976
25430,0.27478766441345215
25431,0.24298106133937836
25432,0.4958724081516266
25433,0.4012744724750519
25434,0.3709183633327484
25435,0.4679710865020752
25436,0.23158319294452667
25437,0.5500892400741577
25438,0.5563558340072632
25439,0.5472024083137512
25440,0.3232303559780121
25441,0.34076476097106934
25442,0.2863020896911621
25443,0.3082992434501648
25444,0.33530381321907043
25445,0.39899107813835144
25446,0.36734530329704285
25447,0.5086532831192017
25448,0.2994959056377411
25449,0.2629065215587616
25450,0.2788613438606262
25451,0.24919509887695312
25452,0.372609406709671
25453,0.2277289628982544
25454,0.19840626418590546
25455,0.23038777709007263
25456,0.15417665243148804
25457,0.17471565306186676
25458,0.6921592950820923
25459,0.3075178563594818
25460,0.30775871872901917
25461,0.5262665748596191
25462,0.46191129088401794
25463,0.27109360694885254
25464,0.22052247822284698
25465,0.23308084905147552
25466,0.28171002864837646
25467,0.4584038555622101
25468,0.6192387938499451
25469,0.5483438372612
25470,0.5987944602966309
25471,0.6118650436401367
25472,0.2814193367958069
25473,0.40790820121765137
25474,0.32365545630455017
25475,0.33755165338516235
25476,0.24673375487327576
25477,0.23417699337005615
25478,0.37156495451927185
25479,0.4028841257095337
25480,0.3361749053001404
25481,0.28555771708488464
25482,0.27075842022895813
25483,0.294173926115036
25484,0.25837549567222595
25485,0.33565229177474976
25486,0.35490497946739197
25487,0.20692084729671478
25488,0.3320162296295166
25489,0.3208431303501129
25490,0.28357091546058655
25491,0.3572218716144562
25492,0.3120695948600769
25493,0.24225059151649475
25494,0.2631794810295105
25495,0.21648462116718292
25496,0.2714957594871521
25497,0.2790300250053406
25498,0.23349668085575104
25499,0.25216951966285706
25500,0.3239620625972748
25501,0.46646779775619507
25502,0.43709254264831543
25503,0.2937277555465698
25504,0.22053395211696625
25505,0.484958291053772
25506,0.2856824994087219
25507,0.27760329842567444
25508,0.2757396101951599
25509,0.22939011454582214
25510,0.34001532196998596
25511,0.46228110790252686
25512,0.31500956416130066
25513,0.37142980098724365
25514,0.3270092308521271
25515,0.3909516930580139
25516,0.35855963826179504
25517,0.3272313177585602
25518,0.234586700797081
25519,0.24714456498622894
25520,0.39617919921875
25521,0.3321743905544281
25522,0.15785719454288483
25523,0.2682736814022064
25524,0.5637615919113159
25525,0.3724648654460907
25526,0.3123396933078766
25527,0.3372316360473633
25528,0.336393266916275
25529,0.5228836536407471
25530,0.6338505148887634
25531,0.35567134618759155
25532,0.40373411774635315
25533,0.31306448578834534
25534,0.3526780903339386
25535,0.43823686242103577
25536,0.4270403981208801
25537,0.6071555614471436
25538,0.32077351212501526
25539,0.2979039251804352
25540,0.23016919195652008
25541,0.21117962896823883
25542,0.2342318594455719
25543,0.3742680549621582
25544,0.2895732522010803
25545,0.32976454496383667
25546,0.3126039206981659
25547,0.3366098403930664
25548,0.3369426131248474
25549,0.38677915930747986
25550,0.2565959692001343
25551,0.2773019075393677
25552,0.2457539439201355
25553,0.39974653720855713
25554,0.40650293231010437
25555,0.4455733895301819
25556,0.2875286936759949
25557,0.2628762423992157
25558,0.31981006264686584
25559,0.44104713201522827
25560,0.49678558111190796
25561,0.4967717230319977
25562,0.4043155312538147
25563,0.35355889797210693
25564,0.3895348906517029
25565,0.3748265504837036
25566,0.3128315806388855
25567,0.341067373752594
25568,0.2610613703727722
25569,0.44873031973838806
25570,0.39630866050720215
25571,0.42520517110824585
25572,0.3967913091182709
25573,0.43166303634643555
25574,0.2936588525772095
25575,0.23457041382789612
25576,0.23676274716854095
25577,0.26700741052627563
25578,0.21325989067554474
25579,0.22403469681739807
25580,0.2736617922782898
25581,0.3267345428466797
25582,0.2791644036769867
25583,0.19870831072330475
25584,0.24336360394954681
25585,0.42018643021583557
25586,0.35167166590690613
25587,0.2595237195491791
25588,0.2295389026403427
25589,0.419446736574173
25590,0.20214371383190155
25591,0.15008142590522766
25592,0.40428146719932556
25593,0.44049370288848877
25594,0.5081024169921875
25595,0.4805685579776764
25596,0.5576099753379822
25597,0.2709812819957733
25598,0.377647340297699
25599,0.3583340644836426
25600,0.34826159477233887
25601,0.28691795468330383
25602,0.3562733232975006
25603,0.4505120515823364
25604,0.3075389862060547
25605,0.4965246915817261
25606,0.25457704067230225
25607,0.3302113711833954
25608,0.2691435217857361
25609,0.2637106478214264
25610,0.30657777190208435
25611,0.346478670835495
25612,0.37295180559158325
25613,0.31639596819877625
25614,0.31655174493789673
25615,0.4105881452560425
25616,0.46518442034721375
25617,0.4481034278869629
25618,0.3373469412326813
25619,0.5845119953155518
25620,0.38466086983680725
25621,0.27810239791870117
25622,0.25161442160606384
25623,0.25161442160606384
25624,0.32277044653892517
25625,0.4129753112792969
25626,0.31795698404312134
25627,0.26959922909736633
25628,0.28460997343063354
25629,0.34462475776672363
25630,0.34007570147514343
25631,0.33561792969703674
25632,0.34462475776672363
25633,0.4386191964149475
25634,0.42240631580352783
25635,0.3875196576118469
25636,0.19168606400489807
25637,0.31587615609169006
25638,0.25731712579727173
25639,0.3501100540161133
25640,0.32073473930358887
25641,0.29124435782432556
25642,0.28347086906433105
25643,0.34783944487571716
25644,0.23673750460147858
25645,0.21406738460063934
25646,0.22916287183761597
25647,0.17642633616924286
25648,0.26832666993141174
25649,0.29043200612068176
25650,0.3184361159801483
25651,0.28549274802207947
25652,0.19055898487567902
25653,0.23301579058170319
25654,0.32774046063423157
25655,0.44935786724090576
25656,0.35475581884384155
25657,0.3324320912361145
25658,0.2993311882019043
25659,0.3372074365615845
25660,0.3778800666332245
25661,0.3335362672805786
25662,0.3623031973838806
25663,0.34059038758277893
25664,0.21496985852718353
25665,0.35249388217926025
25666,0.37982049584388733
25667,0.3672667145729065
25668,0.32603996992111206
25669,0.39032402634620667
25670,0.5140841603279114
25671,0.2553768754005432
25672,0.3271885812282562
25673,0.2708067297935486
25674,0.2652997374534607
25675,0.2677413821220398
25676,0.2467028647661209
25677,0.49590152502059937
25678,0.397832453250885
25679,0.38847509026527405
25680,0.3315122127532959
25681,0.3784940838813782
25682,0.43595370650291443
25683,0.33472734689712524
25684,0.3529474437236786
25685,0.4875570237636566
25686,0.36679548025131226
25687,0.25614413619041443
25688,0.3677965998649597
25689,0.4855755567550659
25690,0.5222545862197876
25691,0.2198445051908493
25692,0.2802812457084656
25693,0.19990602135658264
25694,0.20856443047523499
25695,0.24010968208312988
25696,0.3350749909877777
25697,0.24706748127937317
25698,0.5108933448791504
25699,0.3227784037590027
25700,0.18519307672977448
25701,0.29024165868759155
25702,0.26304492354393005
25703,0.24442678689956665
25704,0.2508830726146698
25705,0.25551313161849976
25706,0.26221951842308044
25707,0.47979655861854553
25708,0.3667808473110199
25709,0.32630613446235657
25710,0.37733110785484314
25711,0.2721184492111206
25712,0.29210662841796875
25713,0.5722959041595459
25714,0.41469308733940125
25715,0.41937801241874695
25716,0.48997440934181213
25717,0.2644876539707184
25718,0.34089067578315735
25719,0.39303794503211975
25720,0.37816891074180603
25721,0.3020578622817993
25722,0.4626859426498413
25723,0.35307610034942627
25724,0.23456993699073792
25725,0.2583763301372528
25726,0.4264792203903198
25727,0.3440008759498596
25728,0.33370569348335266
25729,0.19156765937805176
25730,0.46348005533218384
25731,0.547424852848053
25732,0.4774439334869385
25733,0.28692835569381714
25734,0.2753809988498688
25735,0.44742825627326965
25736,0.4864003658294678
25737,0.43680644035339355
25738,0.3350268304347992
25739,0.3872584104537964
25740,0.40937212109565735
25741,0.2634531259536743
25742,0.3624601662158966
25743,0.3539906442165375
25744,0.3709881901741028
25745,0.5234896540641785
25746,0.561902642250061
25747,0.2980117201805115
25748,0.20760934054851532
25749,0.25244197249412537
25750,0.3641052842140198
25751,0.33309197425842285
25752,0.20547819137573242
25753,0.21938751637935638
25754,0.2544059455394745
25755,0.34857749938964844
25756,0.5596157908439636
25757,0.4956226944923401
25758,0.21221394836902618
25759,0.3781496584415436
25760,0.41642698645591736
25761,0.45991092920303345
25762,0.3421914577484131
25763,0.3207566440105438
25764,0.441619336605072
25765,0.37568941712379456
25766,0.5082219839096069
25767,0.2976039946079254
25768,0.3821350634098053
25769,0.4100477993488312
25770,0.3192808926105499
25771,0.5178295969963074
25772,0.3986639380455017
25773,0.7654454112052917
25774,0.47586554288864136
25775,0.3769038915634155
25776,0.4434962272644043
25777,0.42637258768081665
25778,0.281942218542099
25779,0.3076200783252716
25780,0.3671913146972656
25781,0.3284660577774048
25782,0.37243661284446716
25783,0.26785513758659363
25784,0.4444074332714081
25785,0.35924994945526123
25786,0.5018299221992493
25787,0.3221583366394043
25788,0.2600708305835724
25789,0.3129681348800659
25790,0.4371104836463928
25791,0.32782891392707825
25792,0.3315085172653198
25793,0.3184014558792114
25794,0.3293508291244507
25795,0.3623008728027344
25796,0.29612717032432556
25797,0.29967769980430603
25798,0.21109437942504883
25799,0.23285403847694397
25800,0.20451204478740692
25801,0.32216352224349976
25802,0.2642686069011688
25803,0.2957632541656494
25804,0.28913411498069763
25805,0.33795297145843506
25806,0.35885128378868103
25807,0.40462565422058105
25808,0.2466726303100586
25809,0.33844152092933655
25810,0.39968493580818176
25811,0.3116268813610077
25812,0.3338242769241333
25813,0.3607485890388489
25814,0.3299277424812317
25815,0.3555491268634796
25816,0.3941963315010071
25817,0.3521122634410858
25818,0.28843560814857483
25819,0.3884519636631012
25820,0.3175836205482483
25821,0.2050122618675232
25822,0.2739376425743103
25823,0.258503258228302
25824,0.29686087369918823
25825,0.33492282032966614
25826,0.3569052517414093
25827,0.25091084837913513
25828,0.25164321064949036
25829,0.2337101846933365
25830,0.31177958846092224
25831,0.675739586353302
25832,0.6912549734115601
25833,0.677376389503479
25834,0.6691165566444397
25835,0.4189711809158325
25836,0.39745402336120605
25837,0.3854394257068634
25838,0.5095365047454834
25839,0.5115826725959778
25840,0.37807831168174744
25841,0.20578591525554657
25842,0.7480583786964417
25843,0.3746914267539978
25844,0.17566311359405518
25845,0.27981188893318176
25846,0.3010036051273346
25847,0.40458330512046814
25848,0.2951638102531433
25849,0.3267914950847626
25850,0.28118696808815
25851,0.7448374629020691
25852,0.2909996807575226
25853,0.4666427671909332
25854,0.4447508156299591
25855,0.6763229370117188
25856,0.6248809695243835
25857,0.6248809695243835
25858,0.6610897779464722
25859,0.6256809234619141
25860,0.6334912776947021
25861,0.7147190570831299
25862,0.2715322971343994
25863,0.2699228525161743
25864,0.38699063658714294
25865,0.32339584827423096
25866,0.11159296333789825
25867,0.2156401127576828
25868,0.29806938767433167
25869,0.2844368815422058
25870,0.5176145434379578
25871,0.4212927520275116
25872,0.39948803186416626
25873,0.2870010733604431
25874,0.3446591794490814
25875,0.4102403521537781
25876,0.376510351896286
25877,0.36389270424842834
25878,0.3777812719345093
25879,0.36705538630485535
25880,0.39595454931259155
25881,0.3436744213104248
25882,0.32870379090309143
25883,0.14382508397102356
25884,0.39021071791648865
25885,0.43254509568214417
25886,0.5033971667289734
25887,0.4493762254714966
25888,0.4355785846710205
25889,0.2174416184425354
25890,0.24166764318943024
25891,0.2678656280040741
25892,0.27062109112739563
25893,0.4941485524177551
25894,0.27214527130126953
25895,0.3584769070148468
25896,0.2564411163330078
25897,0.3100877106189728
25898,0.34272533655166626
25899,0.30681782960891724
25900,0.31356126070022583
25901,0.29765594005584717
25902,0.29527729749679565
25903,0.31109651923179626
25904,0.22530581057071686
25905,0.4955142140388489
25906,0.34523433446884155
25907,0.31152626872062683
25908,0.2064467966556549
25909,0.3310319185256958
25910,0.1896948516368866
25911,0.20940858125686646
25912,0.22743545472621918
25913,0.2626495957374573
25914,0.2381736934185028
25915,0.25175797939300537
25916,0.241126149892807
25917,0.40315741300582886
25918,0.35641372203826904
25919,0.5000343918800354
25920,0.2323361486196518
25921,0.4913296401500702
25922,0.336948961019516
25923,0.3818657696247101
25924,0.2108229249715805
25925,0.40712571144104004
25926,0.41293036937713623
25927,0.2902672290802002
25928,0.31349775195121765
25929,0.2945982813835144
25930,0.33461424708366394
25931,0.3489926755428314
25932,0.25675061345100403
25933,0.30071917176246643
25934,0.22091180086135864
25935,0.2633812129497528
25936,0.2859569787979126
25937,0.3447079658508301
25938,0.5239248275756836
25939,0.6174437999725342
25940,0.64801424741745
25941,0.48989301919937134
25942,0.5644962191581726
25943,0.6001108884811401
25944,0.6649153232574463
25945,0.5103790760040283
25946,0.3609379529953003
25947,0.3175599277019501
25948,0.46963194012641907
25949,0.3180572986602783
25950,0.27949631214141846
25951,0.37793853878974915
25952,0.42191633582115173
25953,0.41386690735816956
25954,0.41139107942581177
25955,0.5170595645904541
25956,0.5113832354545593
25957,0.4820340871810913
25958,0.4511628746986389
25959,0.2699912190437317
25960,0.39382609724998474
25961,0.4157951772212982
25962,0.5050235986709595
25963,0.49629026651382446
25964,0.246724933385849
25965,0.24511589109897614
25966,0.4351102411746979
25967,0.44043418765068054
25968,0.37716493010520935
25969,0.42608678340911865
25970,0.33710914850234985
25971,0.26181307435035706
25972,0.2977832853794098
25973,0.331852525472641
25974,0.3362831175327301
25975,0.26339226961135864
25976,0.2476566582918167
25977,0.31215497851371765
25978,0.3776051104068756
25979,0.30165842175483704
25980,0.47372594475746155
25981,0.4498797059059143
25982,0.36708828806877136
25983,0.3482654094696045
25984,0.3408597409725189
25985,0.24957868456840515
25986,0.31545916199684143
25987,0.3245188593864441
25988,0.4901220500469208
25989,0.4265507459640503
25990,0.4113614559173584
25991,0.4182012677192688
25992,0.4120250344276428
25993,0.3338296413421631
25994,0.3235575556755066
25995,0.3466682434082031
25996,0.38151028752326965
25997,0.33080077171325684
25998,0.777614176273346
25999,0.6919667720794678
26000,0.32933977246284485
26001,0.3246677815914154
26002,0.44823428988456726
26003,0.3354099988937378
26004,0.43600693345069885
26005,0.32352620363235474
26006,0.33403757214546204
26007,0.29824721813201904
26008,0.3474976122379303
26009,0.36688587069511414
26010,0.28469040989875793
26011,0.2974179685115814
26012,0.28539419174194336
26013,0.27211320400238037
26014,0.32665905356407166
26015,0.31099534034729004
26016,0.3087175190448761
26017,0.2939337491989136
26018,0.2858467698097229
26019,0.38099709153175354
26020,0.4043254554271698
26021,0.4394127428531647
26022,0.3556968867778778
26023,0.33893728256225586
26024,0.3059436082839966
26025,0.3477402925491333
26026,0.40757495164871216
26027,0.210250586271286
26028,0.2813326418399811
26029,0.25381308794021606
26030,0.2616739869117737
26031,0.2900540232658386
26032,0.26968711614608765
26033,0.24456174671649933
26034,0.18495282530784607
26035,0.10841739922761917
26036,0.13847334682941437
26037,0.3550003468990326
26038,0.40693068504333496
26039,0.31143927574157715
26040,0.4438156187534332
26041,0.46434104442596436
26042,0.37510597705841064
26043,0.48103365302085876
26044,0.3984532356262207
26045,0.4268333911895752
26046,0.4916752278804779
26047,0.33106371760368347
26048,0.30167630314826965
26049,0.566779375076294
26050,0.08981627970933914
26051,0.5853822827339172
26052,0.2216719090938568
26053,0.3407885432243347
26054,0.31386542320251465
26055,0.2840821444988251
26056,0.2721644341945648
26057,0.3126106262207031
26058,0.41167202591896057
26059,0.4526587128639221
26060,0.45578497648239136
26061,0.36553823947906494
26062,0.3906834125518799
26063,0.34878331422805786
26064,0.35502657294273376
26065,0.2542070746421814
26066,0.298555850982666
26067,0.3688998222351074
26068,0.3436870872974396
26069,0.29410064220428467
26070,0.3820742666721344
26071,0.28108274936676025
26072,0.2961934804916382
26073,0.38082486391067505
26074,0.4111754596233368
26075,0.5044765472412109
26076,0.28734904527664185
26077,0.25170251727104187
26078,0.36956074833869934
26079,0.2573314905166626
26080,0.46360138058662415
26081,0.3446106016635895
26082,0.24915753304958344
26083,0.2642129957675934
26084,0.24590982496738434
26085,0.3659079074859619
26086,0.36535704135894775
26087,0.3773764967918396
26088,0.4981319010257721
26089,0.3604982793331146
26090,0.2532174289226532
26091,0.46586892008781433
26092,0.3277665376663208
26093,0.24483735859394073
26094,0.31232357025146484
26095,0.4908232092857361
26096,0.30905619263648987
26097,0.2762164771556854
26098,0.18645571172237396
26099,0.3727644979953766
26100,0.30988550186157227
26101,0.2714211344718933
26102,0.250545859336853
26103,0.2474527359008789
26104,0.26537489891052246
26105,0.3044845759868622
26106,0.30504080653190613
26107,0.4393171966075897
26108,0.36165234446525574
26109,0.6346844434738159
26110,0.25730034708976746
26111,0.4592793583869934
26112,0.2391747087240219
26113,0.3353233337402344
26114,0.359865665435791
26115,0.34534120559692383
26116,0.4047597050666809
26117,0.5013143420219421
26118,0.3027776777744293
26119,0.38637441396713257
26120,0.4218614101409912
26121,0.38671985268592834
26122,0.29920440912246704
26123,0.41386088728904724
26124,0.45526498556137085
26125,0.2402724325656891
26126,0.22988556325435638
26127,0.19726154208183289
26128,0.5011169910430908
26129,0.262498676776886
26130,0.30029600858688354
26131,0.34122195839881897
26132,0.35195109248161316
26133,0.2726539671421051
26134,0.3539874851703644
26135,0.5178118348121643
26136,0.3936835825443268
26137,0.3059433102607727
26138,0.452108234167099
26139,0.5387548804283142
26140,0.49350568652153015
26141,0.5390815138816833
26142,0.41799792647361755
26143,0.4610990881919861
26144,0.39616841077804565
26145,0.3992263078689575
26146,0.3902710974216461
26147,0.27537286281585693
26148,0.31322333216667175
26149,0.4898361265659332
26150,0.35855236649513245
26151,0.3126519024372101
26152,0.30045652389526367
26153,0.3604564666748047
26154,0.4062082767486572
26155,0.30601271986961365
26156,0.27348434925079346
26157,0.2760770320892334
26158,0.23122675716876984
26159,0.17513331770896912
26160,0.3273809850215912
26161,0.2736165225505829
26162,0.48595428466796875
26163,0.49922406673431396
26164,0.40481212735176086
26165,0.5439651608467102
26166,0.5490025877952576
26167,0.59249347448349
26168,0.45177677273750305
26169,0.4212912619113922
26170,0.5950663089752197
26171,0.5915249586105347
26172,0.5545627474784851
26173,0.575779139995575
26174,0.5719565749168396
26175,0.5800635814666748
26176,0.5680978894233704
26177,0.5351450443267822
26178,0.4929812252521515
26179,0.5495712757110596
26180,0.4840543270111084
26181,0.5738561153411865
26182,0.6413658261299133
26183,0.5947055816650391
26184,0.4212900400161743
26185,0.5773940086364746
26186,0.569222629070282
26187,0.6095806956291199
26188,0.49409976601600647
26189,0.49815529584884644
26190,0.1893366426229477
26191,0.394771933555603
26192,0.39172905683517456
26193,0.4331730008125305
26194,0.36017242074012756
26195,0.3610592782497406
26196,0.20612379908561707
26197,0.5818693041801453
26198,0.6168758869171143
26199,0.19679057598114014
26200,0.4913840889930725
26201,0.5554595589637756
26202,0.2960543632507324
26203,0.31136733293533325
26204,0.22500136494636536
26205,0.25466388463974
26206,0.30173036456108093
26207,0.31846174597740173
26208,0.2929573655128479
26209,0.28765031695365906
26210,0.4259093701839447
26211,0.3388421833515167
26212,0.26624852418899536
26213,0.39332154393196106
26214,0.39332154393196106
26215,0.5472057461738586
26216,0.4861549139022827
26217,0.40596702694892883
26218,0.3896024227142334
26219,0.39553961157798767
26220,0.3668762445449829
26221,0.4169186055660248
26222,0.4169186055660248
26223,0.4169186055660248
26224,0.4119003415107727
26225,0.42082881927490234
26226,0.3909490704536438
26227,0.5121824741363525
26228,0.5121824741363525
26229,0.28228726983070374
26230,0.26619723439216614
26231,0.6676368117332458
26232,0.6079076528549194
26233,0.5508438944816589
26234,0.4830222427845001
26235,0.3421592116355896
26236,0.24104079604148865
26237,0.7321178317070007
26238,0.3865378201007843
26239,0.2638310194015503
26240,0.47536176443099976
26241,0.3807666599750519
26242,0.3339136838912964
26243,0.3240829110145569
26244,0.4231347143650055
26245,0.4923439621925354
26246,0.39797183871269226
26247,0.3586663007736206
26248,0.25841501355171204
26249,0.24189239740371704
26250,0.19337569177150726
26251,0.48443031311035156
26252,0.39603325724601746
26253,0.19885730743408203
26254,0.21439217031002045
26255,0.19358915090560913
26256,0.2953691780567169
26257,0.22834879159927368
26258,0.2049899697303772
26259,0.19565513730049133
26260,0.26785358786582947
26261,0.1298743188381195
26262,0.12873829901218414
26263,0.17882882058620453
26264,0.18214094638824463
26265,0.17117951810359955
26266,0.15937983989715576
26267,0.20880629122257233
26268,0.1953197717666626
26269,0.162833571434021
26270,0.1931944489479065
26271,0.1988813579082489
26272,0.21180878579616547
26273,0.24854350090026855
26274,0.22662611305713654
26275,0.310362309217453
26276,0.2268165946006775
26277,0.36270081996917725
26278,0.22974029183387756
26279,0.29659906029701233
26280,0.2697466313838959
26281,0.36045515537261963
26282,0.32570862770080566
26283,0.2724092900753021
26284,0.32722026109695435
26285,0.30722641944885254
26286,0.3220211863517761
26287,0.4515237510204315
26288,0.45373111963272095
26289,0.4684283435344696
26290,0.5092018246650696
26291,0.4955529272556305
26292,0.5222307443618774
26293,0.30381038784980774
26294,0.2505859434604645
26295,0.319054514169693
26296,0.18268485367298126
26297,0.207107812166214
26298,0.2922782301902771
26299,0.2747410535812378
26300,0.22293929755687714
26301,0.22335076332092285
26302,0.1998080611228943
26303,0.18806661665439606
26304,0.18928943574428558
26305,0.155849426984787
26306,0.21773512661457062
26307,0.21220086514949799
26308,0.18347874283790588
26309,0.23460276424884796
26310,0.43038249015808105
26311,0.40422242879867554
26312,0.43150922656059265
26313,0.42521193623542786
26314,0.4183366000652313
26315,0.46565237641334534
26316,0.36258307099342346
26317,0.393110066652298
26318,0.4338710606098175
26319,0.35891786217689514
26320,0.25696101784706116
26321,0.28342756628990173
26322,0.47754260897636414
26323,0.47666552662849426
26324,0.462548166513443
26325,0.29536089301109314
26326,0.2669031023979187
26327,0.21967214345932007
26328,0.3060719966888428
26329,0.28205278515815735
26330,0.5007073879241943
26331,0.6594812870025635
26332,0.4438396096229553
26333,0.305671751499176
26334,0.35977742075920105
26335,0.23584811389446259
26336,0.17902477085590363
26337,0.21197949349880219
26338,0.47616520524024963
26339,0.5938822627067566
26340,0.5832343101501465
26341,0.3642757833003998
26342,0.3663937449455261
26343,0.2907581627368927
26344,0.39835208654403687
26345,0.44989752769470215
26346,0.4366856515407562
26347,0.3409765362739563
26348,0.3227180242538452
26349,0.19301001727581024
26350,0.3857620358467102
26351,0.16289925575256348
26352,0.08949338644742966
26353,0.4480136036872864
26354,0.5427913665771484
26355,0.42796269059181213
26356,0.4991381764411926
26357,0.3198730945587158
26358,0.033328015357255936
26359,0.1945662945508957
26360,0.28852543234825134
26361,0.190162792801857
26362,0.18527549505233765
26363,0.21855752170085907
26364,0.23317207396030426
26365,0.21618206799030304
26366,0.279484361410141
26367,0.2978205978870392
26368,0.24880847334861755
26369,0.2413855940103531
26370,0.22053812444210052
26371,0.24060478806495667
26372,0.20708590745925903
26373,0.24977995455265045
26374,0.22934921085834503
26375,0.232441708445549
26376,0.3158620595932007
26377,0.3769221603870392
26378,0.37229210138320923
26379,0.297854483127594
26380,0.2731550633907318
26381,0.31123086810112
26382,0.2849884629249573
26383,0.2782743275165558
26384,0.2909466624259949
26385,0.30951422452926636
26386,0.31616395711898804
26387,0.40139955282211304
26388,0.3447608947753906
26389,0.5085628032684326
26390,0.3705095648765564
26391,0.326831579208374
26392,0.104038305580616
26393,0.11254414916038513
26394,0.38700389862060547
26395,0.17771561443805695
26396,0.20830774307250977
26397,0.22619177401065826
26398,0.37185031175613403
26399,0.568474531173706
26400,0.4015631079673767
26401,0.5471217632293701
26402,0.4892311990261078
26403,0.5536649227142334
26404,0.38212618231773376
26405,0.4032425880432129
26406,0.48620596528053284
26407,0.5392524003982544
26408,0.46134883165359497
26409,0.39096784591674805
26410,0.28051069378852844
26411,0.19549532234668732
26412,0.5603392720222473
26413,0.2363021820783615
26414,0.5609514117240906
26415,0.6387392282485962
26416,0.36497363448143005
26417,0.3535328805446625
26418,0.419100821018219
26419,0.437004417181015
26420,0.5042755007743835
26421,0.31769463419914246
26422,0.4591035842895508
26423,0.35875752568244934
26424,0.264874130487442
26425,0.3406243920326233
26426,0.21086925268173218
26427,0.28814440965652466
26428,0.3911578953266144
26429,0.51149982213974
26430,0.37362444400787354
26431,0.3260352611541748
26432,0.3626045286655426
26433,0.598379909992218
26434,0.18601112067699432
26435,0.2868311107158661
26436,0.23565316200256348
26437,0.18507437407970428
26438,0.316123366355896
26439,0.2494562417268753
26440,0.4329264163970947
26441,0.31167659163475037
26442,0.18820244073867798
26443,0.1617085337638855
26444,0.31094250082969666
26445,0.2705577313899994
26446,0.39230111241340637
26447,0.2422526478767395
26448,0.2585297226905823
26449,0.2962338328361511
26450,0.22586120665073395
26451,0.3557146191596985
26452,0.3251782953739166
26453,0.4284207820892334
26454,0.35278046131134033
26455,0.41642969846725464
26456,0.4243507981300354
26457,0.2515198588371277
26458,0.256313681602478
26459,0.18501941859722137
26460,0.33167174458503723
26461,0.4059262275695801
26462,0.31429123878479004
26463,0.3791235685348511
26464,0.23238390684127808
26465,0.20598110556602478
26466,0.4137842655181885
26467,0.16639344394207
26468,0.29819968342781067
26469,0.2897725999355316
26470,0.2868853211402893
26471,0.31954100728034973
26472,0.27580058574676514
26473,0.44293588399887085
26474,0.33839014172554016
26475,0.34476494789123535
26476,0.3020579516887665
26477,
26478,0.31657788157463074
26479,0.3476082980632782
26480,0.40629488229751587
26481,0.4414657652378082
26482,0.42969417572021484
26483,0.3489064872264862
26484,0.29385843873023987
26485,0.2555309534072876
26486,0.4631035625934601
26487,0.3035354018211365
26488,0.3574660122394562
26489,0.3502737581729889
26490,0.3201616406440735
26491,0.3344365358352661
26492,0.3138680160045624
26493,0.24191273748874664
26494,0.3521013557910919
26495,0.2032998651266098
26496,0.257737934589386
26497,0.20454388856887817
26498,0.4150618314743042
26499,0.3892061412334442
26500,0.3064661920070648
26501,0.33665165305137634
26502,0.33833804726600647
26503,0.3979854881763458
26504,0.44715869426727295
26505,0.31769606471061707
26506,0.32450371980667114
26507,0.3356722593307495
26508,0.16553016006946564
26509,0.16969764232635498
26510,0.21250838041305542
26511,0.200318843126297
26512,0.24339258670806885
26513,0.33955007791519165
26514,0.33061835169792175
26515,0.27042749524116516
26516,0.5661765933036804
26517,0.2500461935997009
26518,0.559724748134613
26519,0.45195695757865906
26520,0.5240504741668701
26521,0.538038969039917
26522,0.39668944478034973
26523,0.4685675799846649
26524,0.652150571346283
26525,0.22956061363220215
26526,0.2376495897769928
26527,0.24557410180568695
26528,0.17263703048229218
26529,0.1552441120147705
26530,0.1860642284154892
26531,0.18961678445339203
26532,0.1290634274482727
26533,0.2338785082101822
26534,0.1432717889547348
26535,0.15661205351352692
26536,0.15572676062583923
26537,0.15267810225486755
26538,0.23294156789779663
26539,0.17502331733703613
26540,0.11031217128038406
26541,0.19576935470104218
26542,0.3439475893974304
26543,0.23304224014282227
26544,0.4291560649871826
26545,0.15669628977775574
26546,0.18604543805122375
26547,0.20542238652706146
26548,0.31962865591049194
26549,0.20906060934066772
26550,0.24735653400421143
26551,0.2138933539390564
26552,0.21003824472427368
26553,0.48272833228111267
26554,0.4227123260498047
26555,0.3887142539024353
26556,0.29389092326164246
26557,0.25225093960762024
26558,0.4735700786113739
26559,0.2832891047000885
26560,0.4810989797115326
26561,0.2647136151790619
26562,0.3419192433357239
26563,0.3730956017971039
26564,0.5898761749267578
26565,0.6006051898002625
26566,0.45284855365753174
26567,0.36156344413757324
26568,0.3566740155220032
26569,0.3497919738292694
26570,0.32047733664512634
26571,0.31927767395973206
26572,0.3923689126968384
26573,0.29160276055336
26574,0.4662855565547943
26575,0.24682193994522095
26576,0.6713476181030273
26577,0.44565945863723755
26578,0.42284950613975525
26579,0.36055150628089905
26580,0.3068816661834717
26581,0.3329477608203888
26582,0.33780211210250854
26583,0.3446483612060547
26584,0.3436291217803955
26585,0.5614537000656128
26586,0.5259607434272766
26587,0.479239284992218
26588,0.47399312257766724
26589,0.40646108984947205
26590,0.44207239151000977
26591,0.44872868061065674
26592,0.3148351311683655
26593,0.37109294533729553
26594,0.571099042892456
26595,0.5564988851547241
26596,0.24553048610687256
26597,0.32510119676589966
26598,0.4341989755630493
26599,0.3352977931499481
26600,0.42441466450691223
26601,0.4516230821609497
26602,0.3010682165622711
26603,0.44206926226615906
26604,0.4505869746208191
26605,0.5125796794891357
26606,0.5940871834754944
26607,0.4341588616371155
26608,0.4810188114643097
26609,0.3508416414260864
26610,0.45266643166542053
26611,0.3428078293800354
26612,0.43785399198532104
26613,0.3397243022918701
26614,0.30871012806892395
26615,0.4598662257194519
26616,0.2325841635465622
26617,0.3198821246623993
26618,0.3332940638065338
26619,0.4346194565296173
26620,0.43375447392463684
26621,0.340287446975708
26622,0.28604257106781006
26623,0.3125339150428772
26624,0.28031426668167114
26625,0.40462303161621094
26626,0.30804330110549927
26627,0.5015950798988342
26628,0.3602486848831177
26629,0.2912184000015259
26630,0.3126080334186554
26631,0.3882450759410858
26632,0.25158366560935974
26633,0.23253469169139862
26634,0.27339890599250793
26635,0.30317050218582153
26636,0.28092265129089355
26637,0.4763692319393158
26638,0.3365241289138794
26639,0.3044109344482422
26640,0.366585910320282
26641,0.4422793686389923
26642,0.446938693523407
26643,0.3765548765659332
26644,0.28521010279655457
26645,0.31099236011505127
26646,0.3148561418056488
26647,0.25929340720176697
26648,0.3471182584762573
26649,0.2840549647808075
26650,0.3080590069293976
26651,0.3139052093029022
26652,0.2784713804721832
26653,0.26020678877830505
26654,0.3229607939720154
26655,0.3445222079753876
26656,0.32745441794395447
26657,0.2470177710056305
26658,0.28867748379707336
26659,0.27505552768707275
26660,0.39882978796958923
26661,0.25173068046569824
26662,0.40813344717025757
26663,0.2594556510448456
26664,0.5269593000411987
26665,0.3755699694156647
26666,0.42838364839553833
26667,0.24807487428188324
26668,0.3069668412208557
26669,0.3307504653930664
26670,0.24484531581401825
26671,0.3511590361595154
26672,0.4135003685951233
26673,0.32305410504341125
26674,0.3794846832752228
26675,0.2237904816865921
26676,0.30128929018974304
26677,0.2011527270078659
26678,0.29285839200019836
26679,0.25693535804748535
26680,0.3932863771915436
26681,0.2935960590839386
26682,0.23387636244297028
26683,0.2535766363143921
26684,0.21080471575260162
26685,0.36183497309684753
26686,0.479337215423584
26687,0.2820042669773102
26688,0.3915775418281555
26689,0.25387686491012573
26690,0.34630656242370605
26691,0.20843486487865448
26692,0.3231697082519531
26693,0.3291049599647522
26694,0.446422278881073
26695,0.26356241106987
26696,0.5329691171646118
26697,0.4562531113624573
26698,0.24411603808403015
26699,0.24733352661132812
26700,0.2918815314769745
26701,0.2726503610610962
26702,0.1603308916091919
26703,0.4530060589313507
26704,0.45987796783447266
26705,0.3366004228591919
26706,0.4106001853942871
26707,0.35201331973075867
26708,0.2893095314502716
26709,0.48435789346694946
26710,0.23395417630672455
26711,0.33991384506225586
26712,0.3494523763656616
26713,0.3340092599391937
26714,0.2901892364025116
26715,0.2931085228919983
26716,0.20806001126766205
26717,0.3142089545726776
26718,0.29206332564353943
26719,0.22617824375629425
26720,0.23755981028079987
26721,0.3831012547016144
26722,0.2106134295463562
26723,0.4895710051059723
26724,0.6084699630737305
26725,0.6885868310928345
26726,0.3420436680316925
26727,0.18357764184474945
26728,0.390107661485672
26729,0.2480677217245102
26730,0.3108042776584625
26731,0.25782132148742676
26732,0.36718371510505676
26733,0.23639154434204102
26734,0.2628459334373474
26735,0.3145981729030609
26736,0.30234432220458984
26737,0.2377079874277115
26738,0.24829477071762085
26739,0.2750388979911804
26740,0.3114408254623413
26741,0.3521718382835388
26742,0.32034727931022644
26743,0.39387816190719604
26744,0.439224511384964
26745,0.41303470730781555
26746,0.5051443576812744
26747,0.3566648066043854
26748,0.343402236700058
26749,0.31660622358322144
26750,0.2954165041446686
26751,0.40643978118896484
26752,0.42956292629241943
26753,0.32833775877952576
26754,0.3651100695133209
26755,0.47926899790763855
26756,0.21007943153381348
26757,0.21864032745361328
26758,0.1875479370355606
26759,0.24513711035251617
26760,0.3645758628845215
26761,0.24350497126579285
26762,0.26597315073013306
26763,0.29911530017852783
26764,0.3158046305179596
26765,0.18021191656589508
26766,0.34191012382507324
26767,0.33008241653442383
26768,0.38790977001190186
26769,0.1745680868625641
26770,0.4495030343532562
26771,0.3668701946735382
26772,0.2748965322971344
26773,0.5112735033035278
26774,0.3720167577266693
26775,0.18784502148628235
26776,0.24446071684360504
26777,0.3296327590942383
26778,0.23366470634937286
26779,0.2550957202911377
26780,0.376169353723526
26781,0.2577556073665619
26782,0.2952463626861572
26783,0.27237066626548767
26784,0.48230430483818054
26785,0.4357215166091919
26786,0.6226181983947754
26787,0.25656211376190186
26788,0.415973037481308
26789,0.40809234976768494
26790,0.41705191135406494
26791,0.46290019154548645
26792,0.26266440749168396
26793,0.36074402928352356
26794,0.3275323808193207
26795,0.44643735885620117
26796,0.3129992187023163
26797,0.2768457233905792
26798,0.2993701994419098
26799,0.2532716989517212
26800,0.31224146485328674
26801,0.3009684681892395
26802,0.4004803001880646
26803,0.3403133451938629
26804,0.36543986201286316
26805,0.21107648313045502
26806,0.2914668917655945
26807,0.29260188341140747
26808,0.31804391741752625
26809,0.42940548062324524
26810,0.29798534512519836
26811,0.30545568466186523
26812,0.5088508725166321
26813,0.3349812626838684
26814,0.4351889193058014
26815,0.3899626135826111
26816,0.29246655106544495
26817,0.4059053063392639
26818,0.33170655369758606
26819,0.37822380661964417
26820,0.4038355052471161
26821,0.4236970543861389
26822,0.2060898244380951
26823,0.3097642958164215
26824,0.27139365673065186
26825,0.35988929867744446
26826,0.242696151137352
26827,0.29300186038017273
26828,0.3460836410522461
26829,0.26392459869384766
26830,0.3918921649456024
26831,0.35969996452331543
26832,0.41052502393722534
26833,0.4140898585319519
26834,0.2921031415462494
26835,0.3911265730857849
26836,0.23680751025676727
26837,0.3226511478424072
26838,0.2601838707923889
26839,0.2262638658285141
26840,0.4415890574455261
26841,0.2671798765659332
26842,0.27244073152542114
26843,0.26790279150009155
26844,0.14383958280086517
26845,0.3799247741699219
26846,0.2915285527706146
26847,0.4298238754272461
26848,0.1912696212530136
26849,0.30171671509742737
26850,0.5042850971221924
26851,0.32663479447364807
26852,0.3076227903366089
26853,0.2513064742088318
26854,0.2517669200897217
26855,0.21426606178283691
26856,0.24017712473869324
26857,0.47061800956726074
26858,0.3254435658454895
26859,0.4176828861236572
26860,0.2688942551612854
26861,0.3783572316169739
26862,0.6007089018821716
26863,0.273937463760376
26864,0.502004086971283
26865,0.5517482161521912
26866,0.3255259692668915
26867,0.3346855342388153
26868,0.33374398946762085
26869,0.4239797294139862
26870,0.439153790473938
26871,0.5744260549545288
26872,0.2985549867153168
26873,0.46890196204185486
26874,0.39737576246261597
26875,0.32613831758499146
26876,0.27005717158317566
26877,0.23765255510807037
26878,0.26723015308380127
26879,0.24576421082019806
26880,0.29746314883232117
26881,0.4505115747451782
26882,0.2887963056564331
26883,0.5898939967155457
26884,0.3259173333644867
26885,0.32034653425216675
26886,0.23446278274059296
26887,0.434957355260849
26888,0.41433948278427124
26889,0.26017242670059204
26890,0.26349419355392456
26891,0.2374403476715088
26892,0.3621923625469208
26893,0.3194805085659027
26894,0.44714078307151794
26895,0.36311256885528564
26896,0.3747975826263428
26897,0.29404330253601074
26898,0.27042174339294434
26899,0.22551332414150238
26900,0.31002649664878845
26901,0.34806740283966064
26902,0.3057324290275574
26903,0.308816522359848
26904,0.3717212975025177
26905,0.37875527143478394
26906,0.45292550325393677
26907,0.35884585976600647
26908,0.2864703834056854
26909,0.28708189725875854
26910,0.31694328784942627
26911,0.3427179157733917
26912,0.36797359585762024
26913,0.3252379298210144
26914,0.26317328214645386
26915,0.2587219774723053
26916,0.3675192594528198
26917,0.36981669068336487
26918,0.3392373323440552
26919,0.3226424753665924
26920,0.3538733124732971
26921,0.4932481050491333
26922,0.36530715227127075
26923,0.2798415422439575
26924,0.1660308539867401
26925,0.282981812953949
26926,0.22476918995380402
26927,0.24440385401248932
26928,0.23676694929599762
26929,0.25554680824279785
26930,0.34654781222343445
26931,0.20263560116291046
26932,0.28651660680770874
26933,0.34273964166641235
26934,0.29365208745002747
26935,0.22445504367351532
26936,0.2404426485300064
26937,0.36784666776657104
26938,0.49462181329727173
26939,0.24223896861076355
26940,0.2621710002422333
26941,0.3481771647930145
26942,0.29799404740333557
26943,0.2844243347644806
26944,0.34132257103919983
26945,0.43854230642318726
26946,0.36538445949554443
26947,0.35509300231933594
26948,0.3490581810474396
26949,0.46885257959365845
26950,0.2648922801017761
26951,0.20109666883945465
26952,0.3437417149543762
26953,0.28948336839675903
26954,0.3454194962978363
26955,0.2965969145298004
26956,0.1795368790626526
26957,0.35251304507255554
26958,0.31515148282051086
26959,0.42567870020866394
26960,0.322933554649353
26961,0.39911743998527527
26962,0.3859749436378479
26963,0.2694319486618042
26964,0.31733107566833496
26965,0.30284324288368225
26966,0.269918292760849
26967,0.29499322175979614
26968,0.20292450487613678
26969,0.41952407360076904
26970,0.37755364179611206
26971,0.22467723488807678
26972,0.4180962145328522
26973,0.33793607354164124
26974,0.26667794585227966
26975,0.27694398164749146
26976,0.42556092143058777
26977,0.28725093603134155
26978,0.43342241644859314
26979,0.3433610200881958
26980,0.3354646861553192
26981,0.2537534832954407
26982,0.3345274329185486
26983,0.2455950379371643
26984,0.5590839982032776
26985,0.23105627298355103
26986,0.16996817290782928
26987,0.37225714325904846
26988,0.35282784700393677
26989,0.3921515941619873
26990,0.2671099305152893
26991,0.26081135869026184
26992,0.2815953493118286
26993,0.2083100974559784
26994,0.22082647681236267
26995,0.2785412073135376
26996,0.33942320942878723
26997,0.21133047342300415
26998,0.33990445733070374
26999,0.5633851885795593
27000,0.59414142370224
27001,0.6430236101150513
27002,0.5201182961463928
27003,0.37669527530670166
27004,0.5735775232315063
27005,0.35669881105422974
27006,0.34750089049339294
27007,0.362481027841568
27008,0.251240074634552
27009,0.28218406438827515
27010,0.41088756918907166
27011,0.3103162944316864
27012,0.2796364724636078
27013,0.2226763367652893
27014,0.25396716594696045
27015,0.3635222911834717
27016,0.23183298110961914
27017,0.4526917338371277
27018,0.23919187486171722
27019,0.2840609848499298
27020,0.35956719517707825
27021,0.281440794467926
27022,0.45629721879959106
27023,0.38278695940971375
27024,0.4017864167690277
27025,0.3026285767555237
27026,0.42921796441078186
27027,0.2776024639606476
27028,0.45099130272865295
27029,0.43889734148979187
27030,0.2671080231666565
27031,0.3431302011013031
27032,0.3082807958126068
